ID,Lat,Lon,Use,RoadID,RiverID,ReqSpan,ReqWidth,Skew,RoadClass,AADT,HGV,RoadCrossedId,DistCoast_km,IsGritted,CoastalZone,ScourRisk,ReqSpans,AssignedType
1,54.4854951064168,-6.35375199856913,Road_River,2,7368,7.5,26,58.5,MOTORWAY,44700,15,,30.62,1,Inland,Medium,2,Masonry_Arch
2,54.4851642785549,-6.35167904681036,Road_River,3,7368,5.1,26,33.5,MOTORWAY,44700,15,,30.51,1,Inland,Low,1,RC_Slab
3,54.8757575807196,-6.25292526465787,Road_River,4,5575,11.4,26,7.3,MOTORWAY,44700,15,,20.73,1,Inland,High,2,RC_Slab
4,54.6554397285728,-5.90550807921986,Road_River,19,12251,4.3,26,7.8,MOTORWAY,44700,15,,0.05,1,Marine,Low,1,Masonry_Arch
5,54.6509708683345,-5.91087261972365,Road_River,19,12252,2.1,26,8.09999999999999,MOTORWAY,44700,15,,0.04,1,Marine,Low,1,Masonry_Arch
6,54.6796716254528,-5.97810044055561,Road_River,20,6762,1.1,26,5.09999999999999,MOTORWAY,44700,15,,5.25,1,Inland,Low,1,Culvert
7,54.5772940165045,-5.97162721295585,Road_River,25,11592,2.4,26,8.2,MOTORWAY,44700,15,,4.09,1,Coastal,Low,1,Masonry_Arch
8,54.5707369111951,-5.9850690589603,Road_River,26,11590,1.9,26,1.2,MOTORWAY,44700,15,,5.22,1,Inland,Low,1,Masonry_Arch
9,54.5671772475727,-5.99135787309759,Road_River,26,11591,3,26,29.2,MOTORWAY,44700,15,,5.78,1,Inland,Low,1,Masonry_Arch
10,54.5871707122072,-5.96023185664401,Road_River,27,11587,45.3,26,75,MOTORWAY,44700,15,,2.87,1,Coastal,High,8,Bespoke_Viaduct
11,54.6681209547707,-5.95918359534055,Road_River,29,11500,1.2,26,17.9,MOTORWAY,44700,15,,3.69,1,Coastal,Low,1,Culvert
12,54.6581403038646,-5.93431247933189,Road_River,29,12252,2.6,26,2.40000000000001,MOTORWAY,44700,15,,1.74,1,Coastal,Low,1,Masonry_Arch
13,54.7281724683593,-6.16890161793569,Road_River,35,6455,2.9,26,24,MOTORWAY,44700,15,,18.57,1,Inland,Low,1,Masonry_Arch
14,54.4918512779559,-6.63996360187903,Road_River,41,2787,86,26,23.5,MOTORWAY,44700,15,,47.84,1,Inland,High,3,Bespoke_Viaduct
15,54.480719937968,-6.56310058095838,Road_River,52,7382,13.3,26,38.7,MOTORWAY,44700,15,,43.42,1,Inland,Low,3,Masonry_Arch
16,54.4810201508518,-6.55510440437693,Road_River,52,7384,1.9,26,0.599999999999994,MOTORWAY,44700,15,,42.92,1,Inland,Low,1,Masonry_Arch
17,54.4673610947858,-6.40464385090415,Road_River,63,7498,9.1,26,36.1,MOTORWAY,44700,15,,34.44,1,Inland,Low,2,RC_Slab
18,54.4669330367335,-6.4326176275989,Road_River,64,7373,49.6,26,0,MOTORWAY,44700,15,,36.1,1,Inland,High,9,Bespoke_Viaduct
19,54.4689314889797,-6.44738933496546,Road_River,64,7374,5.7,26,65.9,MOTORWAY,44700,15,,36.88,1,Inland,Low,1,RC_Slab
20,54.4764191351875,-6.48646137278364,Road_River,64,7377,5.1,26,29.9,MOTORWAY,44700,15,,38.91,1,Inland,Low,1,RC_Slab
21,54.7441493708017,-6.21398628542756,Road_River,72,6596,6.9,26,59.9,MOTORWAY,44700,15,,21.91,1,Inland,Medium,2,Masonry_Arch
22,54.7428095864671,-6.20578075014214,Road_River,72,6600,1.2,26,34.5,MOTORWAY,44700,15,,21.37,1,Inland,Low,1,Culvert
23,54.7450450110697,-6.20898834648943,Road_River,73,6596,6.6,26,52.4,MOTORWAY,44700,15,,21.65,1,Inland,Medium,2,Masonry_Arch
24,54.7414941309136,-6.19531572553151,Road_River,73,6598,4.2,26,52.3,MOTORWAY,44700,15,,20.69,1,Inland,Low,1,Masonry_Arch
25,54.613919743007,-5.9211715139719,Road_River,78,12263,3.9,26,25.3,MOTORWAY,44700,15,,0.21,1,Marine,Low,1,Masonry_Arch
26,54.4953266612927,-6.05084687223164,Road_River,85,11727,14.9,26,47.6,MOTORWAY,44700,15,,14.28,1,Inland,Medium,1,Bespoke_Viaduct
27,54.49251119587,-6.3114351838256,Road_River,87,7333,4.1,26,24.6,MOTORWAY,44700,15,,27.82,1,Inland,Low,1,Masonry_Arch
28,54.4883531355799,-6.34241557776916,Road_River,87,7336,1.7,26,15.2,MOTORWAY,44700,15,,29.82,1,Inland,Low,1,Culvert
29,54.4759296679277,-6.38014465025404,Road_River,94,7444,2.3,26,23.2,MOTORWAY,44700,15,,32.61,1,Inland,Low,1,Masonry_Arch
30,54.477093399269,-6.37709403990073,Road_River,94,7491,2,26,2.59999999999999,MOTORWAY,44700,15,,32.38,1,Inland,Low,1,Masonry_Arch
31,54.4852723209492,-6.35237057740439,Road_River,95,7368,5.2,26,45.4,MOTORWAY,44700,15,,30.55,1,Inland,Medium,1,RC_Slab
32,54.6803601116162,-5.9810938576142,Road_River,99,6762,1.3,26,44.3,MOTORWAY,44700,15,,5.45,1,Inland,Low,1,Culvert
33,54.6800529270467,-5.97979741298336,Road_River,100,6762,2.8,26,60.3,MOTORWAY,44700,15,,5.36,1,Inland,Low,1,Masonry_Arch
34,54.7455373959825,-6.2378387741484,Road_River,101,6602,6.3,26,75,MOTORWAY,44700,15,,23.4,1,Inland,Medium,2,Masonry_Arch
35,54.744193280805,-6.23838037924439,Road_River,102,6602,1.8,26,5.09999999999999,MOTORWAY,44700,15,,23.38,1,Inland,Low,1,Culvert
36,54.4678448460777,-6.40436724912144,Road_River,106,7498,12.1,26,28.7,MOTORWAY,44700,15,,34.4,1,Inland,Low,3,Masonry_Arch
37,54.8867827943847,-6.27611118352844,Road_River,110,5365,8.3,26,75,MOTORWAY,44700,15,,21.35,1,Inland,Low,2,Masonry_Arch
38,54.8861533802302,-6.27304832092174,Road_River,110,5365,2,26,43.8,MOTORWAY,44700,15,,21.21,1,Inland,Low,1,Masonry_Arch
39,54.8519759385272,-6.24992055407357,Road_River,112,5674,5.9,26,42.5,MOTORWAY,44700,15,,22.19,1,Inland,Medium,1,RC_Slab
40,54.8703712142563,-6.24992009543231,Road_River,112,5678,6.5,26,49.1,MOTORWAY,44700,15,,20.92,1,Inland,Medium,1,RC_Slab
41,54.8909979516165,-6.29160923771939,Road_River,116,5365,5.2,26,70.9,MOTORWAY,44700,15,,22,1,Inland,Low,1,RC_Slab
42,54.8898696331417,-6.28893465531857,Road_River,116,5365,3.4,26,62.4,MOTORWAY,44700,15,,21.91,1,Inland,Low,1,Masonry_Arch
43,54.4819887654894,-6.09977033917416,Road_River,119,8199,5.3,26,44.2,MOTORWAY,44700,15,,17.41,1,Inland,Medium,1,RC_Slab
44,54.470209734152,-6.14381533737181,Road_River,119,8201,3.9,26,6.3,MOTORWAY,44700,15,,20.3,1,Inland,Low,1,Masonry_Arch
45,54.4747732222877,-6.13145694231406,Road_River,119,8205,2.5,26,33.1,MOTORWAY,44700,15,,19.38,1,Inland,Low,1,Masonry_Arch
46,54.4884546974538,-6.0848904799311,Road_River,119,11731,3.3,26,57,MOTORWAY,44700,15,,16.24,1,Inland,Low,1,Masonry_Arch
47,54.4766266276864,-6.18951996597376,Road_River,119,11738,17.1,26,4.5,MOTORWAY,44700,15,,22.03,1,Inland,Medium,1,Bespoke_Viaduct
48,54.4668214688,-6.40488761469438,Road_River,120,7498,14.7,26,51.4,MOTORWAY,44700,15,,34.48,1,Inland,Medium,3,RC_Slab
49,54.4801644237603,-6.7422264319793,Road_River,122,7401,3.7,26,11.5,MOTORWAY,44700,15,,51.88,1,Inland,Low,1,Masonry_Arch
50,54.4949188662401,-6.6919464536307,Road_River,123,2790,4.4,26,31.4,MOTORWAY,44700,15,,51.01,1,Inland,Low,1,Masonry_Arch
51,54.488486640582,-6.72301062580681,Road_River,123,2793,1.4,26,13.1,MOTORWAY,44700,15,,51.92,1,Inland,Low,1,Culvert
52,54.4936305079167,-6.708408242193,Road_River,123,7395,3.9,26,26.2,MOTORWAY,44700,15,,51.87,1,Inland,Low,1,Masonry_Arch
53,54.4820980802672,-6.51710111233313,Road_River,124,7345,3.9,26,26.2,MOTORWAY,44700,15,,40.56,1,Inland,Low,1,Masonry_Arch
54,54.8969840724645,-6.30952942357243,Road_River,143,5368,1.4,26,33.9,MOTORWAY,44700,15,,22.74,1,Inland,Low,1,Culvert
55,54.7412444685172,-6.19865234100042,Road_River,144,6598,2.3,26,60.5,MOTORWAY,44700,15,,20.87,1,Inland,Low,1,Masonry_Arch
56,54.7027491290215,-6.04500855423307,Road_River,148,6700,8.6,26,21.7,MOTORWAY,44700,15,,10.1,1,Inland,Low,1,RC_Slab
57,54.7024998173765,-6.04388975960452,Road_River,148,6700,11.9,26,10.1,MOTORWAY,44700,15,,10.02,1,Inland,Low,2,RC_Slab
58,54.6802385479605,-5.98059411031032,Road_River,149,6762,2.5,26,53.2,MOTORWAY,44700,15,,5.42,1,Inland,Low,1,Masonry_Arch
59,54.7150588314676,-6.0911007683291,Road_River,151,6671,51,26,41.8,MOTORWAY,44700,15,,13.36,1,Inland,High,9,Bespoke_Viaduct
60,54.7218569279499,-6.14588308425598,Road_River,151,6672,2.2,26,5.40000000000001,MOTORWAY,44700,15,,16.93,1,Inland,Low,1,Masonry_Arch
61,54.7195975204905,-6.12185456063277,Road_River,151,6701,2.3,26,9.09999999999999,MOTORWAY,44700,15,,15.39,1,Inland,Low,1,Masonry_Arch
62,54.5099672871832,-6.02223043708437,Road_River,155,8612,1.7,26,35.1,MOTORWAY,44700,15,,11.9,1,Inland,Low,1,Culvert
63,54.5429558925672,-5.99376760975849,Road_River,155,11649,35.4,26,5.5,MOTORWAY,44700,15,,7.84,1,Inland,High,6,Bespoke_Viaduct
64,54.8748538295569,-6.25493706814859,Road_River,156,5575,22,26,10.9,MOTORWAY,44700,15,,20.9,1,Inland,High,4,Bespoke_Viaduct
65,54.8954297026031,-6.30881276066877,Road_River,160,5368,2.5,26,8.5,MOTORWAY,44700,15,,22.78,1,Inland,Low,1,Masonry_Arch
66,54.7434098436671,-6.26568605927039,Road_River,164,6604,4.6,26,18.6,MOTORWAY,44700,15,,25.01,1,Inland,Low,1,RC_Slab
67,54.7428890328145,-6.31288603338119,Road_River,165,6605,2,26,16.7,MOTORWAY,44700,15,,27.83,1,Inland,Low,1,Masonry_Arch
68,54.7428544698034,-6.31450880801267,Road_River,165,6608,32.7,26,46.9,MOTORWAY,44700,15,,27.92,1,Inland,High,6,Bespoke_Viaduct
69,54.744770037533,-6.23847171459782,Road_River,166,6602,1.9,26,1.09999999999999,MOTORWAY,44700,15,,23.41,1,Inland,Low,1,Masonry_Arch
70,54.2967627205078,-7.85796195190737,Road_River,190,14961,1.7,10,34.4,A_CLASS,9965,5,,91.53,1,Inland,Low,1,Culvert
71,54.2942885725496,-7.87325449722084,Road_River,193,14967,24.3,10,7.3,A_CLASS,9965,5,,92.19,1,Inland,High,5,Bespoke_Viaduct
72,54.300248090485,-7.47619705500242,Road_River,196,14877,13.7,10,8.3,A_CLASS,12945,5,,80.96,1,Inland,High,3,RC_Slab
73,54.3031249728368,-7.48234631259181,Road_River,196,14885,6.9,10,55.1,A_CLASS,12945,5,,81.43,1,Inland,Medium,2,Masonry_Arch
74,54.2801406644123,-7.63537534266764,Road_River,197,15150,2.4,10,55.4,A_CLASS,7878,5,,88.31,1,Inland,Low,1,Masonry_Arch
75,54.2869124177011,-7.63403982991615,Road_River,197,17263,2.7,10,17,A_CLASS,7878,5,,87.57,1,Inland,Low,1,Masonry_Arch
76,54.2678755221502,-7.63887601010236,Road_River,198,15261,2.6,10,4.3,A_CLASS,8773,5,,89.68,1,Inland,Low,1,Masonry_Arch
77,54.2948118975707,-7.46533426633803,Road_River,200,15105,24.9,10,11.2,A_CLASS,12945,5,,80.13,1,Inland,High,5,Bespoke_Viaduct
78,54.2960269661728,-7.45421627127528,Road_River,201,14879,14,10,14.5,A_CLASS,12945,5,,79.47,1,Inland,High,3,RC_Slab
79,54.4943119977296,-7.67641668937761,Road_River,207,13861,5.3,10,50.5,A_CLASS,7878,5,,66.74,1,Inland,Medium,1,RC_Slab
80,54.502156864476,-7.68404587972697,Road_River,208,13870,3,10,16.7,A_CLASS,12945,5,,66.14,1,Inland,Low,1,Masonry_Arch
81,54.3468377905765,-7.64548614197034,Road_River,209,14591,71.9,10,18.6,A_CLASS,12647,5,,81.4,1,Inland,High,3,Bespoke_Viaduct
82,54.343445390476,-7.63499542942933,Road_River,211,14594,2.4,10,6.90000000000001,A_CLASS,12647,5,,81.56,1,Inland,Low,1,Masonry_Arch
83,54.5474206392582,-7.82491172544016,Road_River,212,13718,2,10,10.8,A_CLASS,8773,5,,66.06,1,Inland,Low,1,Masonry_Arch
84,54.5463538309149,-7.817787489648,Road_River,213,13716,4,10,38.2,A_CLASS,8773,5,,65.91,1,Inland,Low,1,Masonry_Arch
85,54.5448849320108,-7.77226501157293,Road_River,214,13770,11.4,10,4,A_CLASS,7580,5,,64.52,1,Inland,Low,1,Bespoke_Viaduct
86,54.5467358301872,-7.78403623352522,Road_River,214,13775,1.9,10,40.5,A_CLASS,7580,5,,64.73,1,Inland,Low,1,Masonry_Arch
87,54.2376852421184,-7.4248126001272,Road_River,225,15457,28.4,10,37.1,A_CLASS,10561,5,,76.12,1,Inland,Medium,1,Bespoke_Viaduct
88,54.2340844314285,-7.42242539495498,Road_River,225,15458,3.8,10,1.2,A_CLASS,10561,5,,75.89,1,Inland,Low,1,Masonry_Arch
89,54.1624200370005,-7.53460946499126,Road_River,226,16142,2,10,39,A_CLASS,8773,5,,81.98,1,Inland,Low,1,Masonry_Arch
90,54.5045208601629,-7.95882312997646,Road_River,234,13875,3.6,10,28.3,A_CLASS,9071,5,,74.9,1,Inland,Low,1,Masonry_Arch
91,54.506237305638,-7.9463015180503,Road_River,234,13876,1.7,10,8.7,A_CLASS,9071,5,,74.27,1,Inland,Low,1,Culvert
92,54.5014536573944,-7.97085600228045,Road_River,235,13877,10.5,10,19,A_CLASS,9071,5,,75.64,1,Inland,Medium,1,Bespoke_Viaduct
93,54.1837093722825,-7.55587207051826,Road_River,236,15941,3.3,10,56.2,A_CLASS,7580,5,,83.56,1,Inland,Low,1,Masonry_Arch
94,54.2300639233008,-7.61267080903157,Road_River,237,13285,48.3,10,22,A_CLASS,7580,5,,87.88,1,Inland,High,2,Bespoke_Viaduct
95,54.2077644893539,-7.58885475269214,Road_River,238,15604,2.6,10,5.8,A_CLASS,7878,5,,86,1,Inland,Low,1,Masonry_Arch
96,54.1889614122891,-7.56260804423489,Road_River,239,15941,1.1,10,7,A_CLASS,9667,5,,84.06,1,Inland,Low,1,Culvert
97,54.5084747416242,-7.70738157858227,Road_River,244,13871,3.2,10,1.2,A_CLASS,12945,5,,66.13,1,Inland,Low,1,Masonry_Arch
98,54.4877607851937,-7.57926077252495,Road_River,245,13902,3.1,10,55.5,A_CLASS,9369,5,,65.2,1,Inland,Low,1,Masonry_Arch
99,54.4843141369753,-7.5844003986302,Road_River,245,13907,1.7,10,58.2,A_CLASS,9369,5,,65.67,1,Inland,Low,1,Culvert
100,54.4791076601192,-7.60297550066923,Road_River,245,13909,4.5,10,55.8,A_CLASS,9369,5,,66.6,1,Inland,Medium,1,Masonry_Arch
101,54.4897730588276,-7.57321261654891,Road_River,246,13851,3.1,10,50.6,A_CLASS,9369,5,,64.87,1,Inland,Medium,1,Masonry_Arch
102,54.4672630072432,-8.01348933427771,Road_River,249,13988,4,10,14,A_CLASS,10561,5,,80.33,1,Inland,Low,1,Masonry_Arch
103,54.2976736639387,-7.81391979083762,Road_River,254,14941,1.5,10,0,A_CLASS,8475,5,,90.29,1,Inland,Low,1,Culvert
104,54.2989713919601,-7.78966880382138,Road_River,254,14945,3.8,10,35.8,A_CLASS,8475,5,,89.56,1,Inland,Low,1,Masonry_Arch
105,54.2968164961562,-7.80447527535762,Road_River,254,14946,2,10,6.2,A_CLASS,8475,5,,90.14,1,Inland,Low,1,Masonry_Arch
106,54.2979144417747,-7.79486548218522,Road_River,254,14949,3.1,10,50,A_CLASS,8475,5,,89.79,1,Inland,Low,1,Masonry_Arch
107,54.2979744544994,-7.82004118846652,Road_River,254,14958,1.4,10,13.9,A_CLASS,8475,5,,90.41,1,Inland,Low,1,Culvert
108,54.2985920567821,-7.83018594366438,Road_River,254,14959,2.2,10,21.9,A_CLASS,8475,5,,90.61,1,Inland,Low,1,Masonry_Arch
109,54.2966803862447,-7.84381482881921,Road_River,255,14956,5,10,45,A_CLASS,6388,5,,91.16,1,Inland,Medium,1,RC_Slab
110,54.2526412341575,-7.69973105704263,Road_River,256,15377,2.3,10,12.9,A_CLASS,9369,5,,92.42,1,Inland,Low,1,Masonry_Arch
111,54.2279800447584,-7.69566589620494,Road_River,256,15462,1.7,10,4.59999999999999,A_CLASS,9369,5,,93.13,1,Inland,Low,1,Culvert
112,54.2361047032273,-7.69888306012608,Road_River,256,15463,2.9,10,52.8,A_CLASS,9369,5,,93.47,1,Inland,Medium,1,Masonry_Arch
113,54.2492384616773,-7.70081203480369,Road_River,256,15464,1.5,10,30.1,A_CLASS,9369,5,,92.81,1,Inland,Low,1,Culvert
114,54.2479973441997,-7.70170103067294,Road_River,256,15464,4.7,10,57.4,A_CLASS,9369,5,,92.95,1,Inland,Low,1,RC_Slab
115,54.2449035478183,-7.70210644523895,Road_River,256,15464,2.4,10,60.6,A_CLASS,9369,5,,93.29,1,Inland,Low,1,Masonry_Arch
116,54.3051314739757,-7.74507962229793,Road_River,259,14926,2.8,10,32.6,A_CLASS,10263,5,,87.87,1,Inland,Low,1,Masonry_Arch
117,54.3467965176213,-7.34578669416961,Road_River,263,14405,1.9,10,3,A_CLASS,11157,5,,74.62,1,Inland,Low,1,Masonry_Arch
118,54.3494343424339,-7.3431948036668,Road_River,263,14406,2.7,10,5,A_CLASS,11157,5,,74.57,1,Inland,Low,1,Masonry_Arch
119,54.3399450564702,-7.35927117212294,Road_River,264,14560,20.4,10,6.40000000000001,A_CLASS,11157,5,,75.16,1,Inland,Medium,1,Bespoke_Viaduct
120,54.5470532068252,-7.40072821105041,Road_River,267,2588,1.7,10,1.8,A_CLASS,12051,5,,56,1,Inland,Low,1,Culvert
121,54.5032284399996,-7.52919560744112,Road_River,271,13845,2.1,10,58.9,A_CLASS,9965,5,,62.62,1,Inland,Low,1,Masonry_Arch
122,54.5057907059329,-7.50592123994703,Road_River,271,13846,3.7,10,44.3,A_CLASS,9965,5,,61.96,1,Inland,Low,1,Masonry_Arch
123,54.4994722000704,-7.53780628039487,Road_River,271,13848,1.3,10,47.5,A_CLASS,9965,5,,63.17,1,Inland,Low,1,Culvert
124,54.3423072651852,-7.62781896186029,Road_River,272,14594,2.5,10,24.8,A_CLASS,12647,5,,81.55,1,Inland,Low,1,Masonry_Arch
125,54.3407697683582,-7.64764551258303,Road_River,273,14592,5.7,10,46.6,A_CLASS,12647,5,,82.09,1,Inland,Medium,1,RC_Slab
126,54.3318608830329,-7.66111556897275,Road_River,275,14598,2.8,10,27.9,A_CLASS,12647,5,,83.29,1,Inland,Low,1,Masonry_Arch
127,54.3834220001663,-7.63731133766347,Road_River,277,17070,1.5,10,46.3,A_CLASS,9965,5,,77.37,1,Inland,Low,1,Culvert
128,54.3676730589369,-7.68038312267636,Road_River,279,14462,1.9,10,31.3,A_CLASS,8773,5,,79.92,1,Inland,Low,1,Masonry_Arch
129,54.317881138985,-7.57003747198236,Road_River,280,14746,1.4,10,2.7,A_CLASS,13840,5,,83.18,1,Inland,Low,1,Culvert
130,54.2101218556539,-7.70443435681868,Road_River,289,15618,10.9,10,16.6,A_CLASS,9369,5,,93.42,1,Inland,Low,2,RC_Slab
131,54.2671912348056,-7.70416005354506,Road_River,290,15267,10.7,10,45.8,A_CLASS,8475,5,,90.97,1,Inland,Medium,2,RC_Slab
132,54.2565900064671,-7.69896599223701,Road_River,290,15375,3.1,10,34.9,A_CLASS,8475,5,,91.99,1,Inland,Low,1,Masonry_Arch
133,54.508148025902,-7.93396884612435,Road_River,294,13829,1.3,10,13.2,A_CLASS,6388,5,,73.63,1,Inland,Low,1,Culvert
134,54.3482948350911,-7.63991098517962,Road_River,298,14456,2.3,10,5.2,A_CLASS,12647,5,,81.14,1,Inland,Low,1,Masonry_Arch
135,54.3872596221494,-7.69735587351541,Road_River,303,14345,1.6,10,45.1,A_CLASS,8773,5,,78.26,1,Inland,Low,1,Culvert
136,54.3753692603405,-7.68795427900058,Road_River,303,14346,2,10,54.3,A_CLASS,8773,5,,79.28,1,Inland,Low,1,Masonry_Arch
137,54.3178987810607,-7.58362652604003,Road_River,307,14748,24.7,10,2.7,A_CLASS,12051,5,,83.4,1,Inland,High,5,Bespoke_Viaduct
138,54.4572206527879,-7.62823963916778,Road_River,309,13957,8.2,10,66.8,A_CLASS,9369,5,,69.43,1,Inland,Medium,2,Masonry_Arch
139,54.4734748011822,-7.63024641505857,Road_River,312,13955,4.2,10,41.1,A_CLASS,9071,5,,67.78,1,Inland,Medium,1,Masonry_Arch
140,54.5308129555092,-7.42841683824322,Road_River,315,2640,11.7,10,5.7,A_CLASS,11455,5,,58.11,1,Inland,High,2,RC_Slab
141,54.5353382859765,-7.42163700675679,Road_River,318,2816,4.4,10,22.3,A_CLASS,13243,5,,57.53,1,Inland,Low,1,Masonry_Arch
142,54.5422307360617,-7.41364952462978,Road_River,318,2818,4.7,10,44.4,A_CLASS,13243,5,,56.68,1,Inland,Medium,1,RC_Slab
143,54.513942885055,-7.45754840689209,Road_River,319,2954,2.6,10,11.3,A_CLASS,16224,5,,60.33,1,Inland,Low,1,Masonry_Arch
144,54.4842408749092,-7.66048117376403,Road_River,329,13913,11.6,10,45.7,A_CLASS,9965,5,,67.37,1,Inland,Medium,1,Bespoke_Viaduct
145,54.4370293384829,-7.62575029022342,Road_River,330,14032,4.7,10,54.7,A_CLASS,9369,5,,71.49,1,Inland,Medium,1,RC_Slab
146,54.434461644104,-7.62530871201997,Road_River,330,14131,2.9,10,54.1,A_CLASS,9369,5,,71.75,1,Inland,Medium,1,Masonry_Arch
147,54.2959648651449,-7.45418380549696,Road_River,335,14879,14.3,10,21.1,A_CLASS,12945,5,,79.47,1,Inland,Medium,1,Bespoke_Viaduct
148,54.2165449026182,-7.40150220215076,Road_River,337,15571,1.1,10,12.5,A_CLASS,8176,5,,74.21,1,Inland,Low,1,Culvert
149,54.1921915604079,-7.5665840272484,Road_River,341,15770,2.1,10,10.9,A_CLASS,9667,5,,84.35,1,Inland,Low,1,Masonry_Arch
150,54.5125993164157,-7.46018786177998,Road_River,344,2951,3.3,10,47.6,A_CLASS,16224,5,,60.51,1,Inland,Medium,1,Masonry_Arch
151,54.5498607851896,-7.39154386809762,Road_River,347,2585,1.8,10,26.3,A_CLASS,12051,5,,55.6,1,Inland,Low,1,Culvert
152,54.5506432247488,-7.38934477264645,Road_River,347,2587,1.4,10,45.7,A_CLASS,12051,5,,55.49,1,Inland,Low,1,Culvert
153,54.4575730132428,-7.82615502464294,Road_River,350,14043,2.5,10,4.40000000000001,A_CLASS,7878,5,,74.66,1,Inland,Low,1,Masonry_Arch
154,54.462833116348,-7.83251012138552,Road_River,352,17081,11.8,10,11.8,A_CLASS,7580,5,,74.35,1,Inland,Low,1,Bespoke_Viaduct
155,54.4675792224802,-7.6268613638975,Road_River,356,13958,8.5,10,20.4,A_CLASS,9071,5,,68.32,1,Inland,Low,2,Masonry_Arch
156,54.4164574861007,-7.62635883688844,Road_River,359,14199,17.8,10,2.90000000000001,A_CLASS,9369,5,,73.67,1,Inland,High,3,RC_Slab
157,54.401990313636,-7.62873242231085,Road_River,361,14185,6.9,10,13.2,A_CLASS,9369,5,,75.24,1,Inland,Low,1,RC_Slab
158,54.536587825269,-7.7503506493646,Road_River,366,13769,25.3,10,5.59999999999999,A_CLASS,9965,5,,64.62,1,Inland,High,5,Bespoke_Viaduct
159,54.3108364707196,-7.42621755853327,Road_River,372,14864,1.7,10,20.2,A_CLASS,14138,5,,78.21,1,Inland,Low,1,Culvert
160,54.3162124451344,-7.40917911813431,Road_River,375,14722,1.4,10,40.1,A_CLASS,11157,5,,77.34,1,Inland,Low,1,Culvert
161,54.3144001464846,-7.51677328845608,Road_River,376,14888,2.4,10,15.2,A_CLASS,8176,5,,82.78,1,Inland,Low,1,Masonry_Arch
162,54.3177569355691,-7.5319977578741,Road_River,377,14741,2.4,10,47.2,A_CLASS,13840,5,,82.63,1,Inland,Low,1,Masonry_Arch
163,54.347279666475,-7.64542997510454,Road_River,380,14591,59.3,10,0.599999999999994,A_CLASS,12647,5,,81.35,1,Inland,Medium,1,Bespoke_Viaduct
164,54.1327956875236,-7.48803275934092,Road_River,387,16309,1.6,10,1.59999999999999,A_CLASS,6388,5,,78.78,1,Inland,Low,1,Culvert
165,54.2963640351279,-7.46046608587309,Road_River,390,15105,22.6,10,22.3,A_CLASS,12945,5,,79.87,1,Inland,High,4,Bespoke_Viaduct
166,54.2862746572602,-7.46585796680928,Road_River,391,15111,1.2,10,22.2,A_CLASS,8773,5,,79.91,1,Inland,Low,1,Culvert
167,54.5117175558396,-7.46335084164952,Road_River,392,2951,10,10,64.3,A_CLASS,16224,5,,60.65,1,Inland,Medium,2,RC_Slab
168,54.5106944042044,-7.46737461500488,Road_River,392,2951,7.1,10,52.2,A_CLASS,16224,5,,60.82,1,Inland,Medium,2,Masonry_Arch
169,54.5118563577668,-7.46055910034347,Road_River,394,2951,3.5,10,21.1,A_CLASS,16224,5,,60.6,1,Inland,Low,1,Masonry_Arch
170,54.3085780352009,-7.68560891579122,Road_River,402,14756,10.2,10,7.3,A_CLASS,8773,5,,86.24,1,Inland,Medium,1,Bespoke_Viaduct
171,54.312737996271,-7.6433912742772,Road_River,404,14754,1.6,10,33.2,A_CLASS,7878,5,,84.98,1,Inland,Low,1,Culvert
172,54.3064135524872,-7.64494567705153,Road_River,404,14915,1.6,10,12.4,A_CLASS,7878,5,,85.68,1,Inland,Low,1,Culvert
173,54.4668683247212,-8.04071445379755,Road_River,405,13993,6.5,10,52.1,A_CLASS,9071,5,,81.42,1,Inland,Medium,2,Masonry_Arch
174,54.390223484547,-7.69965216593505,Road_River,408,14255,1.1,10,33.6,A_CLASS,6090,5,,78,1,Inland,Low,1,Culvert
175,54.7364272415524,-7.43268973533984,Road_River,416,1377,19.1,10,6.90000000000001,A_CLASS,11753,5,,36.03,1,Inland,High,4,RC_Slab
176,54.7592084641664,-7.45468036542431,Road_River,419,1262,1.9,10,50.4,A_CLASS,14734,5,,34.11,1,Inland,Low,1,Masonry_Arch
177,54.7670331811923,-7.46849756798819,Road_River,420,1158,9.3,10,7.3,A_CLASS,14734,5,,33.63,1,Inland,Low,2,RC_Slab
178,54.2768586662167,-7.63726384030363,Road_River,425,15148,46,10,20.3,A_CLASS,8773,5,,88.7,1,Inland,High,8,Bespoke_Viaduct
179,54.798819064027,-7.47514866444127,Road_River,429,1024,2.1,10,10.8,A_CLASS,14734,5,,30.6,1,Inland,Low,1,Masonry_Arch
180,54.2570763429866,-7.4496667826715,Road_River,438,15345,1.9,10,24.4,A_CLASS,16224,5,,78.13,1,Inland,Low,1,Masonry_Arch
181,54.3127305773707,-7.71423310799219,Road_River,440,14923,2.3,10,33.9,A_CLASS,10263,5,,86.4,1,Inland,Low,1,Masonry_Arch
182,54.4395630736339,-7.79370435555185,Road_River,441,14042,1.7,10,32.1,A_CLASS,9071,5,,75.45,1,Inland,Low,1,Culvert
183,54.4503515284906,-7.8071188673272,Road_River,441,17082,2.5,10,24.6,A_CLASS,9071,5,,74.78,1,Inland,Low,1,Masonry_Arch
184,54.4258634634156,-7.75953596395384,Road_River,442,14135,3.4,10,68.3,A_CLASS,10859,5,,75.86,1,Inland,Low,1,Masonry_Arch
185,54.4024735371166,-7.71743279687705,Road_River,442,14254,3.6,10,0.299999999999997,A_CLASS,10859,5,,77.16,1,Inland,Low,1,Masonry_Arch
186,54.3186969745211,-7.69881061758521,Road_River,443,14761,1.5,10,33.9,A_CLASS,11753,5,,85.44,1,Inland,Low,1,Culvert
187,54.3172381119226,-7.70068455174646,Road_River,443,14764,26,10,53.1,A_CLASS,11753,5,,85.64,1,Inland,High,5,Bespoke_Viaduct
188,54.4703318554541,-7.83812280535489,Road_River,444,17080,2.1,10,8.8,A_CLASS,7580,5,,73.8,1,Inland,Low,1,Masonry_Arch
189,54.4708703264906,-7.86318253448558,Road_River,445,13965,2.3,10,9.40000000000001,A_CLASS,6090,5,,74.57,1,Inland,Low,1,Masonry_Arch
190,54.4731062832652,-7.90078863053279,Road_River,445,13970,1.1,10,12.5,A_CLASS,6090,5,,75.64,1,Inland,Low,1,Culvert
191,54.4732619385858,-7.89978618835667,Road_River,445,13971,2.6,10,8.8,A_CLASS,6090,5,,75.59,1,Inland,Low,1,Masonry_Arch
192,54.4688336525254,-7.97617135966465,Road_River,445,13983,3.9,10,6.7,A_CLASS,6090,5,,78.76,1,Inland,Low,1,Masonry_Arch
193,54.469267458809,-7.97319858556135,Road_River,445,13984,4.1,10,43.8,A_CLASS,6090,5,,78.61,1,Inland,Medium,1,Masonry_Arch
194,54.4733645037659,-7.89816711181034,Road_River,445,17078,2.8,10,2.09999999999999,A_CLASS,6090,5,,75.53,1,Inland,Low,1,Masonry_Arch
195,54.47141851338,-7.86700755484614,Road_River,445,17079,1.8,10,20,A_CLASS,6090,5,,74.65,1,Inland,Low,1,Culvert
196,54.5490913593651,-7.83091985961341,Road_River,453,13722,14.7,10,8.2,A_CLASS,8773,5,,66.12,1,Inland,High,3,RC_Slab
197,54.1223960137213,-7.48149937903758,Road_River,454,16348,41.8,10,32.4,A_CLASS,6984,5,,78.32,1,Inland,High,7,Bespoke_Viaduct
198,54.4837215961571,-8.01499325199318,Road_River,455,13920,1.8,10,5.5,A_CLASS,10561,5,,78.93,1,Inland,Low,1,Culvert
199,54.4889754517542,-7.98692743421923,Road_River,455,17077,2.6,10,21.7,A_CLASS,10561,5,,77.37,1,Inland,Low,1,Masonry_Arch
200,54.5233994859923,-7.72296810502642,Road_River,456,13827,24.7,10,19.4,A_CLASS,12647,5,,65.09,1,Inland,High,5,Bespoke_Viaduct
201,54.2610039082846,-7.63770333721638,Road_River,463,15262,2.1,10,10.7,A_CLASS,8773,5,,90.08,1,Inland,Low,1,Masonry_Arch
202,54.2563378971328,-7.63580967813533,Road_River,463,15364,2.6,10,3.40000000000001,A_CLASS,8773,5,,89.86,1,Inland,Low,1,Masonry_Arch
203,54.2429591869332,-7.62323562795626,Road_River,464,13289,11.3,10,21.3,A_CLASS,7580,5,,88.79,1,Inland,Low,2,RC_Slab
204,54.3197835249514,-7.64703915557162,Road_River,469,14757,20.1,10,22.4,A_CLASS,12647,5,,84.3,1,Inland,High,4,Bespoke_Viaduct
205,54.3265941396921,-7.65287813200698,Road_River,469,14758,2.6,10,6.59999999999999,A_CLASS,12647,5,,83.69,1,Inland,Low,1,Masonry_Arch
206,54.2804782391513,-7.70171056118627,Road_River,473,15166,50.4,10,1,A_CLASS,8475,5,,89.52,1,Inland,High,9,Bespoke_Viaduct
207,54.2739225295955,-7.70337559582247,Road_River,473,15169,2.8,10,26.4,A_CLASS,8475,5,,90.25,1,Inland,Low,1,Masonry_Arch
208,54.2751527604621,-7.70307466789983,Road_River,473,15268,3.2,10,3.3,A_CLASS,8475,5,,90.11,1,Inland,Low,1,Masonry_Arch
209,54.2983136921086,-7.77081021130669,Road_River,474,14937,2.3,10,30.6,A_CLASS,7580,5,,89.17,1,Inland,Low,1,Masonry_Arch
210,54.3023484449771,-7.75307843533351,Road_River,474,14938,2.3,10,30.9,A_CLASS,7580,5,,88.34,1,Inland,Low,1,Masonry_Arch
211,54.2917869570155,-6.84987762166277,Road_River,481,9236,6.1,10,22.6,A_CLASS,9965,5,,43.03,1,Inland,Low,2,Masonry_Arch
212,54.4752057735571,-7.07378965577294,Road_River,482,7483,2.4,10,2.7,A_CLASS,11157,5,,62.97,1,Inland,Low,1,Masonry_Arch
213,54.263243234832,-7.46108912943922,Road_River,491,15227,8,10,14.2,A_CLASS,8773,5,,79,1,Inland,Low,2,Masonry_Arch
214,54.8342949478867,-7.46514061627648,Road_River,493,383,1.5,10,30.2,A_CLASS,13840,5,,26.8,1,Inland,Low,1,Culvert
215,54.8313014881313,-7.48053150672532,Road_River,499,17102,111.7,10,15.7,A_CLASS,13840,5,,27.58,1,Inland,High,4,Bespoke_Viaduct
216,54.8286568626066,-7.47268852174592,Road_River,503,520,55.9,10,6.2,A_CLASS,13840,5,,27.59,1,Inland,High,2,Bespoke_Viaduct
217,54.9399200025458,-7.38549022948561,Road_River,513,69,1.4,10,15.7,A_CLASS,10859,5,,14.1,1,Inland,Low,1,Culvert
218,54.9045972286029,-7.42113401240718,Road_River,521,96,1.2,10,7.5,A_CLASS,9071,5,,18.64,1,Inland,Low,1,Culvert
219,54.8896281992332,-7.41876486900137,Road_River,525,227,13.3,10,10,A_CLASS,13243,5,,19.98,1,Inland,High,3,Masonry_Arch
220,54.8610114766222,-7.42736590495725,Road_River,529,309,7.7,10,12.9,A_CLASS,13243,5,,23.05,1,Inland,Low,1,RC_Slab
221,54.1303152245051,-7.33660301218374,Road_River,538,16456,35.2,10,36.3,A_CLASS,8176,5,,69.01,1,Inland,High,6,Bespoke_Viaduct
222,54.1717522839436,-7.24216276018984,Road_River,540,15887,25.7,10,3.8,A_CLASS,7878,5,,63.32,1,Inland,High,5,Bespoke_Viaduct
223,54.1747900122882,-7.26355437246538,Road_River,542,15889,18.9,10,27.5,A_CLASS,7878,5,,64.73,1,Inland,High,4,RC_Slab
224,54.173311664907,-7.27320280718755,Road_River,542,15899,2.1,10,4,A_CLASS,7878,5,,65.33,1,Inland,Low,1,Masonry_Arch
225,54.1764126241118,-7.31852431873346,Road_River,543,15904,11.2,10,0.799999999999997,A_CLASS,6984,5,,68.27,1,Inland,Low,1,Bespoke_Viaduct
226,54.1821289729375,-7.35522966183424,Road_River,544,15923,11.8,10,1.90000000000001,A_CLASS,8475,5,,70.7,1,Inland,Low,1,Bespoke_Viaduct
227,54.1943552944789,-7.36717654754783,Road_River,545,15732,21.5,10,69.5,A_CLASS,8475,5,,71.64,1,Inland,High,4,Bespoke_Viaduct
228,54.1917128108459,-7.36495456651404,Road_River,545,15738,6.3,10,39.5,A_CLASS,8475,5,,71.46,1,Inland,Low,2,Masonry_Arch
229,54.2127419740963,-7.39581350339919,Road_River,546,15566,1.8,10,40.4,A_CLASS,8475,5,,73.78,1,Inland,Low,1,Culvert
230,54.2098075155673,-7.39279861148151,Road_River,546,15566,2.1,10,39.2,A_CLASS,8475,5,,73.53,1,Inland,Low,1,Masonry_Arch
231,54.2076669432226,-7.38749500339832,Road_River,546,15566,2.3,10,32.5,A_CLASS,8475,5,,73.16,1,Inland,Low,1,Masonry_Arch
232,54.2129532689583,-7.39603987765901,Road_River,546,15568,15.9,10,30.6,A_CLASS,8475,5,,73.8,1,Inland,Medium,1,Bespoke_Viaduct
233,54.1970043809877,-7.36929594401252,Road_River,546,15730,2.8,10,45.7,A_CLASS,8475,5,,71.82,1,Inland,Low,1,Masonry_Arch
234,54.198588554924,-7.37028023790321,Road_River,546,15730,2.7,10,37.5,A_CLASS,8475,5,,71.91,1,Inland,Low,1,Masonry_Arch
235,54.200288273512,-7.37231411710686,Road_River,546,15730,5,10,75,A_CLASS,8475,5,,72.06,1,Inland,Low,1,RC_Slab
236,54.1625896441437,-7.26303531215561,Road_River,547,16076,1.3,10,29.8,A_CLASS,7878,5,,64.54,1,Inland,Low,1,Culvert
237,54.1586035823031,-7.27136447055935,Road_River,547,16083,1.4,10,6,A_CLASS,7878,5,,65.04,1,Inland,Low,1,Culvert
238,54.4049339039801,-7.18689778373887,Road_River,552,7915,2.7,10,24.7,A_CLASS,11455,5,,68.12,1,Inland,Low,1,Masonry_Arch
239,54.3311296961966,-7.38948623278747,Road_River,566,14563,1.7,10,1.90000000000001,A_CLASS,11157,5,,76.66,1,Inland,Low,1,Culvert
240,54.3539948109486,-7.34217400248905,Road_River,567,14404,8.1,10,2.7,A_CLASS,12051,5,,74.7,1,Inland,Low,2,Masonry_Arch
241,54.4242165430386,-7.08229149358606,Road_River,573,7757,1.1,10,11.9,A_CLASS,13840,5,,63.51,1,Inland,Low,1,Culvert
242,54.4269297612716,-7.09179743881618,Road_River,573,7895,1.8,10,41.2,A_CLASS,13840,5,,64.19,1,Inland,Low,1,Culvert
243,54.4279393310274,-7.1281952701378,Road_River,574,7765,7.6,10,59,A_CLASS,10561,5,,66.21,1,Inland,Medium,1,RC_Slab
244,54.3893566718883,-7.24286660519499,Road_River,578,8270,1,10,12.4,A_CLASS,7878,5,,70.48,1,Inland,Low,1,Culvert
245,54.3902564430195,-7.24031429586845,Road_River,578,8270,3.6,10,44.4,A_CLASS,7878,5,,70.38,1,Inland,Low,1,Masonry_Arch
246,54.3904349605669,-7.23982956368893,Road_River,578,8270,8.6,10,75,A_CLASS,7878,5,,70.36,1,Inland,Low,2,Masonry_Arch
247,54.3910895643537,-7.23813244920447,Road_River,578,8270,6.9,10,75,A_CLASS,7878,5,,70.3,1,Inland,Low,2,Masonry_Arch
248,54.3915684446769,-7.23705078852815,Road_River,578,8270,2.2,10,28.5,A_CLASS,7878,5,,70.26,1,Inland,Low,1,Masonry_Arch
249,54.3828832461437,-7.26446243148166,Road_River,578,14248,2.2,10,6.2,A_CLASS,7878,5,,71.41,1,Inland,Low,1,Masonry_Arch
250,54.4285319432405,-7.10637645561787,Road_River,579,7767,7.8,10,11.6,A_CLASS,10561,5,,65.07,1,Inland,Low,2,Masonry_Arch
251,54.4302402066383,-7.13034443219569,Road_River,584,7764,2.6,10,0.0999999999999943,A_CLASS,11157,5,,66.46,1,Inland,Low,1,Masonry_Arch
252,54.4305256382282,-7.13010407036727,Road_River,584,7773,18.8,10,0.799999999999997,A_CLASS,11157,5,,66.47,1,Inland,High,4,RC_Slab
253,54.4015392713712,-7.20508698933651,Road_River,585,884,12.6,10,49.6,A_CLASS,12647,5,,68.96,1,Inland,Medium,3,Masonry_Arch
254,54.4185132373147,-7.15471422212742,Road_River,593,7777,7.8,10,41.4,A_CLASS,9071,5,,67.09,1,Inland,Medium,2,Masonry_Arch
255,54.4400149231058,-7.09757587601207,Road_River,595,7637,8,10,9.40000000000001,A_CLASS,10561,5,,65.32,1,Inland,Low,2,Masonry_Arch
256,54.4383047224051,-7.10559728840495,Road_River,597,7440,2.4,10,32.6,A_CLASS,10561,5,,65.63,1,Inland,Low,1,Masonry_Arch
257,54.6112644362525,-7.32466076499679,Road_River,602,2255,2.7,10,38.3,A_CLASS,13840,5,,48.28,1,Inland,Low,1,Masonry_Arch
258,54.6115733260495,-7.32471851120819,Road_River,603,2255,1.9,10,33.2,A_CLASS,13840,5,,48.24,1,Inland,Low,1,Masonry_Arch
259,54.6109309011527,-7.32451421067287,Road_River,611,2255,6,10,75,A_CLASS,13840,5,,48.31,1,Inland,Low,1,RC_Slab
260,54.6248164635425,-7.33700124570895,Road_River,614,2137,4.6,10,14.9,A_CLASS,13840,5,,46.87,1,Inland,Low,1,RC_Slab
261,54.6492337108562,-7.33934337254841,Road_River,622,1978,1.3,10,43.4,A_CLASS,16224,5,,44.2,1,Inland,Low,1,Culvert
262,54.5863946941605,-7.33029869291513,Road_River,623,2470,6.8,10,68.4,A_CLASS,16224,5,,51.06,1,Inland,Low,2,Masonry_Arch
263,54.6097668186829,-7.32417648723994,Road_River,624,2255,9.8,10,75,A_CLASS,13840,5,,48.44,1,Inland,Low,1,RC_Slab
264,54.6093540441621,-7.32388936037097,Road_River,624,2256,8.9,10,64.2,A_CLASS,13840,5,,48.48,1,Inland,Medium,2,Masonry_Arch
265,54.6205204968562,-7.33357436082135,Road_River,628,2128,21,10,0.900000000000006,A_CLASS,13840,5,,47.32,1,Inland,High,4,Bespoke_Viaduct
266,54.5955802066944,-7.29034593129344,Road_River,634,2462,32.1,10,33.8,A_CLASS,16224,5,,49.85,1,Inland,High,6,Bespoke_Viaduct
267,54.6050480872277,-7.27753736174782,Road_River,638,2241,2.6,10,17.9,A_CLASS,16224,5,,48.77,1,Inland,Low,1,Masonry_Arch
268,54.6032334372202,-7.283170915616,Road_River,639,2244,41.7,10,8,A_CLASS,16224,5,,48.98,1,Inland,High,7,Bespoke_Viaduct
269,54.6074873490457,-7.2495082138281,Road_River,640,2239,1.2,10,23.1,A_CLASS,13243,5,,48.47,1,Inland,Low,1,Culvert
270,54.6438122678914,-7.16757489363843,Road_River,643,1962,2.3,10,15.8,A_CLASS,8176,5,,44.24,1,Inland,Low,1,Masonry_Arch
271,54.6453144885217,-7.16270478714534,Road_River,643,1963,1.3,10,33.8,A_CLASS,8176,5,,44.05,1,Inland,Low,1,Culvert
272,54.6456330021974,-7.16163980666082,Road_River,643,1963,2.7,10,38.4,A_CLASS,8176,5,,44.01,1,Inland,Low,1,Masonry_Arch
273,54.640854949117,-7.17688945482397,Road_River,645,1959,3.1,10,17.6,A_CLASS,9965,5,,44.6,1,Inland,Low,1,Masonry_Arch
274,54.6170840384708,-7.21860972775516,Road_River,652,2114,2.3,10,10.4,A_CLASS,15330,5,,47.45,1,Inland,Low,1,Masonry_Arch
275,54.6560837927655,-7.14065518420894,Road_River,657,685,2.2,10,8.8,A_CLASS,7282,5,,42.81,1,Inland,Low,1,Masonry_Arch
276,54.6593769960445,-7.09594323836,Road_River,657,1956,2.7,10,22.6,A_CLASS,7282,5,,42.48,1,Inland,Low,1,Masonry_Arch
277,54.6005064399454,-7.29683644060623,Road_River,658,2462,59.8,10,35.5,A_CLASS,16224,5,,49.33,1,Inland,High,10,Bespoke_Viaduct
278,54.6099916889615,-7.23568593047805,Road_River,660,1964,2.6,10,16.2,A_CLASS,13243,5,,48.2,1,Inland,Low,1,Masonry_Arch
279,54.6224873343015,-7.20728527557425,Road_River,663,2115,5.1,10,45.5,A_CLASS,15330,5,,46.8,1,Inland,Medium,1,RC_Slab
280,54.484773461777,-7.12429384810553,Road_River,674,3034,2.4,10,30.2,A_CLASS,8475,5,,61.82,1,Inland,Low,1,Masonry_Arch
281,54.4865450294434,-7.12995708474103,Road_River,676,3033,2,10,38,A_CLASS,13541,5,,61.62,1,Inland,Low,1,Masonry_Arch
282,54.5040379291863,-7.16749296850248,Road_River,678,2981,3.7,10,1.90000000000001,A_CLASS,11157,5,,59.73,1,Inland,Low,1,Masonry_Arch
283,54.5178692206512,-7.18726563415458,Road_River,681,2912,3,10,8.59999999999999,A_CLASS,11157,5,,58.27,1,Inland,Low,1,Masonry_Arch
284,54.5243025083494,-7.19970014380266,Road_River,681,2917,5.1,10,54.6,A_CLASS,11157,5,,57.61,1,Inland,Medium,1,RC_Slab
285,54.5267849473779,-7.20606852852346,Road_River,682,2917,4.4,10,16.4,A_CLASS,12051,5,,57.37,1,Inland,Low,1,Masonry_Arch
286,54.5577951961999,-7.25353232717974,Road_River,692,2559,12.9,10,75,A_CLASS,12051,5,,53.98,1,Inland,Medium,3,Masonry_Arch
287,54.5696879059768,-7.26914847812972,Road_River,694,2460,2.3,10,29.9,A_CLASS,12051,5,,52.67,1,Inland,Low,1,Masonry_Arch
288,54.5750541134636,-7.35187311248602,Road_River,699,2365,4.1,10,4,A_CLASS,14734,5,,52.47,1,Inland,Low,1,Masonry_Arch
289,54.5687244466478,-7.35893303566646,Road_River,700,2474,3.6,10,48.7,A_CLASS,14734,5,,53.22,1,Inland,Low,1,Masonry_Arch
290,54.5559879035225,-7.37586696023882,Road_River,701,2577,2.3,10,31.7,A_CLASS,14734,5,,54.77,1,Inland,Low,1,Masonry_Arch
291,54.7226047256777,-7.38857666956078,Road_River,705,1376,161.4,10,70.2,A_CLASS,16224,5,,36.76,1,Inland,High,6,Bespoke_Viaduct
292,54.7203004400347,-7.36867720931102,Road_River,705,1481,59.4,10,5.3,A_CLASS,16224,5,,36.73,1,Inland,High,2,Bespoke_Viaduct
293,54.6775052462374,-7.35238353072556,Road_River,709,1761,2.5,10,5.3,A_CLASS,12349,5,,41.21,1,Inland,Low,1,Masonry_Arch
294,54.6962073647907,-7.3534535429017,Road_River,710,1616,1.1,10,31.8,A_CLASS,12349,5,,39.17,1,Inland,Low,1,Culvert
295,54.6926679345553,-7.35345947886961,Road_River,710,1619,3,10,4.59999999999999,A_CLASS,12349,5,,39.56,1,Inland,Low,1,Masonry_Arch
296,54.9747099388279,-7.26052549245375,Road_River,714,3578,2,10,3.5,A_CLASS,11753,5,,7.73,1,Inland,Low,1,Masonry_Arch
297,55.0021419472795,-7.27518049121768,Road_River,728,3153,5,10,57.7,A_CLASS,13541,5,,4.9,1,Coastal,Low,1,RC_Slab
298,54.9268275633385,-7.12197286840761,Road_River,744,3752,2.2,10,4.7,A_CLASS,9965,5,,12.75,1,Inland,Low,1,Masonry_Arch
299,54.9245119922391,-7.13654757563011,Road_River,744,3754,1.8,10,12.3,A_CLASS,9965,5,,13.02,1,Inland,Low,1,Culvert
300,54.9314161239633,-7.2032838314747,Road_River,749,3759,1.8,10,9.2,A_CLASS,14436,5,,12.89,1,Inland,Low,1,Culvert
301,54.9597431046761,-7.24423770342181,Road_River,753,3645,1.7,10,15.4,A_CLASS,9965,5,,9.38,1,Inland,Low,1,Culvert
302,54.9597812548482,-7.3576156497646,Road_River,757,61,3.7,10,55.4,A_CLASS,14138,5,,11.27,1,Inland,Low,1,Masonry_Arch
303,54.9785233115484,-7.28272168120075,Road_River,761,3659,4.4,10,6.5,A_CLASS,16224,5,,7.55,1,Inland,Low,1,Masonry_Arch
304,54.9766186744643,-7.37204368920053,Road_River,778,26,1.9,10,58.1,A_CLASS,14734,5,,10.32,1,Inland,Low,1,Masonry_Arch
305,55.0212549423779,-7.33431156958669,Road_River,779,10,3.5,10,58.7,A_CLASS,16224,5,,5.21,1,Inland,Low,1,Masonry_Arch
306,55.0212807580932,-7.33437900298432,Road_River,779,12,1.3,10,31.3,A_CLASS,16224,5,,5.21,1,Inland,Low,1,Culvert
307,55.0154188111977,-7.31924090767796,Road_River,780,11,2.6,10,24,A_CLASS,16224,5,,4.85,1,Coastal,Low,1,Masonry_Arch
308,55.011584419146,-7.31634688897214,Road_River,781,17,2.4,10,14.2,A_CLASS,16224,5,,5.04,1,Coastal,Low,1,Masonry_Arch
309,54.9838951461255,-7.3306268579466,Road_River,802,24,2.4,10,22.9,A_CLASS,16224,5,,8.08,1,Inland,Low,1,Masonry_Arch
310,54.9773122724592,-7.34866324480748,Road_River,802,25,1.2,10,10.6,A_CLASS,16224,5,,9.33,1,Inland,Low,1,Culvert
311,54.9478583674557,-7.37431031710515,Road_River,803,63,3.6,10,13.3,A_CLASS,14138,5,,12.96,1,Inland,Low,1,Masonry_Arch
312,54.9781182144884,-7.28162110515317,Road_River,805,3579,39.4,10,25.1,A_CLASS,16224,5,,7.58,1,Inland,High,7,Bespoke_Viaduct
313,54.9624469066822,-7.24898969824662,Road_River,806,3650,5.5,10,36.2,A_CLASS,9965,5,,9.07,1,Inland,Low,1,RC_Slab
314,54.941316353964,-7.21638652771281,Road_River,808,3699,25.2,10,34.8,A_CLASS,14436,5,,11.64,1,Inland,High,5,Bespoke_Viaduct
315,54.9281888127019,-7.09534299307433,Road_River,809,3749,4.1,10,16.8,A_CLASS,9667,5,,12.72,1,Inland,Low,1,Masonry_Arch
316,55.0339797704289,-7.35893766610469,Road_River,814,13,3,10,14.7,A_CLASS,12647,5,,6.14,1,Inland,Low,1,Masonry_Arch
317,55.028043407572,-7.34772163137774,Road_River,819,14,3.3,10,32.1,A_CLASS,12647,5,,5.64,1,Inland,Low,1,Masonry_Arch
318,55.034532360519,-7.12981752245095,Road_River,821,3386,2.4,10,2.8,A_CLASS,12051,5,,0.8,1,Marine,Low,1,Masonry_Arch
319,55.0325422401487,-7.11638754456576,Road_River,823,4398,2.1,10,32.3,A_CLASS,12945,5,,1.11,1,Coastal,Low,1,Masonry_Arch
320,55.035897462604,-7.0958357435391,Road_River,827,4397,6,10,32.8,A_CLASS,12945,5,,0.87,1,Marine,Low,1,RC_Slab
321,55.0328221844047,-7.19682922614501,Road_River,830,3448,1.3,10,21.5,A_CLASS,12647,5,,2.75,1,Coastal,Low,1,Culvert
322,55.0362333960311,-7.15658072172831,Road_River,837,4405,7.2,10,4.8,A_CLASS,12051,5,,1.24,1,Coastal,Low,1,RC_Slab
323,55.0294914897897,-7.22174003261816,Road_River,841,3449,2.5,10,14.3,A_CLASS,11455,5,,2.19,1,Coastal,Low,1,Masonry_Arch
324,55.0295392924381,-7.35032512092516,Road_River,844,6,2.4,10,6.09999999999999,A_CLASS,12647,5,,5.74,1,Inland,Low,1,Masonry_Arch
325,54.2949276312254,-6.79547635233,Road_River,848,9226,1.9,10,26,A_CLASS,14436,5,,40.18,1,Inland,Low,1,Masonry_Arch
326,54.2882806522513,-6.81394191012778,Road_River,851,9230,2.4,10,48.3,A_CLASS,12349,5,,40.82,1,Inland,Low,1,Masonry_Arch
327,55.0363311178498,-6.60288485927602,Road_River,853,4811,18.9,10,12.6,A_CLASS,12647,5,,16.94,1,Inland,High,4,RC_Slab
328,55.0773271803252,-6.49798343677941,Road_River,856,4548,23.3,10,44.9,A_CLASS,10859,5,,15.64,1,Inland,High,4,Bespoke_Viaduct
329,55.0761681198168,-6.49617741174851,Road_River,856,4620,5.5,10,50.9,A_CLASS,10859,5,,15.8,1,Inland,Medium,1,RC_Slab
330,55.2122221468392,-6.56846489377728,Road_River,863,11247,2.5,10,34,A_CLASS,9965,5,,0.24,1,Marine,Low,1,Masonry_Arch
331,55.2269429099526,-6.44105610887974,Road_River,864,9993,1.4,10,9.3,A_CLASS,8176,5,,1.14,1,Coastal,Low,1,Culvert
332,55.2226902470933,-6.46537800577529,Road_River,868,9995,1.9,10,26.3,A_CLASS,8773,5,,1.93,1,Coastal,Low,1,Masonry_Arch
333,55.2255722469267,-6.45515065858061,Road_River,869,9930,4.3,10,68.7,A_CLASS,8773,5,,1.47,1,Coastal,Medium,1,Masonry_Arch
334,55.2059406209625,-6.52606900003703,Road_River,872,10002,53.7,10,14.9,A_CLASS,11157,5,,1.55,1,Coastal,High,9,Bespoke_Viaduct
335,55.2087163827232,-6.52276972880641,Road_River,873,10005,6,10,26.9,A_CLASS,11157,5,,1.36,1,Coastal,Low,1,RC_Slab
336,55.2256356468489,-6.45493476418588,Road_River,875,9994,1.6,10,45.9,A_CLASS,8773,5,,1.46,1,Coastal,Low,1,Culvert
337,55.2070110171076,-6.53616698206542,Road_River,876,10001,2.1,10,41.4,A_CLASS,11157,5,,1.17,1,Marine,Low,1,Masonry_Arch
338,55.2061660913508,-6.53020960752681,Road_River,876,10003,1.6,10,39.5,A_CLASS,11157,5,,1.45,1,Marine,Low,1,Culvert
339,55.2097957946725,-6.54961568896075,Road_River,876,10006,1.9,10,20.6,A_CLASS,11157,5,,0.67,1,Marine,Low,1,Masonry_Arch
340,54.4630518786906,-7.01964370588103,Road_River,887,7572,8.3,10,36.1,A_CLASS,12349,5,,62.86,1,Inland,Low,2,Masonry_Arch
341,54.4608346500468,-7.03617175293442,Road_River,893,7575,29.7,10,28.5,A_CLASS,12945,5,,63.53,1,Inland,Medium,1,Bespoke_Viaduct
342,54.4538235973785,-7.03929040988494,Road_River,896,7574,26.6,10,16.3,A_CLASS,16224,5,,63.21,1,Inland,Medium,1,Bespoke_Viaduct
343,54.4472023279795,-7.06275190425518,Road_River,898,7633,1,10,3.59999999999999,A_CLASS,13840,5,,63.96,1,Inland,Low,1,Culvert
344,54.4805582008897,-6.78445669559589,Road_River,904,2798,2.2,10,2.3,A_CLASS,16224,5,,53.57,1,Inland,Low,1,Masonry_Arch
345,54.4821780390597,-6.79838623790856,Road_River,906,7410,3.7,10,67.9,A_CLASS,16224,5,,54.27,1,Inland,Low,1,Masonry_Arch
346,54.4796504160696,-6.99070215800064,Road_River,909,7472,10,10,42.6,A_CLASS,12349,5,,62.65,1,Inland,Medium,2,RC_Slab
347,54.4804859548655,-6.98860339536825,Road_River,909,7473,3.3,10,19.4,A_CLASS,12349,5,,62.61,1,Inland,Low,1,Masonry_Arch
348,54.4761847858983,-6.99825148909276,Road_River,910,7470,2.6,10,1.90000000000001,A_CLASS,12349,5,,62.76,1,Inland,Low,1,Masonry_Arch
349,54.43965086161,-7.00191977905876,Road_River,911,7630,2.7,10,51.5,A_CLASS,13243,5,,60.34,1,Inland,Low,1,Masonry_Arch
350,54.4312754753593,-7.02631880517364,Road_River,912,7747,4.5,10,11.8,A_CLASS,16224,5,,61.03,1,Inland,Low,1,Masonry_Arch
351,54.4288830638469,-7.03004481927782,Road_River,912,7754,14.4,10,2.8,A_CLASS,16224,5,,61.06,1,Inland,High,3,RC_Slab
352,54.4219453829468,-7.05735077949739,Road_River,915,7752,22.3,10,14.3,A_CLASS,8475,5,,62.04,1,Inland,Medium,1,Bespoke_Viaduct
353,54.4315538018194,-6.98985543917482,Road_River,917,7740,3.6,10,15.4,A_CLASS,13243,5,,59.18,1,Inland,Low,1,Masonry_Arch
354,54.4215761321089,-7.00340486525577,Road_River,919,7737,8.4,10,8.59999999999999,A_CLASS,6984,5,,59.2,1,Inland,Low,2,Masonry_Arch
355,54.4192205812291,-6.99218173224546,Road_River,919,7738,2.2,10,13.7,A_CLASS,6984,5,,58.46,1,Inland,Low,1,Masonry_Arch
356,54.4121645697591,-6.97291398373734,Road_River,924,7878,10,10,20.4,A_CLASS,9667,5,,57,1,Inland,Low,2,RC_Slab
357,54.3512637031336,-6.85168119879214,Road_River,926,8724,4,10,59.4,A_CLASS,8475,5,,46.69,1,Inland,Medium,1,Masonry_Arch
358,54.3472345344677,-6.81622549029339,Road_River,928,8717,1.7,10,48.4,A_CLASS,14734,5,,44.6,1,Inland,Low,1,Culvert
359,54.3480961804184,-6.79802033998206,Road_River,929,8714,3.7,10,42.6,A_CLASS,13840,5,,43.73,1,Inland,Low,1,Masonry_Arch
360,54.3481998466265,-6.79865454839871,Road_River,929,8719,1.2,10,11.7,A_CLASS,13840,5,,43.77,1,Inland,Low,1,Culvert
361,54.3441368980811,-6.82598477748216,Road_River,932,8966,9.6,10,3.2,A_CLASS,14734,5,,44.89,1,Inland,High,2,RC_Slab
362,54.460950715827,-7.02257821195706,Road_River,940,7575,22,10,29.9,A_CLASS,12945,5,,62.86,1,Inland,Medium,1,Bespoke_Viaduct
363,54.4003798920992,-6.97568301251434,Road_River,945,7875,69,10,45.5,A_CLASS,9667,5,,56.36,1,Inland,High,12,Bespoke_Viaduct
364,54.4107050386171,-6.97573328983503,Road_River,945,7878,15.8,10,53.8,A_CLASS,9667,5,,57.05,1,Inland,Medium,3,RC_Slab
365,54.3977472759669,-6.93092202079893,Road_River,947,7871,1.3,10,17.5,A_CLASS,12349,5,,53.87,1,Inland,Low,1,Culvert
366,54.3971584433411,-6.9297696340303,Road_River,947,8251,2.7,10,18.1,A_CLASS,12349,5,,53.78,1,Inland,Low,1,Masonry_Arch
367,54.4022384747011,-6.94219550202801,Road_River,948,7867,3.1,10,20.1,A_CLASS,9667,5,,54.75,1,Inland,Low,1,Masonry_Arch
368,54.3920871620723,-6.92016399275788,Road_River,950,8036,2.7,10,2.2,A_CLASS,12349,5,,52.94,1,Inland,Low,1,Masonry_Arch
369,54.3832939890509,-6.90930680173051,Road_River,954,8030,2,10,2.5,A_CLASS,9965,5,,51.8,1,Inland,Low,1,Masonry_Arch
370,54.3453194396898,-6.83308612312883,Road_River,962,8722,112.8,10,15.9,A_CLASS,14734,5,,45.34,1,Inland,High,2,Bespoke_Viaduct
371,54.6506410752898,-7.06053382261294,Road_River,964,682,3.5,10,11.2,A_CLASS,9965,5,,43.61,1,Inland,Low,1,Masonry_Arch
372,54.6378518240041,-6.78716505625339,Road_River,965,6995,7,10,2.90000000000001,A_CLASS,10263,5,,48.75,1,Inland,Low,2,Masonry_Arch
373,54.6520624639881,-7.02250746167502,Road_River,972,1952,2.2,10,16.6,A_CLASS,9965,5,,43.7,1,Inland,Low,1,Masonry_Arch
374,54.6556307688702,-6.98331542870539,Road_River,973,6942,3.1,10,27.7,A_CLASS,7878,5,,43.69,1,Inland,Low,1,Masonry_Arch
375,54.6587466938817,-6.96701879123518,Road_River,974,6941,2.1,10,32.4,A_CLASS,8773,5,,43.51,1,Inland,Low,1,Masonry_Arch
376,54.6472909656125,-6.86114302175965,Road_River,976,6930,5,10,9.7,A_CLASS,16224,5,,46.24,1,Inland,Low,1,RC_Slab
377,55.1324453057765,-6.66557098654095,Road_River,981,9877,8.8,10,9.3,A_CLASS,16224,5,,5.83,1,Inland,Low,2,Masonry_Arch
378,55.1341847959838,-6.67073061413258,Road_River,983,9877,5.8,10,3,A_CLASS,16224,5,,5.46,1,Inland,Low,1,RC_Slab
379,54.4860654673905,-6.88066629005498,Road_River,997,2810,7.9,10,26.2,A_CLASS,11157,5,,58.08,1,Inland,Low,2,Masonry_Arch
380,54.485976139446,-6.88379267947625,Road_River,997,7348,11.6,10,42,A_CLASS,11157,5,,58.21,1,Inland,Medium,1,Bespoke_Viaduct
381,54.4878927568167,-6.85374069643232,Road_River,1001,2807,1.5,10,21.3,A_CLASS,14436,5,,57.07,1,Inland,Low,1,Culvert
382,54.487229879698,-6.87344337373226,Road_River,1005,7417,2.4,10,53.3,A_CLASS,14436,5,,57.86,1,Inland,Low,1,Masonry_Arch
383,54.4874569997511,-6.86771012353532,Road_River,1007,7417,7.8,10,75,A_CLASS,14436,5,,57.63,1,Inland,Low,2,Masonry_Arch
384,54.4874866403105,-6.86665967228828,Road_River,1007,7417,5.3,10,75,A_CLASS,14436,5,,57.59,1,Inland,Low,1,RC_Slab
385,54.4868928077006,-6.89375101408614,Road_River,1009,7348,12.9,10,34.8,A_CLASS,11157,5,,58.73,1,Inland,Low,3,Masonry_Arch
386,54.4871896335238,-6.89903090958149,Road_River,1010,7347,4.8,10,22.9,A_CLASS,11157,5,,58.98,1,Inland,Low,1,RC_Slab
387,54.4894771414326,-6.94010684978798,Road_River,1013,7352,4,10,22.5,A_CLASS,11753,5,,61.02,1,Inland,Low,1,Masonry_Arch
388,54.4888717424357,-6.95414947261488,Road_River,1013,7434,1.6,10,14.3,A_CLASS,11753,5,,61.62,1,Inland,Low,1,Culvert
389,54.4893961096279,-6.95033266392151,Road_River,1013,7435,2,10,4.40000000000001,A_CLASS,11753,5,,61.49,1,Inland,Low,1,Masonry_Arch
390,54.4848447225199,-6.8172478062493,Road_River,1016,2801,1.6,10,46.8,A_CLASS,16224,5,,55.27,1,Inland,Low,1,Culvert
391,54.4835856281987,-6.8095712271195,Road_River,1016,2802,2.7,10,22.5,A_CLASS,16224,5,,54.85,1,Inland,Low,1,Masonry_Arch
392,54.4843513526973,-6.80847328703783,Road_River,1017,2802,3.7,10,48.5,A_CLASS,16224,5,,54.87,1,Inland,Low,1,Masonry_Arch
393,54.4861280696764,-6.82525143467817,Road_River,1020,2799,2.4,10,4.8,A_CLASS,16224,5,,55.72,1,Inland,Low,1,Masonry_Arch
394,54.5441673126551,-6.77999340998263,Road_River,1035,7190,6.1,10,8.09999999999999,A_CLASS,16224,5,,55.69,1,Inland,Low,2,Masonry_Arch
395,54.5373787923424,-6.77867358831828,Road_River,1037,7192,2,10,12,A_CLASS,16224,5,,55.69,1,Inland,Low,1,Masonry_Arch
396,54.4994011449617,-6.78430619876845,Road_River,1041,9895,3,10,58.6,A_CLASS,16224,5,,55.22,1,Inland,Medium,1,Masonry_Arch
397,54.495984655213,-6.79136573877341,Road_River,1042,2798,1.8,10,18.3,A_CLASS,16224,5,,55.19,1,Inland,Low,1,Culvert
398,54.5293436751524,-6.77645330140403,Road_River,1043,7225,1.5,10,19.2,A_CLASS,16224,5,,55.67,1,Inland,Low,1,Culvert
399,54.6668400621523,-6.93064433886595,Road_River,1046,6938,1.7,10,45.8,A_CLASS,12349,5,,43.06,1,Inland,Low,1,Culvert
400,54.6660691462921,-6.94558143387,Road_River,1047,6940,3.3,10,68.3,A_CLASS,12349,5,,42.95,1,Inland,Low,1,Masonry_Arch
401,54.9073715911885,-6.87226470297814,Road_River,1052,3796,1.7,10,1.09999999999999,A_CLASS,10263,5,,19.45,1,Inland,Low,1,Culvert
402,54.8901063450079,-6.79225159982374,Road_River,1054,3885,1.9,10,20.9,A_CLASS,6686,5,,24.16,1,Inland,Low,1,Masonry_Arch
403,54.8908584658934,-6.79369181154596,Road_River,1054,3950,4.5,10,43.1,A_CLASS,6686,5,,24.04,1,Inland,Medium,1,Masonry_Arch
404,54.8910179489968,-6.79400797452633,Road_River,1054,3953,1.7,10,2.90000000000001,A_CLASS,6686,5,,24.01,1,Inland,Low,1,Culvert
405,54.9059306269208,-6.84662560907731,Road_River,1055,3790,2.2,10,2.09999999999999,A_CLASS,8475,5,,20.56,1,Inland,Low,1,Masonry_Arch
406,54.9063283796461,-6.85011301506039,Road_River,1055,3794,2.2,10,1.8,A_CLASS,8475,5,,20.39,1,Inland,Low,1,Masonry_Arch
407,54.9070255249203,-6.86033697482024,Road_River,1055,3795,5.3,10,49.8,A_CLASS,8475,5,,19.93,1,Inland,Medium,1,RC_Slab
408,54.9017441337121,-6.83062045684509,Road_River,1057,3791,1,10,7.2,A_CLASS,7282,5,,21.57,1,Inland,Low,1,Culvert
409,54.9001147627843,-6.81340000881278,Road_River,1058,3786,1.2,10,28.4,A_CLASS,7282,5,,22.43,1,Inland,Low,1,Culvert
410,54.8703352235898,-6.78370504053324,Road_River,1059,4070,1.6,10,20.7,A_CLASS,6686,5,,26.18,1,Inland,Low,1,Culvert
411,54.8765235132512,-6.78911222343151,Road_River,1059,4075,2,10,22.1,A_CLASS,6686,5,,25.43,1,Inland,Low,1,Masonry_Arch
412,54.8589224161067,-6.77055386664336,Road_River,1060,5824,3.9,10,58.2,A_CLASS,8176,5,,27.7,1,Inland,Low,1,Masonry_Arch
413,54.9296247412558,-7.06399947621021,Road_River,1064,3744,2,10,33.7,A_CLASS,6686,5,,12.84,1,Inland,Low,1,Masonry_Arch
414,54.9288713983779,-7.07712096509088,Road_River,1064,3745,2.5,10,15.4,A_CLASS,6686,5,,12.79,1,Inland,Low,1,Masonry_Arch
415,54.9302941167364,-7.04069925094093,Road_River,1065,3736,4.1,10,26.1,A_CLASS,7878,5,,12.99,1,Inland,Low,1,Masonry_Arch
416,54.9292165695567,-7.01851076837479,Road_River,1066,3734,7.4,10,53.4,A_CLASS,9369,5,,13.4,1,Inland,Medium,2,Masonry_Arch
417,54.9287534739378,-6.93240354070881,Road_River,1071,3724,85,10,13.9,A_CLASS,13541,5,,15.41,1,Inland,High,3,Bespoke_Viaduct
418,54.9251989922636,-6.95872851666328,Road_River,1073,3726,15,10,8.7,A_CLASS,11455,5,,15.06,1,Inland,High,3,RC_Slab
419,54.9298424501929,-7.02966027737608,Road_River,1078,3735,1.2,10,22.9,A_CLASS,7878,5,,13.18,1,Inland,Low,1,Culvert
420,55.0628012828832,-6.93530977782036,Road_River,1085,3314,39.2,10,7.8,A_CLASS,16224,5,,5.31,1,Inland,High,7,Bespoke_Viaduct
421,55.0566544996227,-6.94829349628577,Road_River,1086,3364,8.9,10,75,A_CLASS,14436,5,,4.78,1,Coastal,Low,2,Masonry_Arch
422,55.0551581391096,-6.94832008663947,Road_River,1086,3364,5.7,10,73.2,A_CLASS,14436,5,,4.85,1,Coastal,Low,1,RC_Slab
423,55.0550962244463,-6.94828902732372,Road_River,1086,3364,4.1,10,75,A_CLASS,14436,5,,4.86,1,Coastal,Low,1,Masonry_Arch
424,55.0567641792179,-6.9482671751904,Road_River,1088,3364,1.7,10,37.2,A_CLASS,16224,5,,4.78,1,Coastal,Low,1,Culvert
425,55.0536141117971,-6.95793138662655,Road_River,1090,3328,56.4,10,21.9,A_CLASS,14436,5,,4.4,1,Coastal,High,2,Bespoke_Viaduct
426,55.0511432881538,-6.92065127753233,Road_River,1100,3323,7.2,10,30.2,A_CLASS,16224,5,,6.65,1,Inland,Low,1,RC_Slab
427,55.0385033452828,-7.08261088970474,Road_River,1104,4396,2.8,10,5.59999999999999,A_CLASS,7282,5,,0.72,1,Marine,Low,1,Masonry_Arch
428,55.0406580929225,-7.07672539427607,Road_River,1104,4401,3.2,10,16.8,A_CLASS,7282,5,,0.57,1,Marine,Low,1,Masonry_Arch
429,55.0443572007384,-7.02074067659567,Road_River,1106,4394,7.8,10,9.90000000000001,A_CLASS,7580,5,,1.67,1,Coastal,Low,2,Masonry_Arch
430,55.0446914536384,-7.01027981207077,Road_River,1108,3370,2.5,10,5.59999999999999,A_CLASS,9965,5,,2.27,1,Coastal,Low,1,Masonry_Arch
431,55.042712311317,-7.06079855858826,Road_River,1109,3333,3.1,10,5.2,A_CLASS,7580,5,,0.52,1,Marine,Low,1,Masonry_Arch
432,55.0429149984223,-7.04158218514569,Road_River,1109,4395,4.4,10,11.7,A_CLASS,7580,5,,0.98,1,Marine,Low,1,Masonry_Arch
433,55.047492236009,-6.99768860419564,Road_River,1111,3369,8.1,10,65.2,A_CLASS,9965,5,,2.86,1,Coastal,Medium,2,Masonry_Arch
434,55.0507707561409,-6.98267083361521,Road_River,1112,3365,12.9,10,25.1,A_CLASS,14436,5,,3.29,1,Coastal,Low,1,Bespoke_Viaduct
435,55.0511741622867,-6.92294592399242,Road_River,1113,3322,13.4,10,6.7,A_CLASS,16224,5,,6.52,1,Inland,High,3,Masonry_Arch
436,55.0492267792424,-6.95600338782196,Road_River,1116,17265,106,10,27.4,A_CLASS,14436,5,,4.77,1,Coastal,High,4,Bespoke_Viaduct
437,55.0536771694291,-6.94767322514546,Road_River,1121,3364,1.7,10,31.2,A_CLASS,14436,5,,4.97,1,Coastal,Low,1,Culvert
438,55.0831304669006,-6.93753168516217,Road_River,1124,3281,3.5,10,7,A_CLASS,7580,5,,4.47,1,Inland,Low,1,Masonry_Arch
439,55.1113308398942,-6.94840067866073,Road_River,1125,4389,3.6,10,0.5,A_CLASS,7580,5,,2.61,1,Coastal,Low,1,Masonry_Arch
440,55.0576429356217,-6.89432246191749,Road_River,1126,3321,1,10,0.5,A_CLASS,7878,5,,8,1,Inland,Low,1,Culvert
441,55.0640921943769,-6.87859171395356,Road_River,1128,4373,1.5,10,28.2,A_CLASS,7878,5,,8.79,1,Inland,Low,1,Culvert
442,55.0776808877435,-6.81720538091494,Road_River,1130,3255,1.6,10,33.4,A_CLASS,6686,5,,9.86,1,Inland,Low,1,Culvert
443,55.0778895666684,-6.82871697258017,Road_River,1130,3284,2.1,10,1,A_CLASS,6686,5,,9.78,1,Inland,Low,1,Masonry_Arch
444,55.0781637593685,-6.81352007909894,Road_River,1130,3285,4.2,10,14.4,A_CLASS,6686,5,,9.81,1,Inland,Low,1,Masonry_Arch
445,55.0744507609069,-6.85003669190276,Road_River,1130,3292,2.7,10,22.6,A_CLASS,6686,5,,9.84,1,Inland,Low,1,Masonry_Arch
446,55.076655250265,-6.84138229619366,Road_River,1130,3293,2.6,10,26.4,A_CLASS,6686,5,,9.85,1,Inland,Low,1,Masonry_Arch
447,55.0704834872177,-6.86374668273063,Road_River,1130,3294,2.1,10,5.59999999999999,A_CLASS,6686,5,,9.23,1,Inland,Low,1,Masonry_Arch
448,55.0721156188664,-6.85861925356215,Road_River,1130,3295,0.9,10,6.5,A_CLASS,6686,5,,9.44,1,Inland,Low,1,Culvert
449,55.0739910760657,-6.85183939222579,Road_River,1130,3296,2,10,14.2,A_CLASS,6686,5,,9.75,1,Inland,Low,1,Masonry_Arch
450,55.0877123722651,-6.76335926549818,Road_River,1130,4588,2.7,10,14.1,A_CLASS,6686,5,,8.51,1,Inland,Low,1,Masonry_Arch
451,55.0882112995026,-6.78662903129254,Road_River,1130,4595,2.8,10,22.5,A_CLASS,6686,5,,8.53,1,Inland,Low,1,Masonry_Arch
452,55.1548772775898,-6.78904610764423,Road_River,1131,9873,1.1,10,37.6,A_CLASS,13243,5,,1.38,1,Coastal,Low,1,Culvert
453,55.1120438786973,-6.9497464056154,Road_River,1133,4410,5.9,10,72.8,A_CLASS,7878,5,,2.5,1,Coastal,Low,1,RC_Slab
454,55.1173007048064,-6.95208703278039,Road_River,1133,4410,1.7,10,1.5,A_CLASS,7878,5,,2.19,1,Coastal,Low,1,Culvert
455,55.1214578473158,-6.9540694112633,Road_River,1134,4387,1.7,10,1.3,A_CLASS,7878,5,,1.91,1,Coastal,Low,1,Culvert
456,55.1450491698587,-6.76837855798976,Road_River,1137,4449,2.3,10,0.0999999999999943,A_CLASS,10561,5,,2.14,1,Coastal,Low,1,Masonry_Arch
457,55.1448818721912,-6.76746966322391,Road_River,1137,4452,6.6,10,5.90000000000001,A_CLASS,10561,5,,2.16,1,Coastal,Low,2,Masonry_Arch
458,55.1645996603853,-6.81813582697642,Road_River,1143,4377,10.3,10,5.59999999999999,A_CLASS,11157,5,,0.25,1,Marine,Low,2,RC_Slab
459,55.1252494688962,-6.95271707051708,Road_River,1144,4385,1.8,10,14.9,A_CLASS,7878,5,,1.82,1,Coastal,Low,1,Culvert
460,55.134108822818,-6.94828362818695,Road_River,1144,4386,1.6,10,2.40000000000001,A_CLASS,7878,5,,1.73,1,Coastal,Low,1,Culvert
461,55.128870557701,-6.95089627884754,Road_River,1144,4388,2,10,7.8,A_CLASS,7878,5,,1.77,1,Coastal,Low,1,Masonry_Arch
462,55.1416739260539,-6.94291903378894,Road_River,1145,4383,2.3,10,19.7,A_CLASS,8176,5,,1.79,1,Coastal,Low,1,Masonry_Arch
463,55.1510457867499,-6.89564748265189,Road_River,1146,3187,4.1,10,44.2,A_CLASS,7878,5,,2.1,1,Coastal,Medium,1,Masonry_Arch
464,55.1475954706356,-6.93466737856639,Road_River,1148,4381,2,10,4.40000000000001,A_CLASS,6984,5,,2.08,1,Coastal,Low,1,Masonry_Arch
465,55.145006631157,-6.93966351064005,Road_River,1148,4382,1.6,10,22.8,A_CLASS,6984,5,,1.88,1,Coastal,Low,1,Culvert
466,55.163977103524,-6.8517030988177,Road_River,1149,3181,9.8,10,25.4,A_CLASS,6984,5,,0.14,1,Marine,Low,1,RC_Slab
467,55.1621981416456,-6.86112165813506,Road_River,1149,3184,7.8,10,45,A_CLASS,6984,5,,0.51,1,Marine,Medium,1,RC_Slab
468,55.1538451117149,-6.88852186358856,Road_River,1150,3188,6.9,10,57.7,A_CLASS,7878,5,,1.65,1,Coastal,Medium,2,Masonry_Arch
469,55.1597895767696,-6.8828289468676,Road_River,1150,3193,2.8,10,37.7,A_CLASS,7878,5,,0.9,1,Coastal,Low,1,Masonry_Arch
470,54.102968829357,-6.5459459318208,Road_River,1153,13404,2.8,10,21.9,A_CLASS,13840,5,,17.98,1,Inland,Low,1,Masonry_Arch
471,54.0691573560779,-6.66425809043078,Road_River,1161,12646,48.5,10,56.3,A_CLASS,8773,5,,25.88,1,Inland,High,9,Bespoke_Viaduct
472,54.1118171668911,-6.5592683103767,Road_River,1164,13308,31.4,10,71.2,A_CLASS,10859,5,,18.87,1,Inland,High,6,Bespoke_Viaduct
473,54.0767060703596,-6.50283773718176,Road_River,1166,13150,4.3,10,73.4,A_CLASS,13541,5,,15.48,1,Inland,Low,1,Masonry_Arch
474,54.0667893597291,-6.48468113608106,Road_River,1167,13150,3.3,10,64.8,A_CLASS,13541,5,,14.6,1,Inland,Low,1,Masonry_Arch
475,54.1632154636023,-6.63422687620678,Road_River,1168,12593,5.5,10,30.3,A_CLASS,10263,5,,24.6,1,Inland,Low,1,RC_Slab
476,54.231818910603,-6.68380695863455,Road_River,1170,9568,2,10,12.3,A_CLASS,15330,5,,30.44,1,Inland,Low,1,Masonry_Arch
477,54.2244411107186,-6.67305109803829,Road_River,1171,9564,3.8,10,21.4,A_CLASS,15330,5,,29.45,1,Inland,Low,1,Masonry_Arch
478,54.2249980688292,-6.66502295605751,Road_River,1171,9646,2.5,10,40.2,A_CLASS,15330,5,,29.02,1,Inland,Low,1,Masonry_Arch
479,54.1816248977198,-6.57769775181796,Road_River,1176,12824,10.3,10,43.8,A_CLASS,16224,5,,21.85,1,Inland,Medium,2,RC_Slab
480,54.1686063795685,-6.57833469435247,Road_River,1180,12907,2.1,10,1.3,A_CLASS,12647,5,,21.35,1,Inland,Low,1,Masonry_Arch
481,54.2945338858216,-6.77759551720768,Road_River,1185,9065,2.1,10,5,A_CLASS,14436,5,,39.19,1,Inland,Low,1,Masonry_Arch
482,54.2961789183144,-6.78576698037705,Road_River,1185,9067,22.9,10,22.2,A_CLASS,14436,5,,39.73,1,Inland,High,4,Bespoke_Viaduct
483,54.2971443402075,-6.75048053109771,Road_River,1188,9063,2,10,4.09999999999999,A_CLASS,12051,5,,37.9,1,Inland,Low,1,Masonry_Arch
484,54.2895171591172,-6.50070112068985,Road_River,1191,9011,5.1,10,31,A_CLASS,16224,5,,25.61,1,Inland,Low,1,RC_Slab
485,54.2873964972458,-6.4955097063342,Road_River,1195,9012,2.4,10,25.8,A_CLASS,16224,5,,25.22,1,Inland,Low,1,Masonry_Arch
486,54.2766787821713,-6.47159835418291,Road_River,1196,9128,2.4,10,26.6,A_CLASS,16224,5,,23.37,1,Inland,Low,1,Masonry_Arch
487,54.2819885599033,-6.48333400943165,Road_River,1197,9131,15.6,10,31.8,A_CLASS,16224,5,,24.28,1,Inland,Medium,1,Bespoke_Viaduct
488,54.2835232759085,-6.6851179384686,Road_River,1204,9188,2.5,10,41,A_CLASS,14436,5,,33.59,1,Inland,Medium,1,Masonry_Arch
489,54.2477993664412,-6.70351754794305,Road_River,1214,9474,4.1,10,36.2,A_CLASS,16224,5,,32.41,1,Inland,Low,1,Masonry_Arch
490,54.1820814557264,-6.57598417094777,Road_River,1227,12827,3,10,18.9,A_CLASS,16224,5,,21.77,1,Inland,Low,1,Masonry_Arch
491,54.1743150905667,-6.59748901942015,Road_River,1228,12911,1.8,10,20.1,A_CLASS,12051,5,,22.73,1,Inland,Low,1,Culvert
492,54.119754142664,-6.56512335320967,Road_River,1232,13308,32.8,10,73.5,A_CLASS,10859,5,,19.31,1,Inland,High,6,Bespoke_Viaduct
493,54.190999498077,-6.5693427282332,Road_River,1235,12828,3.8,10,0.0999999999999943,A_CLASS,16224,5,,21.8,1,Inland,Low,1,Masonry_Arch
494,54.1982442013415,-6.58579642293032,Road_River,1236,12825,11.1,10,52,A_CLASS,12051,5,,23.11,1,Inland,Medium,2,RC_Slab
495,54.1798780102577,-6.53554139936522,Road_River,1240,12903,7.7,10,74.3,A_CLASS,10561,5,,19.3,1,Inland,Low,2,Masonry_Arch
496,54.17442057089,-6.51523412221529,Road_River,1246,9827,1.7,10,7.3,A_CLASS,12051,5,,17.86,1,Inland,Low,1,Culvert
497,54.2715093926745,-6.46143081921543,Road_River,1249,9129,4.5,10,26.9,A_CLASS,16224,5,,22.52,1,Inland,Low,1,Masonry_Arch
498,54.3160763841215,-6.58812938754292,Road_River,1251,8931,2.5,10,13.1,A_CLASS,16224,5,,31.44,1,Inland,Low,1,Masonry_Arch
499,54.3108482663098,-6.56447262182136,Road_River,1252,8926,3.2,10,44.3,A_CLASS,16224,5,,30.01,1,Inland,Medium,1,Masonry_Arch
500,54.3622025118126,-6.67181512497399,Road_River,1271,8698,40.7,10,16.7,A_CLASS,12051,5,,38.85,1,Inland,High,2,Bespoke_Viaduct
501,54.363365587836,-6.67267359968064,Road_River,1271,8703,2,10,16.6,A_CLASS,12051,5,,38.98,1,Inland,Low,1,Masonry_Arch
502,54.3530577422244,-6.64065735199935,Road_River,1275,8812,9.4,10,27.5,A_CLASS,15628,5,,36.76,1,Inland,Low,2,RC_Slab
503,54.3477772387661,-6.63892720174111,Road_River,1279,8812,12.9,10,31.7,A_CLASS,14436,5,,36.24,1,Inland,Low,3,Masonry_Arch
504,54.3622803718483,-6.61966592763365,Road_River,1285,8322,1.4,10,0.700000000000003,A_CLASS,12647,5,,36.68,1,Inland,Low,1,Culvert
505,54.4193156054194,-6.67201341871771,Road_River,1292,7685,2.3,10,50.9,A_CLASS,16224,5,,43.76,1,Inland,Low,1,Masonry_Arch
506,54.2979091034169,-6.5170287647586,Road_River,1300,9014,2,10,23.4,A_CLASS,16224,5,,26.99,1,Inland,Low,1,Masonry_Arch
507,54.3072312302481,-6.53946805602118,Road_River,1301,9020,4.6,10,20.8,A_CLASS,16224,5,,28.68,1,Inland,Low,1,RC_Slab
508,54.2944309198068,-6.68457447790325,Road_River,1306,9054,23.8,10,29.9,A_CLASS,14436,5,,34.3,1,Inland,High,4,Bespoke_Viaduct
509,54.3093509493967,-6.67365632087281,Road_River,1307,8941,18.5,10,17.8,A_CLASS,14436,5,,34.82,1,Inland,High,4,RC_Slab
510,54.3053397528856,-6.73586835041242,Road_River,1311,8952,7.1,10,61.4,A_CLASS,12051,5,,37.66,1,Inland,Medium,2,Masonry_Arch
511,54.3098256372713,-6.72791317244228,Road_River,1314,8953,3.1,10,53.1,A_CLASS,15628,5,,37.55,1,Inland,Low,1,Masonry_Arch
512,54.3418283166484,-6.49952217834026,Road_River,1317,8793,3.5,10,13.1,A_CLASS,14734,5,,30.46,1,Inland,Low,1,Masonry_Arch
513,54.3454507085911,-6.46783734030469,Road_River,1323,8672,1.9,10,12.2,A_CLASS,16224,5,,29.87,1,Inland,Low,1,Masonry_Arch
514,54.3442311908024,-6.47854703293382,Road_River,1325,8675,6.8,10,57.2,A_CLASS,16224,5,,30.06,1,Inland,Medium,2,Masonry_Arch
515,54.3415096500617,-6.72325909212225,Road_River,1330,8819,3.2,10,54.7,A_CLASS,12647,5,,39.58,1,Inland,Low,1,Masonry_Arch
516,54.3428531633407,-6.73512670021371,Road_River,1332,8705,7,10,50.3,A_CLASS,15926,5,,40.25,1,Inland,Medium,2,Masonry_Arch
517,54.3426774862259,-6.73149946129275,Road_River,1332,8821,7.8,10,42.4,A_CLASS,15926,5,,40.06,1,Inland,Medium,2,Masonry_Arch
518,54.3492998613878,-6.75594558950865,Road_River,1333,8710,2.4,10,40.4,A_CLASS,15926,5,,41.73,1,Inland,Medium,1,Masonry_Arch
519,54.3266516285366,-6.69492524566015,Road_River,1341,8949,2.1,10,29.9,A_CLASS,12647,5,,37.12,1,Inland,Low,1,Masonry_Arch
520,54.3253483043238,-6.69759963634388,Road_River,1341,8949,2,10,32.5,A_CLASS,12647,5,,37.15,1,Inland,Low,1,Masonry_Arch
521,54.3218406088095,-6.70522757906621,Road_River,1341,8949,3.5,10,39.2,A_CLASS,12647,5,,37.26,1,Inland,Low,1,Masonry_Arch
522,54.3243130994411,-6.66091579807405,Road_River,1344,8944,3.8,10,41,A_CLASS,16224,5,,35.34,1,Inland,Medium,1,Masonry_Arch
523,54.3374347246886,-6.6704268612654,Road_River,1346,8944,2.7,10,12.9,A_CLASS,16224,5,,36.8,1,Inland,Low,1,Masonry_Arch
524,54.3361028490228,-6.67613547828755,Road_River,1347,8815,44.3,10,2.5,A_CLASS,16224,5,,36.95,1,Inland,High,8,Bespoke_Viaduct
525,54.3385258485214,-6.56344198869661,Road_River,1349,8687,5.5,10,68.2,A_CLASS,13840,5,,32.39,1,Inland,Low,1,RC_Slab
526,54.3444741654249,-6.57962739616227,Road_River,1350,8688,3.9,10,8.2,A_CLASS,13840,5,,33.54,1,Inland,Low,1,Masonry_Arch
527,54.3493239119821,-6.61716948272117,Road_River,1356,8697,3.5,10,41.7,A_CLASS,16224,5,,35.46,1,Inland,Low,1,Masonry_Arch
528,54.345117124188,-6.69118141944455,Road_River,1359,8816,4.5,10,53.5,A_CLASS,12647,5,,38.35,1,Inland,Low,1,Masonry_Arch
529,54.3609944576956,-6.60407947378501,Road_River,1361,8320,1.3,10,6.8,A_CLASS,12647,5,,35.95,1,Inland,Low,1,Culvert
530,54.3310083925622,-6.62240672300666,Road_River,1364,8809,2.6,10,41.9,A_CLASS,14436,5,,34.14,1,Inland,Medium,1,Masonry_Arch
531,54.3336138419891,-6.62744103202135,Road_River,1364,8810,2.2,10,4.7,A_CLASS,14436,5,,34.58,1,Inland,Low,1,Masonry_Arch
532,54.334806185797,-6.63227554965627,Road_River,1364,8811,1.3,10,35.6,A_CLASS,14436,5,,34.88,1,Inland,Low,1,Culvert
533,54.335702552954,-6.63592168559849,Road_River,1364,8811,5.7,10,71.2,A_CLASS,14436,5,,35.12,1,Inland,Low,1,RC_Slab
534,54.402328671351,-6.47730326129552,Road_River,1371,7824,1.9,10,2.2,A_CLASS,16224,5,,35.89,1,Inland,Low,1,Masonry_Arch
535,54.3964407442298,-6.49572956349118,Road_River,1374,7977,11.4,10,17.1,A_CLASS,12051,5,,35.76,1,Inland,Low,2,RC_Slab
536,54.3801158588285,-6.55688088870774,Road_River,1377,7982,3.1,10,17.6,A_CLASS,15330,5,,36,1,Inland,Low,1,Masonry_Arch
537,54.3795502982905,-6.55869846076948,Road_River,1377,7982,10.4,10,75,A_CLASS,15330,5,,36.01,1,Inland,Medium,2,RC_Slab
538,54.3791335184903,-6.55970244606935,Road_River,1377,7982,4.9,10,43.7,A_CLASS,15330,5,,36,1,Inland,Medium,1,RC_Slab
539,54.3744294264755,-6.57982612805669,Road_River,1378,8316,2.3,10,13.5,A_CLASS,15330,5,,36.26,1,Inland,Low,1,Masonry_Arch
540,54.37613244516,-6.5667770325803,Road_River,1379,7981,2,10,20.8,A_CLASS,15330,5,,35.96,1,Inland,Low,1,Masonry_Arch
541,54.3756835436023,-6.57348806718845,Road_River,1379,8315,1.8,10,29.3,A_CLASS,15330,5,,36.15,1,Inland,Low,1,Culvert
542,54.4600209804975,-6.50589070081258,Road_River,1396,7507,1.4,10,31.7,A_CLASS,11157,5,,40.74,1,Inland,Low,1,Culvert
543,54.4445682288861,-6.68717720274254,Road_River,1405,7594,87,10,3.09999999999999,A_CLASS,12945,5,,46.6,1,Inland,High,3,Bespoke_Viaduct
544,54.4690628604807,-6.72461674770003,Road_River,1412,7403,7,10,29.7,A_CLASS,16224,5,,50.22,1,Inland,Low,2,Masonry_Arch
545,54.4797904262669,-6.74193455785212,Road_River,1413,7401,1.6,10,3.5,A_CLASS,16224,5,,51.84,1,Inland,Low,1,Culvert
546,54.3609677870248,-6.61018882528455,Road_River,1414,8696,2.9,10,38,A_CLASS,12647,5,,36.19,1,Inland,Low,1,Masonry_Arch
547,54.3893235689348,-6.52860202551272,Road_River,1420,7980,1.5,10,23.5,A_CLASS,12647,5,,35.99,1,Inland,Low,1,Culvert
548,54.3889902407929,-6.53032175653857,Road_River,1420,8306,1.7,10,8.09999999999999,A_CLASS,12647,5,,36.01,1,Inland,Low,1,Culvert
549,54.3375723250962,-6.51712480912315,Road_River,1421,8792,9.7,10,10.4,A_CLASS,16224,5,,30.63,1,Inland,Low,1,RC_Slab
550,54.35755997582,-6.62873383515634,Road_River,1425,8697,2.1,10,43.3,A_CLASS,15628,5,,36.64,1,Inland,Low,1,Masonry_Arch
551,54.3444087002117,-6.66941543530697,Road_River,1432,8698,47.3,10,23.9,A_CLASS,16224,5,,37.3,1,Inland,High,2,Bespoke_Viaduct
552,54.3445142571142,-6.67706338720487,Road_River,1432,8704,5.4,10,72.8,A_CLASS,16224,5,,37.65,1,Inland,Low,1,RC_Slab
553,54.3858588695436,-6.54516347315864,Road_River,1433,7979,3.6,10,1.7,A_CLASS,14138,5,,36.16,1,Inland,Low,1,Masonry_Arch
554,54.6284226204583,-6.7418390661645,Road_River,1439,7037,2.2,10,0.599999999999994,A_CLASS,16224,5,,50.83,1,Inland,Low,1,Masonry_Arch
555,54.6284056072111,-6.74187454388319,Road_River,1445,7037,2.1,10,37.6,A_CLASS,16224,5,,50.84,1,Inland,Low,1,Masonry_Arch
556,54.6280025772355,-6.74272283977253,Road_River,1449,7037,1,10,21.8,A_CLASS,16224,5,,50.85,1,Inland,Low,1,Culvert
557,54.6280476371357,-6.74262657216888,Road_River,1450,7037,1.7,10,26.6,A_CLASS,16224,5,,50.85,1,Inland,Low,1,Culvert
558,54.6297222165229,-6.7426267522136,Road_River,1451,6989,20.1,10,34,A_CLASS,16224,5,,50.68,1,Inland,High,4,Bespoke_Viaduct
559,54.6334189619018,-6.75520610505856,Road_River,1454,6989,15.7,10,28,A_CLASS,16224,5,,49.98,1,Inland,High,3,RC_Slab
560,54.0632920383549,-6.00528354764571,Road_River,1462,13429,2.1,10,11.5,A_CLASS,14138,5,,0.64,1,Marine,Low,1,Masonry_Arch
561,54.0730904925128,-6.0891334225355,Road_River,1463,13438,2.8,10,30.6,A_CLASS,7878,5,,1.21,1,Coastal,Low,1,Masonry_Arch
562,54.0729977911436,-6.08084179757513,Road_River,1464,13440,1.7,10,8,A_CLASS,7580,5,,1.46,1,Coastal,Low,1,Culvert
563,54.0699483265067,-6.09412630669812,Road_River,1467,13439,4.9,10,32.7,A_CLASS,7878,5,,0.77,1,Marine,Low,1,RC_Slab
564,54.0684546299434,-6.10876493335083,Road_River,1468,13516,8.4,10,32,A_CLASS,7878,5,,0.64,1,Marine,Low,2,Masonry_Arch
565,54.071454938905,-6.06378452368292,Road_River,1469,13433,11.6,10,28.9,A_CLASS,7580,5,,2.06,1,Coastal,Low,2,RC_Slab
566,54.0681233319719,-6.03641081707903,Road_River,1471,13489,1.6,10,1.59999999999999,A_CLASS,11157,5,,2.68,1,Coastal,Low,1,Culvert
567,54.0747853595988,-5.97048793394093,Road_River,1473,13488,2.4,10,13.6,A_CLASS,12349,5,,0.83,1,Marine,Low,1,Masonry_Arch
568,54.5999987577094,-6.75800111442593,Road_River,1475,7080,22.7,10,5.90000000000001,A_CLASS,15628,5,,53.35,1,Inland,Medium,1,Bespoke_Viaduct
569,54.5325228481277,-6.70827699693031,Road_River,1481,7222,11.5,10,52.4,A_CLASS,16224,5,,51.27,1,Inland,Medium,2,RC_Slab
570,54.4918193348279,-6.75089351276433,Road_River,1496,2796,1.3,10,8.7,A_CLASS,16224,5,,53.26,1,Inland,Low,1,Culvert
571,54.5281715143181,-6.74456532220412,Road_River,1498,7223,2.9,10,35.6,A_CLASS,16224,5,,53.65,1,Inland,Low,1,Masonry_Arch
572,54.5342299421416,-6.7006303641839,Road_River,1504,7222,12,10,15.2,A_CLASS,16224,5,,50.75,1,Inland,Low,2,RC_Slab
573,54.5240676372333,-6.68658016538001,Road_River,1507,7221,1.7,10,31.1,A_CLASS,13243,5,,50.03,1,Inland,Low,1,Culvert
574,54.5156583387822,-6.67640097684568,Road_River,1509,7290,2.1,10,9.59999999999999,A_CLASS,13243,5,,49.55,1,Inland,Low,1,Masonry_Arch
575,54.5043685026554,-6.66333682444112,Road_River,1511,7288,1.8,10,20.7,A_CLASS,12051,5,,48.98,1,Inland,Low,1,Culvert
576,54.4805775975246,-6.74254322574359,Road_River,1512,7401,4.1,10,14.8,A_CLASS,16224,5,,51.93,1,Inland,Low,1,Masonry_Arch
577,54.4790674896489,-6.53623332288898,Road_River,1513,7380,3.9,10,9.5,A_CLASS,16224,5,,41.83,1,Inland,Low,1,Masonry_Arch
578,54.8100792022881,-6.70404383626037,Road_River,1518,6175,1.2,10,7.8,A_CLASS,11753,5,,34.61,1,Inland,Low,1,Culvert
579,54.8027882382677,-6.69895587839762,Road_River,1518,6257,4.3,10,19.2,A_CLASS,11753,5,,35.44,1,Inland,Low,1,Masonry_Arch
580,54.8193942140069,-6.69812909960055,Road_River,1526,6178,52.2,10,2.59999999999999,A_CLASS,11753,5,,34.06,1,Inland,High,9,Bespoke_Viaduct
581,54.8334409988638,-6.68390673213139,Road_River,1527,5947,8.3,10,12.6,A_CLASS,16224,5,,33.53,1,Inland,Low,2,Masonry_Arch
582,54.7938506911173,-6.69466636585867,Road_River,1528,6281,4.2,10,2.7,A_CLASS,9071,5,,36.39,1,Inland,Low,1,Masonry_Arch
583,54.6891374416289,-6.67590572949292,Road_River,1536,6787,8.7,10,1.7,A_CLASS,16224,5,,46.7,1,Inland,Low,1,RC_Slab
584,54.7703301701982,-6.56497761682414,Road_River,1543,6502,1.8,10,50.2,A_CLASS,16224,5,,43.89,1,Inland,Low,1,Culvert
585,54.8345730474104,-6.67499240701641,Road_River,1547,17109,6.5,10,31,A_CLASS,16224,5,,33.84,1,Inland,Low,2,Masonry_Arch
586,54.8340792064568,-6.61094234164576,Road_River,1554,5935,2.2,10,42.1,A_CLASS,11157,5,,36.89,1,Inland,Low,1,Masonry_Arch
587,54.7951640848939,-6.53263946952089,Road_River,1559,6239,3.7,10,1.09999999999999,A_CLASS,10859,5,,40.75,1,Inland,Low,1,Masonry_Arch
588,54.8090078874046,-6.51760539004031,Road_River,1562,6163,2.5,10,13.6,A_CLASS,9369,5,,39.15,1,Inland,Low,1,Masonry_Arch
589,54.6905309818584,-6.67272872936675,Road_River,1564,6786,10.4,10,7.09999999999999,A_CLASS,16224,5,,46.67,1,Inland,Low,2,RC_Slab
590,54.7700197924803,-6.54275706558925,Road_River,1575,6503,31.6,10,24.8,A_CLASS,14734,5,,42.76,1,Inland,High,6,Bespoke_Viaduct
591,54.7553478596941,-6.46427454567578,Road_River,1579,17024,90.9,10,24.6,A_CLASS,13840,5,,37.45,1,Inland,High,4,Bespoke_Viaduct
592,54.7628677455503,-6.59200456395679,Road_River,1587,6510,1.4,10,38.8,A_CLASS,16224,5,,43.3,1,Inland,Low,1,Culvert
593,54.760548880054,-6.5966605320265,Road_River,1587,6511,1.9,10,19.7,A_CLASS,16224,5,,43.29,1,Inland,Low,1,Masonry_Arch
594,54.7684343101006,-6.67166716823065,Road_River,1604,6521,12.3,10,21.1,A_CLASS,15926,5,,39.53,1,Inland,Medium,1,Bespoke_Viaduct
595,54.7664988015862,-6.58482088314438,Road_River,1608,6507,2.6,10,34.9,A_CLASS,16224,5,,43.31,1,Inland,Low,1,Masonry_Arch
596,54.7393592305046,-6.66766307419278,Road_River,1616,6635,1.8,10,9.8,A_CLASS,9667,5,,42.29,1,Inland,Low,1,Culvert
597,54.7347057724874,-6.62862351251918,Road_River,1617,6692,4.6,10,74.2,A_CLASS,10859,5,,44.19,1,Inland,Low,1,RC_Slab
598,54.7073526635424,-6.6713756831475,Road_River,1618,9865,1.8,10,1.8,A_CLASS,16224,5,,45.12,1,Inland,Low,1,Culvert
599,54.7033564067147,-6.67177155793176,Road_River,1618,9870,2.1,10,24.9,A_CLASS,16224,5,,45.48,1,Inland,Low,1,Masonry_Arch
600,54.7245450043052,-6.66957825225067,Road_River,1619,6693,1,10,15.3,A_CLASS,9667,5,,43.58,1,Inland,Low,1,Culvert
601,54.7789658546877,-6.55227867705346,Road_River,1623,6503,52.9,10,26.7,A_CLASS,16224,5,,42.77,1,Inland,High,2,Bespoke_Viaduct
602,54.7826284707759,-6.58120768653889,Road_River,1626,6419,1.9,10,4.3,A_CLASS,16224,5,,42.19,1,Inland,Low,1,Masonry_Arch
603,54.7991122839761,-6.60809318224731,Road_River,1630,6251,50.2,10,4.40000000000001,A_CLASS,14436,5,,39.67,1,Inland,High,9,Bespoke_Viaduct
604,54.8194986660464,-6.63898465197488,Road_River,1634,6166,21.6,10,4.40000000000001,A_CLASS,9965,5,,36.66,1,Inland,High,4,Bespoke_Viaduct
605,54.8168891115263,-6.63302345148982,Road_River,1634,6169,2,10,12.2,A_CLASS,9965,5,,37.14,1,Inland,Low,1,Masonry_Arch
606,54.7880104999183,-6.58792045160671,Road_River,1635,6421,2.4,10,10.6,A_CLASS,8176,5,,41.46,1,Inland,Low,1,Masonry_Arch
607,54.7861881604945,-6.53577785955882,Road_River,1636,6413,2.7,10,22.1,A_CLASS,10859,5,,41.44,1,Inland,Low,1,Masonry_Arch
608,54.8993298096553,-6.51488581475869,Road_River,1641,5514,13.8,10,30.5,A_CLASS,8176,5,,33.1,1,Inland,Low,3,RC_Slab
609,54.9194049007523,-6.52215417049873,Road_River,1642,5415,0.9,10,3.3,A_CLASS,9071,5,,30.88,1,Inland,Low,1,Culvert
610,54.9292572436016,-6.52661089004618,Road_River,1642,5418,2.5,10,0.900000000000006,A_CLASS,9071,5,,29.77,1,Inland,Low,1,Masonry_Arch
611,55.0022968179597,-6.58917120204878,Road_River,1653,5050,3.7,10,25.9,A_CLASS,10263,5,,20.71,1,Inland,Low,1,Masonry_Arch
612,54.8495254951152,-6.57052785558102,Road_River,1657,5784,3,10,24.7,A_CLASS,9667,5,,37.07,1,Inland,Low,1,Masonry_Arch
613,54.8585729540823,-6.55065752585428,Road_River,1658,857,5.4,10,55.3,A_CLASS,9071,5,,36.48,1,Inland,Medium,1,RC_Slab
614,54.8840960614969,-6.50418180448482,Road_River,1660,5606,1.8,10,4.8,A_CLASS,10263,5,,34.87,1,Inland,Low,1,Culvert
615,54.8727932458694,-6.50032105442805,Road_River,1660,5701,25.8,10,24.6,A_CLASS,10263,5,,35.11,1,Inland,High,5,Bespoke_Viaduct
616,54.8727365601303,-6.48182846829021,Road_River,1663,5694,58.2,10,0.5,A_CLASS,10263,5,,34,1,Inland,High,2,Bespoke_Viaduct
617,54.8713983039624,-6.47141701832908,Road_River,1665,5692,3,10,53.3,A_CLASS,14138,5,,33.44,1,Inland,Low,1,Masonry_Arch
618,54.8659826047793,-6.53789952159489,Road_River,1666,5705,2.6,10,16,A_CLASS,8773,5,,35.97,1,Inland,Low,1,Masonry_Arch
619,54.8660100765623,-6.52606863752516,Road_River,1668,5698,3.3,10,14.2,A_CLASS,8773,5,,36.23,1,Inland,Low,1,Masonry_Arch
620,54.8412916511959,-6.51339169143132,Road_River,1674,5933,3.7,10,49.5,A_CLASS,11157,5,,37.26,1,Inland,Low,1,Masonry_Arch
621,54.8326230232602,-6.51825202343573,Road_River,1674,5934,2.3,10,14,A_CLASS,11157,5,,37.97,1,Inland,Low,1,Masonry_Arch
622,54.9079102606101,-6.66691948156701,Road_River,1677,5526,8.9,10,13.3,A_CLASS,9965,5,,29.05,1,Inland,Low,2,Masonry_Arch
623,54.8981341540976,-6.66955911775028,Road_River,1678,5633,1.4,10,19.7,A_CLASS,9965,5,,29.52,1,Inland,Low,1,Culvert
624,54.9297850984277,-6.67304801570973,Road_River,1682,5444,2.1,10,5,A_CLASS,9965,5,,26.75,1,Inland,Low,1,Masonry_Arch
625,54.9355836767937,-6.6757492180199,Road_River,1683,5317,1.7,10,51.1,A_CLASS,8773,5,,26.09,1,Inland,Low,1,Culvert
626,54.938760418102,-6.6776695595947,Road_River,1684,5318,2.1,10,9,A_CLASS,8773,5,,25.71,1,Inland,Low,1,Masonry_Arch
627,54.9492927849645,-6.68339421124991,Road_River,1686,5316,2.1,10,1.7,A_CLASS,8773,5,,24.49,1,Inland,Low,1,Masonry_Arch
628,54.987240598953,-6.68584571272513,Road_River,1689,768,2.4,10,20.8,A_CLASS,12349,5,,20.37,1,Inland,Low,1,Masonry_Arch
629,54.9837536725536,-6.68732603440919,Road_River,1689,4939,2.7,10,20.6,A_CLASS,12349,5,,20.72,1,Inland,Low,1,Masonry_Arch
630,54.9944106066719,-6.68166905099231,Road_River,1690,5065,12.6,10,20.3,A_CLASS,12349,5,,19.67,1,Inland,Low,1,Bespoke_Viaduct
631,54.9790771237842,-6.68889211701569,Road_River,1694,5089,24.2,10,19.3,A_CLASS,12349,5,,21.19,1,Inland,High,5,Bespoke_Viaduct
632,54.8681152431648,-6.66362994806058,Road_River,1708,5716,8.8,10,12,A_CLASS,10561,5,,31.85,1,Inland,Low,2,Masonry_Arch
633,54.875571102986,-6.66415231670211,Road_River,1710,5717,4.7,10,23,A_CLASS,10561,5,,31.3,1,Inland,Low,1,RC_Slab
634,54.8773639350182,-6.66501345580427,Road_River,1710,5717,3.3,10,11.8,A_CLASS,10561,5,,31.14,1,Inland,Low,1,Masonry_Arch
635,54.8816352107849,-6.66636595473671,Road_River,1711,5625,1.3,10,42.5,A_CLASS,10561,5,,30.77,1,Inland,Low,1,Culvert
636,54.8414145534807,-6.65846933088016,Road_River,1722,5936,1.2,10,23.4,A_CLASS,9965,5,,34.07,1,Inland,Low,1,Culvert
637,54.8402272540446,-6.65118255060784,Road_River,1722,5937,3.2,10,40.6,A_CLASS,9965,5,,34.5,1,Inland,Low,1,Masonry_Arch
638,54.8373512810523,-6.68001844385013,Road_River,1723,5941,21.8,10,35.7,A_CLASS,16224,5,,33.39,1,Inland,High,4,Bespoke_Viaduct
639,55.0145861407454,-6.59583443106818,Road_River,1726,736,3.3,10,43.5,A_CLASS,12647,5,,19.3,1,Inland,Low,1,Masonry_Arch
640,55.016669038646,-6.67592732025297,Road_River,1728,747,1.3,10,5.90000000000001,A_CLASS,9369,5,,17.42,1,Inland,Low,1,Culvert
641,55.1093473243991,-6.6515663469633,Road_River,1729,4503,1.9,10,8.90000000000001,A_CLASS,8176,5,,8.39,1,Inland,Low,1,Masonry_Arch
642,55.0778349338557,-6.61274016542038,Road_River,1729,4559,2.5,10,36.1,A_CLASS,8176,5,,12.69,1,Inland,Low,1,Masonry_Arch
643,55.0864577076584,-6.61823753274771,Road_River,1729,4565,1,10,21.9,A_CLASS,8176,5,,11.71,1,Inland,Low,1,Culvert
644,55.1957407911398,-6.68192565719332,Road_River,1730,11256,2.1,10,16.1,A_CLASS,8475,5,,0.17,1,Marine,Low,1,Masonry_Arch
645,55.1890832725399,-6.70964272279995,Road_River,1732,11260,2,10,40.5,A_CLASS,10263,5,,0.1,1,Marine,Low,1,Masonry_Arch
646,55.1921127717365,-6.65610213996364,Road_River,1740,10098,1.7,10,7.5,A_CLASS,16224,5,,0.76,1,Marine,Low,1,Culvert
647,55.1368686298363,-6.71275445839204,Road_River,1742,4443,1.8,10,7.09999999999999,A_CLASS,10263,5,,3.88,1,Coastal,Low,1,Culvert
648,55.1541406369896,-6.68727132108292,Road_River,1743,9900,1.5,10,33.3,A_CLASS,16224,5,,3.17,1,Coastal,Low,1,Culvert
649,55.1400906476512,-6.74359587644862,Road_River,1744,4445,1.4,10,33.9,A_CLASS,10561,5,,3.13,1,Coastal,Low,1,Culvert
650,55.1428591107426,-6.75641143762343,Road_River,1744,4448,2.1,10,2.90000000000001,A_CLASS,10561,5,,2.51,1,Coastal,Low,1,Masonry_Arch
651,55.1371188335012,-6.73123332008526,Road_River,1746,4444,2.6,10,63.2,A_CLASS,10263,5,,3.66,1,Coastal,Low,1,Masonry_Arch
652,55.1373476025946,-6.66760476955472,Road_River,1750,9903,1.3,10,21.1,A_CLASS,16224,5,,5.35,1,Inland,Low,1,Culvert
653,55.1274466678981,-6.650361747191,Road_River,1755,9877,9.7,10,63.4,A_CLASS,16224,5,,6.91,1,Inland,High,2,RC_Slab
654,55.1839209676566,-6.65834504926459,Road_River,1760,10214,3.6,10,55,A_CLASS,16224,5,,1.62,1,Coastal,Low,1,Masonry_Arch
655,55.1090884399691,-6.65794383578477,Road_River,1762,4512,3.6,10,49.9,A_CLASS,16224,5,,8.18,1,Inland,Medium,1,Masonry_Arch
656,55.1151993420677,-6.66775999932393,Road_River,1762,9906,1.9,10,6.5,A_CLASS,16224,5,,7.27,1,Inland,Low,1,Masonry_Arch
657,55.1974019092436,-6.65643419623452,Road_River,1769,11255,15.8,10,52.8,A_CLASS,16224,5,,0.23,1,Marine,Medium,3,RC_Slab
658,55.1517062477577,-6.65878478442287,Road_River,1782,4425,4,10,41.7,A_CLASS,11157,5,,4.85,1,Inland,Medium,1,Masonry_Arch
659,54.6579873526071,-5.94018913686253,Road_River,1789,12252,3,10,51.2,A_CLASS,16224,5,,2.06,1,Coastal,Low,1,Masonry_Arch
660,54.6566751642401,-5.9097087926857,Road_River,1790,12251,3,10,18.1,A_CLASS,16224,5,,0.35,1,Marine,Low,1,Masonry_Arch
661,54.6520227974625,-5.91690735953143,Road_River,1792,12252,1.1,10,10.6,A_CLASS,16224,5,,0.43,1,Marine,Low,1,Culvert
662,54.6754345607501,-5.89402283051124,Road_River,1799,12242,8,10,6.59999999999999,A_CLASS,7580,5,,0.01,1,Marine,Low,2,Masonry_Arch
663,54.6862294894475,-5.87430409328327,Road_River,1801,12236,2.4,10,2.59999999999999,A_CLASS,10263,5,,0.12,1,Marine,Low,1,Masonry_Arch
664,54.6837645493523,-5.87970779853197,Road_River,1801,12243,2.6,10,15,A_CLASS,10263,5,,0.07,1,Marine,Low,1,Masonry_Arch
665,54.7421307248756,-6.00845934399276,Road_River,1805,6585,2.4,10,10.8,A_CLASS,12945,5,,10.46,1,Inland,Low,1,Masonry_Arch
666,54.7000026703191,-5.84940796868957,Road_River,1806,12234,1.4,10,20.4,A_CLASS,7878,5,,0.06,1,Marine,Low,1,Culvert
667,54.6942003825988,-5.86001377457123,Road_River,1806,12237,1.9,10,9.09999999999999,A_CLASS,7878,5,,0.08,1,Marine,Low,1,Masonry_Arch
668,54.6991663219174,-5.85076762110076,Road_River,1806,12238,2.1,10,9.7,A_CLASS,7878,5,,0.04,1,Marine,Low,1,Masonry_Arch
669,55.1563848908904,-6.66853025844296,Road_River,1808,4424,2.8,10,10.1,A_CLASS,16224,5,,4.06,1,Coastal,Low,1,Masonry_Arch
670,55.1519647824231,-6.66529074471304,Road_River,1810,4425,2.6,10,34.1,A_CLASS,16224,5,,4.48,1,Coastal,Low,1,Masonry_Arch
671,55.1451554806706,-6.67365067543755,Road_River,1811,9902,11.7,10,8.5,A_CLASS,16224,5,,4.48,1,Coastal,Low,2,RC_Slab
672,55.1652842858771,-6.66415339104958,Road_River,1824,4414,1.8,10,13.3,A_CLASS,16224,5,,3.67,1,Coastal,Low,1,Culvert
673,55.1314552221241,-6.67600733333336,Road_River,1827,9876,1.1,10,0.799999999999997,A_CLASS,16224,5,,5.48,1,Inland,Low,1,Culvert
674,55.1316044126962,-6.67717469951687,Road_River,1829,9876,1.2,10,14.9,A_CLASS,16224,5,,5.42,1,Inland,Low,1,Culvert
675,55.1568220186637,-6.69031376383293,Road_River,1845,9872,1.4,10,28.4,A_CLASS,16224,5,,2.84,1,Coastal,Low,1,Culvert
676,55.0813859925924,-6.52476660733933,Road_River,1853,8127,2,10,7.8,A_CLASS,12945,5,,14.64,1,Inland,Low,1,Masonry_Arch
677,55.0820561259527,-6.54518495683871,Road_River,1858,4549,2.8,10,45.8,A_CLASS,12945,5,,14.24,1,Inland,Low,1,Masonry_Arch
678,55.0895401532306,-6.5650306788791,Road_River,1859,4552,1,10,7.7,A_CLASS,9071,5,,13.16,1,Inland,Low,1,Culvert
679,55.0841100241189,-6.55190671231754,Road_River,1860,4550,5.3,10,61.1,A_CLASS,9071,5,,13.93,1,Inland,Low,1,RC_Slab
680,55.0870447635234,-6.55914634075953,Road_River,1860,4555,2.2,10,2.5,A_CLASS,9071,5,,13.51,1,Inland,Low,1,Masonry_Arch
681,55.0704347286509,-6.61456839005198,Road_River,1866,4641,2.3,10,15.6,A_CLASS,10561,5,,13.3,1,Inland,Low,1,Masonry_Arch
682,55.1064931502332,-6.69545745203441,Road_River,1870,4514,2,10,32.5,A_CLASS,10561,5,,7.43,1,Inland,Low,1,Masonry_Arch
683,55.0996890235398,-6.70455500130124,Road_River,1871,4520,12.8,10,31.5,A_CLASS,11753,5,,8.02,1,Inland,Low,3,Masonry_Arch
684,55.1029385118776,-6.69096152867264,Road_River,1873,4514,8.5,10,59.7,A_CLASS,10561,5,,7.89,1,Inland,Medium,2,Masonry_Arch
685,55.0998709169361,-6.68764442693364,Road_River,1873,4516,12,10,7.3,A_CLASS,10561,5,,8.28,1,Inland,Low,2,RC_Slab
686,55.0923774068583,-6.72927195517824,Road_River,1874,4582,2.6,10,16.8,A_CLASS,11753,5,,8.38,1,Inland,Low,1,Masonry_Arch
687,55.0927747548206,-6.72491493538223,Road_River,1874,4584,4.7,10,34.6,A_CLASS,11753,5,,8.43,1,Inland,Low,1,RC_Slab
688,55.0908110416124,-6.68281052430802,Road_River,1876,4575,3.1,10,8.5,A_CLASS,10561,5,,9.33,1,Inland,Low,1,Masonry_Arch
689,55.0826541886422,-6.68303211397467,Road_River,1878,4576,2.4,10,30.8,A_CLASS,10561,5,,10.19,1,Inland,Low,1,Masonry_Arch
690,55.1091711408156,-6.61323370087762,Road_River,1881,4498,8.6,10,33.2,A_CLASS,9071,5,,10.04,1,Inland,Low,2,Masonry_Arch
691,55.0649836171135,-6.48183613836609,Road_River,1883,4616,2.4,10,37.6,A_CLASS,9965,5,,17.25,1,Inland,Low,1,Masonry_Arch
692,55.0586344489473,-6.60922078655216,Road_River,1886,4640,1.8,10,27.7,A_CLASS,10561,5,,14.59,1,Inland,Low,1,Culvert
693,55.059442859887,-6.68324442510035,Road_River,1887,4653,4.8,10,25,A_CLASS,11157,5,,12.68,1,Inland,Low,1,RC_Slab
694,55.0514033970391,-6.68314899750581,Road_River,1887,4712,1.5,10,19.3,A_CLASS,11157,5,,13.55,1,Inland,Low,1,Culvert
695,55.0305937040339,-6.68244432045821,Road_River,1890,4820,14.3,10,0.599999999999994,A_CLASS,9369,5,,15.82,1,Inland,Medium,1,Bespoke_Viaduct
696,55.0310642763407,-6.6825621445214,Road_River,1890,4821,1.9,10,38.8,A_CLASS,9369,5,,15.77,1,Inland,Low,1,Masonry_Arch
697,55.0539298630775,-6.60754076573177,Road_River,1894,4703,7.7,10,2,A_CLASS,10561,5,,15.1,1,Inland,Low,1,RC_Slab
698,54.7820441706777,-5.73766240574385,Road_River,1897,8162,6.4,10,57.6,A_CLASS,7282,5,,0.58,1,Marine,Medium,2,Masonry_Arch
699,54.781675165651,-5.73758728620298,Road_River,1897,11391,1.7,10,57.1,A_CLASS,7282,5,,0.59,1,Marine,Low,1,Culvert
700,54.798996379819,-5.74543466611845,Road_River,1897,12218,2.4,10,0.700000000000003,A_CLASS,7282,5,,0.18,1,Marine,Low,1,Masonry_Arch
701,54.8057563023481,-5.74951437587448,Road_River,1897,12219,1.9,10,9,A_CLASS,7282,5,,0.09,1,Marine,Low,1,Masonry_Arch
702,54.8031141602654,-5.74821826138414,Road_River,1897,12220,2.4,10,2.5,A_CLASS,7282,5,,0.09,1,Marine,Low,1,Masonry_Arch
703,54.8099712030256,-5.75322217740325,Road_River,1897,12221,1.7,10,24.2,A_CLASS,7282,5,,0.04,1,Marine,Low,1,Culvert
704,54.6543257539063,-5.69231988902089,Road_River,1902,12245,1.9,10,26.7,A_CLASS,16224,5,,1.18,1,Coastal,Low,1,Masonry_Arch
705,54.3894005993598,-5.52391280548606,Road_River,1920,8246,4.7,10,69.3,A_CLASS,9369,5,,1.86,1,Coastal,Medium,1,RC_Slab
706,54.3940637492542,-5.52141052203563,Road_River,1920,11846,1.3,10,20.3,A_CLASS,9369,5,,2.31,1,Coastal,Low,1,Culvert
707,54.4273476517875,-5.48601923609199,Road_River,1925,11800,2.9,10,43.6,A_CLASS,9071,5,,0.37,1,Marine,Low,1,Masonry_Arch
708,54.4198443111821,-5.50109222633469,Road_River,1926,11801,3.1,10,36.8,A_CLASS,9071,5,,1.5,1,Coastal,Low,1,Masonry_Arch
709,54.454685630947,-5.52857684082262,Road_River,1927,12302,4.4,10,17.4,A_CLASS,9965,5,,0.01,1,Marine,Low,1,Masonry_Arch
710,54.4521916163184,-5.53013805776464,Road_River,1927,12303,1.3,10,30.4,A_CLASS,9965,5,,0.09,1,Marine,Low,1,Culvert
711,54.433024951034,-5.53364005616343,Road_River,1928,12340,2.8,10,15.6,A_CLASS,9965,5,,0.02,1,Marine,Low,1,Masonry_Arch
712,54.4400683981688,-5.53399431723569,Road_River,1931,12305,1.9,10,14.6,A_CLASS,9965,5,,0.04,1,Marine,Low,1,Masonry_Arch
713,54.4135831203056,-5.50587474517439,Road_River,1934,11845,3.4,10,50.8,A_CLASS,9071,5,,2.11,1,Coastal,Low,1,Masonry_Arch
714,54.4998264773806,-5.46471648625007,Road_River,1938,12289,2.8,10,11.8,A_CLASS,5792,5,,0.01,1,Marine,Low,1,Masonry_Arch
715,54.4856613419997,-5.52946203996964,Road_River,1939,12300,1.9,10,42.1,A_CLASS,9965,5,,0.02,1,Marine,Low,1,Masonry_Arch
716,55.045538480293,-6.59514515037357,Road_River,1941,4704,16.7,10,8.7,A_CLASS,10561,5,,16.31,1,Inland,High,3,RC_Slab
717,55.2078376300195,-6.58902833294251,Road_River,1946,11249,1.7,10,6.2,A_CLASS,9071,5,,0.01,1,Marine,Low,1,Culvert
718,55.2050328265485,-6.60742086601172,Road_River,1946,11250,2.3,10,14,A_CLASS,9071,5,,0.07,1,Marine,Low,1,Masonry_Arch
719,55.2086624131929,-6.58061329641797,Road_River,1946,11252,3.3,10,44.1,A_CLASS,9071,5,,0.13,1,Marine,Low,1,Masonry_Arch
720,55.2003792833545,-6.6166617604705,Road_River,1947,11253,1.1,10,12.8,A_CLASS,16224,5,,0.68,1,Marine,Low,1,Culvert
721,55.2001879704133,-6.64619781495676,Road_River,1949,11254,2.2,10,24.1,A_CLASS,16224,5,,0.42,1,Marine,Low,1,Masonry_Arch
722,54.1093972856206,-6.2738506809583,Road_River,1952,13502,2.6,10,0.5,A_CLASS,11157,5,,0.84,1,Marine,Low,1,Masonry_Arch
723,54.1009399324995,-6.23107283912914,Road_River,1959,13484,4.5,10,4.59999999999999,A_CLASS,16224,5,,0.09,1,Marine,Low,1,Masonry_Arch
724,54.1015018512346,-6.23092167034394,Road_River,1959,13484,8.2,10,6.90000000000001,A_CLASS,16224,5,,0.13,1,Marine,Low,1,RC_Slab
725,54.1011155751336,-6.23731720913672,Road_River,1959,13511,1.7,10,29.2,A_CLASS,16224,5,,0.04,1,Marine,Low,1,Culvert
726,54.1000533515254,-6.24368113861767,Road_River,1960,13513,2,10,6.59999999999999,A_CLASS,16224,5,,0.02,1,Marine,Low,1,Masonry_Arch
727,54.099882661879,-6.21348329908613,Road_River,1963,13482,1.3,10,14.6,A_CLASS,11753,5,,0.01,1,Marine,Low,1,Culvert
728,54.099815602398,-6.20424223997947,Road_River,1963,13483,4.2,10,4.5,A_CLASS,11753,5,,0.08,1,Marine,Low,1,Masonry_Arch
729,54.0980258100046,-6.1987455937882,Road_River,1964,13512,21.3,10,7,A_CLASS,6388,5,,0.01,1,Marine,High,4,Bespoke_Viaduct
730,54.0985258738067,-6.19784016335509,Road_River,1964,13512,17.5,10,6.59999999999999,A_CLASS,6388,5,,0.09,1,Marine,Medium,1,Bespoke_Viaduct
731,54.1089730996517,-6.27439341147764,Road_River,1967,13502,4.2,10,0.400000000000006,A_CLASS,11157,5,,0.82,1,Marine,Low,1,Masonry_Arch
732,54.2323928907417,-6.19054794598747,Road_River,1968,12468,1.8,10,5.2,A_CLASS,15926,5,,14.72,1,Inland,Low,1,Culvert
733,54.2320058010978,-6.19230299406871,Road_River,1968,12474,2.2,10,0.400000000000006,A_CLASS,15926,5,,14.67,1,Inland,Low,1,Masonry_Arch
734,54.2059346915424,-6.36870863434636,Road_River,1986,12507,2.4,10,23.7,A_CLASS,16224,5,,13.18,1,Inland,Low,1,Masonry_Arch
735,54.1766066208846,-6.33951607062881,Road_River,1989,12818,19.1,10,2,A_CLASS,16224,5,,9.42,1,Inland,High,4,RC_Slab
736,54.1765041834097,-6.33882321055095,Road_River,1989,13509,24.2,10,7.90000000000001,A_CLASS,16224,5,,9.39,1,Inland,High,5,Bespoke_Viaduct
737,54.1772210541166,-6.33913936247304,Road_River,1992,12818,76.3,10,75,A_CLASS,16224,5,,9.47,1,Inland,High,13,Bespoke_Viaduct
738,54.1780377214923,-6.33848510473813,Road_River,1992,12818,43.2,10,70.5,A_CLASS,16224,5,,9.53,1,Inland,High,8,Bespoke_Viaduct
739,54.1787958672054,-6.33463478437613,Road_River,1993,12887,1.3,10,26.9,A_CLASS,16224,5,,9.48,1,Inland,Low,1,Culvert
740,54.1786302122801,-6.33748990772619,Road_River,1994,12818,13.2,10,13.9,A_CLASS,16224,5,,9.55,1,Inland,High,3,Masonry_Arch
741,54.1936740196458,-6.34926338516963,Road_River,1996,13461,12.3,10,24.8,A_CLASS,16224,5,,11.38,1,Inland,Low,3,Masonry_Arch
742,54.1938590177273,-6.34901137710073,Road_River,1996,13462,5.6,10,34.7,A_CLASS,16224,5,,11.39,1,Inland,Low,1,RC_Slab
743,54.2581435948115,-6.45016012971456,Road_River,2003,9303,3.6,10,52,A_CLASS,16224,5,,20.89,1,Inland,Medium,1,Masonry_Arch
744,54.2941849164466,-6.37499722216449,Road_River,2005,13455,1.7,10,7.5,A_CLASS,15926,5,,22.34,1,Inland,Low,1,Culvert
745,54.2872354785462,-6.37733318746419,Road_River,2008,12361,2,10,33.4,A_CLASS,15926,5,,21.66,1,Inland,Low,1,Masonry_Arch
746,54.2677159405074,-6.374088986686,Road_River,2009,12380,0.9,10,0.700000000000003,A_CLASS,13243,5,,19.55,1,Inland,Low,1,Culvert
747,54.2409812427408,-6.42384367360355,Road_River,2015,9441,9.7,10,75,A_CLASS,16224,5,,18.36,1,Inland,Low,2,RC_Slab
748,54.2421005240958,-6.42557515425316,Road_River,2015,9446,2.1,10,11.5,A_CLASS,16224,5,,18.52,1,Inland,Low,1,Masonry_Arch
749,54.2291467756234,-6.25118731214944,Road_River,2021,12434,1.1,10,21.6,A_CLASS,12945,5,,14.05,1,Inland,Low,1,Culvert
750,54.2297166305751,-6.24768275842206,Road_River,2021,12434,1.5,10,11.2,A_CLASS,12945,5,,14.13,1,Inland,Low,1,Culvert
751,54.2318771459889,-6.2308641468679,Road_River,2024,12428,3.2,10,27.6,A_CLASS,15926,5,,14.49,1,Inland,Low,1,Masonry_Arch
752,54.2306880716318,-6.21377601275011,Road_River,2025,12419,1.1,10,6,A_CLASS,15926,5,,14.39,1,Inland,Low,1,Culvert
753,54.2298035036539,-6.20767858345604,Road_River,2026,12427,16,10,41.6,A_CLASS,15926,5,,14.32,1,Inland,Medium,3,RC_Slab
754,54.2237561342501,-6.26293628534761,Road_River,2029,12491,2.7,10,23.1,A_CLASS,12945,5,,13.41,1,Inland,Low,1,Masonry_Arch
755,54.1815469073021,-6.4681702203309,Road_River,2032,9752,1.6,10,26.2,A_CLASS,14436,5,,15.63,1,Inland,Low,1,Culvert
756,54.1785332571947,-6.45448355378435,Road_River,2036,9826,1,10,8.5,A_CLASS,14436,5,,14.71,1,Inland,Low,1,Culvert
757,54.1958295399514,-6.33396976139339,Road_River,2045,12733,2.3,10,51.5,A_CLASS,16224,5,,11.18,1,Inland,Low,1,Masonry_Arch
758,54.1949235599407,-6.34735865029598,Road_River,2047,12737,19.5,10,11.6,A_CLASS,16224,5,,11.45,1,Inland,High,4,RC_Slab
759,54.1866906963227,-6.37070780716112,Road_River,2064,13459,3.1,10,10.5,A_CLASS,16224,5,,11.45,1,Inland,Low,1,Masonry_Arch
760,54.1796978235152,-6.33585593210508,Road_River,2073,12817,54,10,35.2,A_CLASS,16224,5,,9.61,1,Inland,High,2,Bespoke_Viaduct
761,54.1797026735646,-6.3367467980063,Road_River,2073,12818,20.4,10,3.09999999999999,A_CLASS,16224,5,,9.64,1,Inland,High,4,Bespoke_Viaduct
762,54.1778095726621,-6.33640518691538,Road_River,2083,13509,20.8,10,8,A_CLASS,16224,5,,9.44,1,Inland,High,4,Bespoke_Viaduct
763,54.173695458744,-6.34125188903157,Road_River,2084,12818,18.1,10,54.8,A_CLASS,16224,5,,9.2,1,Inland,High,4,RC_Slab
764,54.1741895079697,-6.34102183541917,Road_River,2084,12818,88.8,10,75,A_CLASS,16224,5,,9.24,1,Inland,High,15,Bespoke_Viaduct
765,54.1688581439626,-6.34305218431061,Road_River,2087,13470,3.3,10,40.4,A_CLASS,16224,5,,8.81,1,Inland,Low,1,Masonry_Arch
766,54.1710551677995,-6.33967033399161,Road_River,2089,12818,18.6,10,0.400000000000006,A_CLASS,16224,5,,8.9,1,Inland,High,4,RC_Slab
767,54.1711807066641,-6.33905871339349,Road_River,2089,13509,27,10,37.9,A_CLASS,16224,5,,8.89,1,Inland,High,5,Bespoke_Viaduct
768,54.1768490303266,-6.42035315388916,Road_River,2096,12821,2.4,10,8.5,A_CLASS,16224,5,,12.85,1,Inland,Low,1,Masonry_Arch
769,54.1816858300542,-6.40642181208402,Road_River,2102,12819,1.6,10,14.8,A_CLASS,16224,5,,12.54,1,Inland,Low,1,Culvert
770,54.2485552919855,-6.37508140947881,Road_River,2119,12408,1.5,10,13.2,A_CLASS,16224,5,,17.6,1,Inland,Low,1,Culvert
771,54.2371287656107,-6.37042411905135,Road_River,2119,12444,4.2,10,27.5,A_CLASS,16224,5,,16.32,1,Inland,Low,1,Masonry_Arch
772,54.2432316513156,-6.37323358722618,Road_River,2119,12445,0.9,10,2.3,A_CLASS,16224,5,,17.01,1,Inland,Low,1,Culvert
773,54.2283107182429,-6.39957312950516,Road_River,2123,12507,1.2,10,35.9,A_CLASS,16224,5,,16.33,1,Inland,Low,1,Culvert
774,54.231334000341,-6.40496816472183,Road_River,2123,12507,4,10,58.2,A_CLASS,16224,5,,16.8,1,Inland,Low,1,Masonry_Arch
775,54.2264862598805,-6.31841604924854,Road_River,2125,12501,2.8,10,45.3,A_CLASS,16224,5,,14.11,1,Inland,Low,1,Masonry_Arch
776,54.2288083575915,-6.36538102957592,Road_River,2129,12439,2.2,10,30.9,A_CLASS,16224,5,,15.35,1,Inland,Low,1,Masonry_Arch
777,54.2217564656838,-6.26820969362961,Road_River,2133,12492,3.7,10,5.90000000000001,A_CLASS,15628,5,,13.19,1,Inland,Low,1,Masonry_Arch
778,54.2204070224812,-6.31980123976633,Road_River,2137,12503,22.6,10,16.1,A_CLASS,16224,5,,13.48,1,Inland,Medium,1,Bespoke_Viaduct
779,54.2107522512336,-6.37478302515584,Road_River,2141,12507,3.6,10,49.5,A_CLASS,16224,5,,13.84,1,Inland,Low,1,Masonry_Arch
780,54.2070602468934,-6.29377660998081,Road_River,2146,12730,1.5,10,20.5,A_CLASS,15628,5,,11.69,1,Inland,Low,1,Culvert
781,54.2012373345429,-6.35488765131129,Road_River,2147,13461,10.8,10,28.3,A_CLASS,16224,5,,12.3,1,Inland,Low,2,RC_Slab
782,54.1959724453968,-6.30789298918868,Road_River,2154,12812,28.6,10,48.4,A_CLASS,16224,5,,10.66,1,Inland,High,5,Bespoke_Viaduct
783,54.1195673229814,-6.35541105764818,Road_River,2160,12616,3,10,56.9,A_CLASS,14436,5,,5.99,1,Inland,Low,1,Masonry_Arch
784,54.1965871847821,-6.35781726433032,Road_River,2162,12738,4.5,10,4.59999999999999,A_CLASS,16224,5,,11.93,1,Inland,Low,1,Masonry_Arch
785,54.3876976235374,-6.44937640382238,Road_River,2166,8298,4.9,10,38.7,A_CLASS,16224,5,,33.73,1,Inland,Low,1,RC_Slab
786,54.4101493982622,-6.455983093698,Road_River,2170,7823,1.5,10,1.8,A_CLASS,16224,5,,36.21,1,Inland,Low,1,Culvert
787,54.4038751888257,-6.45516836775813,Road_River,2170,7973,3.3,10,1.2,A_CLASS,16224,5,,35.54,1,Inland,Low,1,Masonry_Arch
788,54.3070588356946,-6.37129001800033,Road_River,2172,12354,3.9,10,19.1,A_CLASS,15926,5,,23.64,1,Inland,Low,1,Masonry_Arch
789,54.37204840528,-6.3600385490287,Road_River,2184,7957,11.2,10,14,A_CLASS,12647,5,,30.47,1,Inland,High,2,RC_Slab
790,54.3725945892274,-6.35933319980112,Road_River,2185,8294,3.1,10,68.6,A_CLASS,12647,5,,30.52,1,Inland,Low,1,Masonry_Arch
791,54.3721444628225,-6.35895420771658,Road_River,2186,8294,2.1,10,27.7,A_CLASS,12647,5,,30.47,1,Inland,Low,1,Masonry_Arch
792,54.3316046400888,-6.18265725484568,Road_River,2189,8428,4.4,10,47.3,A_CLASS,11455,5,,22.8,1,Inland,Medium,1,Masonry_Arch
793,54.333216760381,-6.18520698307718,Road_River,2189,8428,5,10,34.2,A_CLASS,11455,5,,23.02,1,Inland,Low,1,RC_Slab
794,54.3346903559782,-6.18795590343736,Road_River,2189,8428,4.2,10,21.7,A_CLASS,11455,5,,23.25,1,Inland,Low,1,Masonry_Arch
795,54.3293460971163,-6.17936554254801,Road_River,2189,9857,3.7,10,0.200000000000003,A_CLASS,11455,5,,22.5,1,Inland,Low,1,Masonry_Arch
796,54.3387111888982,-6.19871268243898,Road_River,2190,8646,1.1,10,20.5,A_CLASS,13243,5,,24.06,1,Inland,Low,1,Culvert
797,54.3404823957044,-6.20820180149656,Road_River,2191,8648,1.1,10,19.4,A_CLASS,13243,5,,24.7,1,Inland,Low,1,Culvert
798,54.3429871368288,-6.21729694104564,Road_River,2191,8653,1.1,10,3.8,A_CLASS,13243,5,,25.35,1,Inland,Low,1,Culvert
799,54.3570678676812,-6.23907222251264,Road_River,2194,8285,15,10,75,A_CLASS,14734,5,,27.28,1,Inland,Medium,3,RC_Slab
800,54.3553058525848,-6.24082087171644,Road_River,2195,8285,6.1,10,44.7,A_CLASS,14734,5,,27.3,1,Inland,Medium,2,Masonry_Arch
801,54.3545250046641,-6.25616105223087,Road_River,2197,8282,2.1,10,1.59999999999999,A_CLASS,14734,5,,27.94,1,Inland,Low,1,Masonry_Arch
802,54.3350389139934,-6.37755769428459,Road_River,2204,8662,1.4,10,37.4,A_CLASS,16224,5,,26.73,1,Inland,Low,1,Culvert
803,54.3402874551795,-6.38782492345635,Road_River,2205,8782,8.5,10,75,A_CLASS,16224,5,,27.47,1,Inland,Low,2,Masonry_Arch
804,54.3406212747685,-6.38880196218042,Road_River,2205,8782,4.2,10,75,A_CLASS,16224,5,,27.53,1,Inland,Low,1,Masonry_Arch
805,54.3362239395327,-6.38035405147657,Road_River,2206,8666,3.6,10,59,A_CLASS,16224,5,,26.91,1,Inland,Medium,1,Masonry_Arch
806,54.3394329439535,-6.38553044624173,Road_River,2206,8782,6.7,10,72.1,A_CLASS,16224,5,,27.34,1,Inland,Low,2,Masonry_Arch
807,54.3580321939046,-6.39189692834415,Road_River,2212,8295,15.6,10,17.6,A_CLASS,10263,5,,29.44,1,Inland,High,3,RC_Slab
808,54.3639091194359,-6.38203445346866,Road_River,2218,9859,3.5,10,12.1,A_CLASS,10263,5,,29.9,1,Inland,Low,1,Masonry_Arch
809,54.3405570583362,-6.27617364235634,Road_River,2220,8661,2.7,10,32,A_CLASS,15926,5,,26.38,1,Inland,Low,1,Masonry_Arch
810,54.3505918287495,-6.2665898534876,Road_River,2223,8283,3.4,10,14.4,A_CLASS,16224,5,,27.49,1,Inland,Low,1,Masonry_Arch
811,54.3512716513817,-6.2677584127967,Road_River,2227,8284,22.5,10,7.5,A_CLASS,15926,5,,27.57,1,Inland,High,4,Bespoke_Viaduct
812,54.3697629280672,-6.28054439059613,Road_River,2228,8286,1.6,10,32.6,A_CLASS,15032,5,,29.63,1,Inland,Low,1,Culvert
813,54.3806522470031,-6.44369540933683,Road_River,2231,7971,3.3,10,47.9,A_CLASS,16224,5,,32.86,1,Inland,Low,1,Masonry_Arch
814,54.4298531873296,-6.45899714237515,Road_River,2250,7672,12.4,10,17.8,A_CLASS,16224,5,,38.34,1,Inland,Low,3,Masonry_Arch
815,54.4036555168535,-6.40594515676511,Road_River,2254,7819,4.4,10,20,A_CLASS,14138,5,,34.56,1,Inland,Low,1,Masonry_Arch
816,54.3864217002252,-6.37537012252429,Road_River,2256,7963,1.2,10,24.6,A_CLASS,10263,5,,32.23,1,Inland,Low,1,Culvert
817,54.4499582863056,-6.37909298544433,Road_River,2265,7453,7.2,10,15.4,A_CLASS,16224,5,,33.87,1,Inland,Low,2,Masonry_Arch
818,54.44220573546,-6.397863703642,Road_River,2267,7455,1.6,10,0,A_CLASS,16224,5,,35.34,1,Inland,Low,1,Culvert
819,54.4489116423137,-6.40635663415156,Road_River,2272,7455,2.1,10,1.2,A_CLASS,16224,5,,35.46,1,Inland,Low,1,Masonry_Arch
820,54.3933522563898,-6.27629121600539,Road_River,2286,11958,2.7,10,43.1,A_CLASS,13840,5,,31.31,1,Inland,Low,1,Masonry_Arch
821,54.4566924316431,-6.32267123650054,Road_River,2295,7491,4.2,10,23.3,A_CLASS,12051,5,,30.35,1,Inland,Low,1,Masonry_Arch
822,54.3519724564285,-6.45037500109818,Road_River,2301,8786,1.6,10,7.40000000000001,A_CLASS,16224,5,,30.07,1,Inland,Low,1,Culvert
823,54.3747630072049,-6.36282054675692,Road_River,2303,8294,4.9,10,75,A_CLASS,12647,5,,30.8,1,Inland,Low,1,RC_Slab
824,54.3743573004508,-6.36169615301246,Road_River,2303,8294,4.1,10,75,A_CLASS,12647,5,,30.74,1,Inland,Low,1,Masonry_Arch
825,54.378079257625,-6.36581010733075,Road_River,2303,9888,2.7,10,32.6,A_CLASS,12647,5,,31.2,1,Inland,Low,1,Masonry_Arch
826,54.4251761948616,-6.43903840434664,Road_River,2314,7670,25.1,10,10.2,A_CLASS,16224,5,,37.45,1,Inland,High,5,Bespoke_Viaduct
827,54.4274276410694,-6.44049355971136,Road_River,2316,7670,38,10,35.1,A_CLASS,16224,5,,37.72,1,Inland,High,7,Bespoke_Viaduct
828,54.4627870187851,-6.33751309419769,Road_River,2323,7491,4.5,10,45.3,A_CLASS,16224,5,,30.83,1,Inland,Medium,1,Masonry_Arch
829,54.4595316753623,-6.32614187344343,Road_River,2336,7490,1.4,10,24.9,A_CLASS,12051,5,,30.38,1,Inland,Low,1,Culvert
830,54.3778807419196,-6.29341962963319,Road_River,2344,7952,2.1,10,3.8,A_CLASS,15032,5,,30.57,1,Inland,Low,1,Masonry_Arch
831,54.4543949773354,-6.31680168493122,Road_River,2350,7492,3.3,10,26.4,A_CLASS,12051,5,,30.16,1,Inland,Low,1,Masonry_Arch
832,54.4336311231594,-6.29875163117403,Road_River,2356,8234,2.1,10,21.1,A_CLASS,12051,5,,30.52,1,Inland,Low,1,Masonry_Arch
833,54.3994741368591,-6.39008288774283,Road_River,2358,7814,3.9,10,13.1,A_CLASS,14138,5,,33.86,1,Inland,Low,1,Masonry_Arch
834,54.4585439877785,-6.35482078466369,Road_River,2361,7444,1.1,10,0.299999999999997,A_CLASS,16224,5,,32.03,1,Inland,Low,1,Culvert
835,54.3490605705447,-6.40569804868647,Road_River,2362,8669,14.6,10,11.1,A_CLASS,16224,5,,28.75,1,Inland,High,3,RC_Slab
836,54.4506997704531,-6.37967522023136,Road_River,2374,7453,6.3,10,19.5,A_CLASS,16224,5,,33.86,1,Inland,Low,1,RC_Slab
837,54.6232505082322,-6.21273325690906,Road_River,2397,6959,8.9,10,21.6,A_CLASS,14734,5,,18.93,1,Inland,Low,2,Masonry_Arch
838,54.6242166604428,-6.2113187414707,Road_River,2401,6961,1.1,10,0.700000000000003,A_CLASS,14734,5,,18.85,1,Inland,Low,1,Culvert
839,54.5963191517337,-6.20997469811776,Road_River,2413,7064,7.3,10,6.3,A_CLASS,16224,5,,18.6,1,Inland,Low,2,Masonry_Arch
840,54.6320555814251,-6.19048196703723,Road_River,2430,6957,1.9,10,20.5,A_CLASS,9369,5,,17.63,1,Inland,Low,1,Masonry_Arch
841,54.6383709042934,-6.1517269689001,Road_River,2433,6890,1.1,10,11.9,A_CLASS,16224,5,,15.23,1,Inland,Low,1,Culvert
842,54.5818703481759,-6.2114485605212,Road_River,2445,7104,2.6,10,27.5,A_CLASS,16224,5,,18.8,1,Inland,Low,1,Masonry_Arch
843,54.6248757618425,-6.1562107264948,Road_River,2446,7020,7.2,10,27.7,A_CLASS,16224,5,,15.34,1,Inland,Low,1,RC_Slab
844,54.4931024216485,-6.19380680971278,Road_River,2461,11736,2.1,10,22,A_CLASS,13243,5,,21.18,1,Inland,Low,1,Masonry_Arch
845,54.4936138438238,-6.18930973207536,Road_River,2461,11740,2.9,10,22.6,A_CLASS,13243,5,,20.91,1,Inland,Low,1,Masonry_Arch
846,54.4907730720577,-6.20268359137352,Road_River,2471,11735,4.2,10,48.8,A_CLASS,16224,5,,21.8,1,Inland,Medium,1,Masonry_Arch
847,54.4890375798714,-6.20730428449275,Road_River,2471,11739,3.6,10,6.90000000000001,A_CLASS,16224,5,,22.15,1,Inland,Low,1,Masonry_Arch
848,54.5378996300244,-6.20452072369589,Road_River,2474,7134,2.4,10,21.2,A_CLASS,16224,5,,19.5,1,Inland,Low,1,Masonry_Arch
849,54.537231427595,-6.20508576784576,Road_River,2474,7162,2.8,10,1.3,A_CLASS,16224,5,,19.56,1,Inland,Low,1,Masonry_Arch
850,54.700337589735,-6.14760684408856,Road_River,2485,6704,3.8,10,23.2,A_CLASS,13840,5,,16.18,1,Inland,Low,1,Masonry_Arch
851,54.667844799942,-6.19031142265287,Road_River,2489,6824,1.1,10,3.90000000000001,A_CLASS,11455,5,,17.93,1,Inland,Low,1,Culvert
852,54.6644947475704,-6.1778042162571,Road_River,2490,6826,4.3,10,0.0999999999999943,A_CLASS,11455,5,,17.09,1,Inland,Low,1,Masonry_Arch
853,54.662440548393,-6.17793617854857,Road_River,2491,6891,1.5,10,34.2,A_CLASS,11455,5,,17.06,1,Inland,Low,1,Culvert
854,54.7340044184783,-6.23087499497527,Road_River,2500,6603,6.1,10,3.7,A_CLASS,13541,5,,22.56,1,Inland,Low,1,RC_Slab
855,54.7245302351278,-6.22180995223264,Road_River,2509,6677,4.3,10,24.1,A_CLASS,16224,5,,21.63,1,Inland,Low,1,Masonry_Arch
856,54.7281311837982,-6.25628877170141,Road_River,2514,6604,3.7,10,37,A_CLASS,13541,5,,23.83,1,Inland,Low,1,Masonry_Arch
857,54.7218354316454,-6.23529195536807,Road_River,2514,6676,11.5,10,28.3,A_CLASS,13541,5,,22.31,1,Inland,Low,1,Bespoke_Viaduct
858,54.7234765780504,-6.24703266810012,Road_River,2514,17047,1.6,10,0.599999999999994,A_CLASS,13541,5,,23.08,1,Inland,Low,1,Culvert
859,54.7415193162118,-6.37486778297009,Road_River,2521,6610,1.4,10,0.700000000000003,A_CLASS,12647,5,,31.5,1,Inland,Low,1,Culvert
860,54.7431784880815,-6.36150701711813,Road_River,2522,6611,1.2,10,37.7,A_CLASS,11157,5,,30.75,1,Inland,Low,1,Culvert
861,54.7458215803404,-6.30865130605553,Road_River,2524,6605,2.1,10,4.5,A_CLASS,7580,5,,27.7,1,Inland,Low,1,Masonry_Arch
862,54.7429507829478,-6.40270339478034,Road_River,2526,6612,1.8,10,21.2,A_CLASS,12647,5,,33.24,1,Inland,Low,1,Culvert
863,54.8301355478244,-6.16140874438396,Road_River,2528,5905,3.1,10,56.8,A_CLASS,8475,5,,20.14,1,Inland,Low,1,Masonry_Arch
864,54.6716016951401,-6.18118364826051,Road_River,2537,6824,2,10,1.59999999999999,A_CLASS,14734,5,,17.41,1,Inland,Low,1,Masonry_Arch
865,54.704595842758,-6.19027453289113,Road_River,2538,6719,19.8,10,8.59999999999999,A_CLASS,14734,5,,18.92,1,Inland,High,4,RC_Slab
866,54.6676946453625,-6.19129507385871,Road_River,2547,6827,7.2,10,70.2,A_CLASS,9667,5,,17.99,1,Inland,Medium,2,Masonry_Arch
867,54.7444079680917,-6.42332377536252,Road_River,2548,6614,2.6,10,28,A_CLASS,11753,5,,34.56,1,Inland,Low,1,Masonry_Arch
868,54.7492673152266,-6.31744329949616,Road_River,2549,6608,44.9,10,21.1,A_CLASS,9965,5,,28.38,1,Inland,High,8,Bespoke_Viaduct
869,54.7147343553623,-6.2222806886814,Road_River,2553,6678,24.7,10,27.7,A_CLASS,16224,5,,21.24,1,Inland,High,5,Bespoke_Viaduct
870,54.7088502428145,-6.21934352325879,Road_River,2554,6722,2,10,14.7,A_CLASS,16224,5,,20.84,1,Inland,Low,1,Masonry_Arch
871,54.7083987635215,-6.21765740448882,Road_River,2554,6723,22.4,10,22.1,A_CLASS,16224,5,,20.72,1,Inland,High,4,Bespoke_Viaduct
872,54.8701338585675,-6.28194332223873,Road_River,2564,5679,2.4,10,50.7,A_CLASS,16224,5,,22.63,1,Inland,Medium,1,Masonry_Arch
873,54.8940111182807,-6.20213163200418,Road_River,2568,5350,1.9,10,29.5,A_CLASS,11753,5,,16.89,1,Inland,Low,1,Masonry_Arch
874,54.8941572946952,-6.20123124010711,Road_River,2568,5502,25.1,10,33.9,A_CLASS,11753,5,,16.83,1,Inland,High,5,Bespoke_Viaduct
875,54.8625946672664,-6.27979322919941,Road_River,2578,5677,6.7,10,70.8,A_CLASS,16224,5,,22.99,1,Inland,Low,2,Masonry_Arch
876,54.8626856429332,-6.28101494763317,Road_River,2578,5679,3.3,10,21.4,A_CLASS,16224,5,,23.05,1,Inland,Low,1,Masonry_Arch
877,54.864753289005,-6.27907422791169,Road_River,2579,5679,2.2,10,32.4,A_CLASS,16224,5,,22.81,1,Inland,Low,1,Masonry_Arch
878,54.8698602349415,-6.28165645406941,Road_River,2580,5679,4,10,32.6,A_CLASS,16224,5,,22.63,1,Inland,Low,1,Masonry_Arch
879,54.8449798950649,-6.22095415871777,Road_River,2607,5769,1.8,10,51,A_CLASS,9667,5,,21.35,1,Inland,Low,1,Culvert
880,54.8454692716958,-6.2227259731159,Road_River,2607,5770,1.1,10,6.2,A_CLASS,9667,5,,21.4,1,Inland,Low,1,Culvert
881,54.855257591587,-6.27623170454536,Road_River,2610,5675,5.3,10,25.9,A_CLASS,14436,5,,23.28,1,Inland,Low,1,RC_Slab
882,54.8621266937214,-6.27851567789103,Road_River,2615,5676,11.6,10,5.7,A_CLASS,16224,5,,22.95,1,Inland,High,2,RC_Slab
883,54.8626654590146,-6.27838173784586,Road_River,2616,5677,1.8,10,47.9,A_CLASS,16224,5,,22.91,1,Inland,Low,1,Culvert
884,54.8649895606782,-6.27887066434163,Road_River,2624,5679,2.3,10,23.2,A_CLASS,16224,5,,22.79,1,Inland,Low,1,Masonry_Arch
885,54.8687889634137,-6.28067361329259,Road_River,2634,5679,9.5,10,75,A_CLASS,16224,5,,22.65,1,Inland,Medium,2,RC_Slab
886,54.8696558877205,-6.28147220472207,Road_River,2636,5679,2.8,10,27.3,A_CLASS,16224,5,,22.64,1,Inland,Low,1,Masonry_Arch
887,54.8981642813062,-6.18029499233196,Road_River,2641,5498,1.3,10,15.8,A_CLASS,8176,5,,15.48,1,Inland,Low,1,Culvert
888,54.9007535081908,-6.16770224709989,Road_River,2642,5386,1.4,10,11.1,A_CLASS,8176,5,,14.66,1,Inland,Low,1,Culvert
889,54.9360324208271,-6.2556421734404,Road_River,2653,5260,2.5,10,0.299999999999997,A_CLASS,9965,5,,17.9,1,Inland,Low,1,Masonry_Arch
890,54.9513274944903,-6.23900871460225,Road_River,2655,5151,4.1,10,27.9,A_CLASS,9965,5,,16.4,1,Inland,Low,1,Masonry_Arch
891,54.9443836139645,-6.24979301196318,Road_River,2655,5152,2.1,10,24.7,A_CLASS,9965,5,,17.27,1,Inland,Low,1,Masonry_Arch
892,54.9628423200427,-6.22590731804355,Road_River,2656,5148,14.9,10,34.4,A_CLASS,9965,5,,15.3,1,Inland,High,3,RC_Slab
893,54.9670928379182,-6.22227270688342,Road_River,2657,4995,2.7,10,38.3,A_CLASS,12051,5,,14.86,1,Inland,Low,1,Masonry_Arch
894,54.9923840078247,-6.18333321188629,Road_River,2658,4985,4.6,10,0.700000000000003,A_CLASS,12051,5,,11.12,1,Inland,Low,1,RC_Slab
895,55.0109920519411,-6.14864963082836,Road_River,2659,4850,2.6,10,10.2,A_CLASS,6388,5,,8.07,1,Inland,Low,1,Masonry_Arch
896,55.0070145726936,-6.15274146396046,Road_River,2659,4851,5.7,10,50.5,A_CLASS,6388,5,,8.56,1,Inland,Medium,1,RC_Slab
897,54.8960991587543,-6.30937074077892,Road_River,2665,5368,1.9,10,11.2,A_CLASS,16224,5,,22.78,1,Inland,Low,1,Masonry_Arch
898,54.9001492751283,-6.30974033626309,Road_River,2671,5368,1.7,10,31.1,A_CLASS,16224,5,,22.61,1,Inland,Low,1,Culvert
899,54.8787378026526,-6.29798310652882,Road_River,2674,5368,1.2,10,0,A_CLASS,16224,5,,23.02,1,Inland,Low,1,Culvert
900,54.8784462682499,-6.2981918865717,Road_River,2675,5368,2,10,3.09999999999999,A_CLASS,16224,5,,23.04,1,Inland,Low,1,Masonry_Arch
901,54.8578752354518,-6.30128128283299,Road_River,2683,5681,2.7,10,0.599999999999994,A_CLASS,16224,5,,24.43,1,Inland,Low,1,Masonry_Arch
902,54.9981958613877,-6.35372172990616,Road_River,2690,5014,5.4,10,6.90000000000001,A_CLASS,8176,5,,20.3,1,Inland,Low,1,RC_Slab
903,54.993179216929,-6.3511312657561,Road_River,2690,5015,1.4,10,12.6,A_CLASS,8176,5,,20.34,1,Inland,Low,1,Culvert
904,54.9602545750512,-6.34035988507554,Road_River,2691,5166,2.8,10,15,A_CLASS,8176,5,,21.4,1,Inland,Low,1,Masonry_Arch
905,54.9612875272698,-6.3406300015564,Road_River,2691,5168,1,10,10,A_CLASS,8176,5,,21.35,1,Inland,Low,1,Culvert
906,54.8957989306712,-6.30913041988465,Road_River,2692,5368,4,10,57.7,A_CLASS,16224,5,,22.78,1,Inland,Low,1,Masonry_Arch
907,54.8567341418777,-6.32441294902486,Road_River,2695,833,31.6,10,1.3,A_CLASS,16224,5,,25.74,1,Inland,High,6,Bespoke_Viaduct
908,54.8526657689311,-6.34704652300074,Road_River,2699,5684,2.7,10,8.7,A_CLASS,14436,5,,27.21,1,Inland,Low,1,Masonry_Arch
909,54.8866014411201,-6.30593211773252,Road_River,2705,5368,1.8,10,26.1,A_CLASS,16224,5,,23.05,1,Inland,Low,1,Culvert
910,54.8890440022652,-6.30757106450987,Road_River,2705,5368,2.4,10,32,A_CLASS,16224,5,,23.02,1,Inland,Low,1,Masonry_Arch
911,54.8471751442005,-6.38741370413419,Road_River,2706,837,6.2,10,31.8,A_CLASS,13541,5,,29.76,1,Inland,Low,2,Masonry_Arch
912,54.8464976001357,-6.39460361748822,Road_River,2710,840,2.8,10,17.5,A_CLASS,13541,5,,30.2,1,Inland,Low,1,Masonry_Arch
913,54.8460124468758,-6.40249687851148,Road_River,2710,840,2.5,10,36.8,A_CLASS,13541,5,,30.67,1,Inland,Low,1,Masonry_Arch
914,54.846303890799,-6.4054455402006,Road_River,2710,840,5,10,41.3,A_CLASS,13541,5,,30.82,1,Inland,Medium,1,RC_Slab
915,54.8480828030092,-6.41180715227033,Road_River,2710,840,9.6,10,64.6,A_CLASS,13541,5,,31.08,1,Inland,Medium,2,RC_Slab
916,54.850172367815,-6.41598735856063,Road_River,2710,841,1.6,10,11.4,A_CLASS,13541,5,,31.21,1,Inland,Low,1,Culvert
917,54.8580713669325,-6.44046455781837,Road_River,2714,5686,2.2,10,13.8,A_CLASS,14138,5,,32.22,1,Inland,Low,1,Masonry_Arch
918,55.0173822801865,-6.37056074763621,Road_River,2718,4784,6.4,10,8.2,A_CLASS,9965,5,,20.69,1,Inland,Low,1,RC_Slab
919,55.0450913759426,-6.35730871928252,Road_River,2721,4674,3.4,10,56.6,A_CLASS,11753,5,,19.24,1,Inland,Low,1,Masonry_Arch
920,55.0359709595811,-6.35990837494017,Road_River,2723,4674,2.4,10,9.5,A_CLASS,10561,5,,19.6,1,Inland,Low,1,Masonry_Arch
921,55.0422000850267,-6.35757261635526,Road_River,2723,4674,4,10,60.4,A_CLASS,10561,5,,19.36,1,Inland,Low,1,Masonry_Arch
922,55.0343742900685,-6.36107046786586,Road_River,2723,4787,7.5,10,27.4,A_CLASS,10561,5,,19.71,1,Inland,Low,2,Masonry_Arch
923,55.0516626325578,-6.44042522113354,Road_River,2726,4680,2.4,10,7.90000000000001,A_CLASS,13840,5,,19.46,1,Inland,Low,1,Masonry_Arch
924,55.0465112237915,-6.42854304179037,Road_River,2727,4679,3.5,10,35.8,A_CLASS,13840,5,,20.27,1,Inland,Low,1,Masonry_Arch
925,55.0244969900615,-6.38571371506787,Road_River,2730,4790,1.8,10,25.3,A_CLASS,9965,5,,21.47,1,Inland,Low,1,Culvert
926,55.0327032470903,-6.40164686365127,Road_River,2730,4794,1.7,10,21.5,A_CLASS,9965,5,,21.75,1,Inland,Low,1,Culvert
927,55.189885543717,-6.28188266451536,Road_River,2731,10055,4,10,37.3,A_CLASS,11455,5,,2.91,1,Coastal,Low,1,Masonry_Arch
928,55.1829657656541,-6.28610496311513,Road_River,2732,10060,2.3,10,11.6,A_CLASS,11455,5,,3.71,1,Coastal,Low,1,Masonry_Arch
929,55.158357968892,-6.31046363323111,Road_River,2737,8459,3.4,10,35.1,A_CLASS,9369,5,,6.86,1,Inland,Low,1,Masonry_Arch
930,55.1785518482825,-6.29926646936253,Road_River,2738,10053,1.7,10,14.8,A_CLASS,9369,5,,4.58,1,Coastal,Low,1,Culvert
931,55.1712349636258,-6.30521952889518,Road_River,2738,10183,2.2,10,30.3,A_CLASS,9369,5,,5.46,1,Coastal,Low,1,Masonry_Arch
932,55.1149480853338,-6.33823758696735,Road_River,2739,10438,1,10,9.5,A_CLASS,11157,5,,11.82,1,Inland,Low,1,Culvert
933,55.1309403388478,-6.32588587199551,Road_River,2744,8098,14.2,10,3.09999999999999,A_CLASS,10561,5,,9.9,1,Inland,High,3,RC_Slab
934,55.1057650627231,-6.34439680370574,Road_River,2746,10572,1.7,10,29.9,A_CLASS,8773,5,,12.89,1,Inland,Low,1,Culvert
935,55.1003017977666,-6.35095071397501,Road_River,2746,10574,2.1,10,2.2,A_CLASS,8773,5,,13.63,1,Inland,Low,1,Masonry_Arch
936,55.1030565896647,-6.34829163772309,Road_River,2746,10575,2.7,10,15.5,A_CLASS,8773,5,,13.28,1,Inland,Low,1,Masonry_Arch
937,55.0941701029266,-6.35509324417732,Road_River,2747,10579,12.2,10,19.2,A_CLASS,8773,5,,14.35,1,Inland,Low,1,Bespoke_Viaduct
938,55.0896078507355,-6.35538424583088,Road_River,2748,8113,1.8,10,17.6,A_CLASS,8773,5,,14.79,1,Inland,Low,1,Culvert
939,55.0900657669986,-6.35537397733651,Road_River,2748,10576,3.5,10,50,A_CLASS,8773,5,,14.74,1,Inland,Medium,1,Masonry_Arch
940,55.0685680719022,-6.35303922211315,Road_River,2748,10800,3,10,41.3,A_CLASS,8773,5,,16.77,1,Inland,Low,1,Masonry_Arch
941,55.066047332611,-6.35341267827452,Road_River,2749,10800,3.6,10,50.7,A_CLASS,11753,5,,17.03,1,Inland,Low,1,Masonry_Arch
942,55.230378038649,-6.42081098736804,Road_River,2750,8157,3.8,10,54,A_CLASS,8176,5,,0.54,1,Marine,Low,1,Masonry_Arch
943,55.2327544395169,-6.38266204551534,Road_River,2751,8155,3.9,10,16.8,A_CLASS,7282,5,,0.47,1,Marine,Low,1,Masonry_Arch
944,55.2288304457057,-6.3951375067447,Road_River,2751,11091,1.1,10,3.59999999999999,A_CLASS,7282,5,,0.42,1,Marine,Low,1,Culvert
945,55.2311335845615,-6.38914784991977,Road_River,2751,11092,2.2,10,12.9,A_CLASS,7282,5,,0.4,1,Marine,Low,1,Masonry_Arch
946,55.2307413931091,-6.39042992602197,Road_River,2751,11093,1.7,10,7,A_CLASS,7282,5,,0.39,1,Marine,Low,1,Culvert
947,55.2029716693685,-6.23717932045401,Road_River,2752,9978,12.9,10,5.40000000000001,A_CLASS,16224,5,,0.1,1,Marine,High,3,Masonry_Arch
948,55.2003540054124,-6.25267894736771,Road_River,2754,9979,1.5,10,44.6,A_CLASS,16224,5,,1.03,1,Coastal,Low,1,Culvert
949,55.2118904257354,-6.34508295003959,Road_River,2760,9988,2.4,10,3.3,A_CLASS,10561,5,,2.73,1,Coastal,Low,1,Masonry_Arch
950,55.2055435574028,-6.33409023829663,Road_River,2761,9989,1.3,10,19.4,A_CLASS,6686,5,,3.01,1,Coastal,Low,1,Culvert
951,55.2031572083802,-6.31308067419749,Road_River,2761,10059,1.5,10,34.9,A_CLASS,6686,5,,2.89,1,Coastal,Low,1,Culvert
952,55.1981808312124,-6.28676816840128,Road_River,2762,9981,2.8,10,42.4,A_CLASS,11455,5,,2.37,1,Coastal,Low,1,Masonry_Arch
953,55.1989071503734,-6.29087190553828,Road_River,2762,9981,3.5,10,44,A_CLASS,11455,5,,2.48,1,Coastal,Low,1,Masonry_Arch
954,55.194919687369,-6.26607102104802,Road_River,2763,10056,3.1,10,6.40000000000001,A_CLASS,11455,5,,1.99,1,Coastal,Low,1,Masonry_Arch
955,55.2026481949138,-6.23577530262853,Road_River,2764,9975,46.9,10,26.1,A_CLASS,16224,5,,0.16,1,Marine,High,8,Bespoke_Viaduct
956,55.1966017526451,-6.18142924901437,Road_River,2767,9969,5.5,10,17.2,A_CLASS,9667,5,,1.7,1,Coastal,Low,1,RC_Slab
957,55.1990707377748,-6.1858623946611,Road_River,2767,9970,8.6,10,59.4,A_CLASS,9667,5,,1.37,1,Coastal,Medium,1,RC_Slab
958,55.2277130880881,-6.40431801913699,Road_River,2770,8156,2.3,10,37.1,A_CLASS,7282,5,,0.41,1,Marine,Low,1,Masonry_Arch
959,55.2230495102279,-6.37073539105246,Road_River,2772,9924,2.2,10,16.5,A_CLASS,7282,5,,1.78,1,Coastal,Low,1,Masonry_Arch
960,55.2015253587627,-6.25571884568606,Road_River,2777,9979,1.9,10,59.4,A_CLASS,16224,5,,1.13,1,Coastal,Low,1,Masonry_Arch
961,55.1962418753789,-6.26844257314981,Road_River,2778,10056,5.6,10,45.1,A_CLASS,11455,5,,1.9,1,Coastal,Medium,1,RC_Slab
962,55.1951510887943,-6.27270956837207,Road_River,2779,10056,6,10,51.7,A_CLASS,11455,5,,2.12,1,Coastal,Medium,1,RC_Slab
963,55.1974028540021,-6.27861435669439,Road_River,2779,10056,2.6,10,43.4,A_CLASS,11455,5,,2.1,1,Coastal,Medium,1,Masonry_Arch
964,54.0699209936156,-6.14219801430752,Road_River,2781,13517,1.9,10,14.9,A_CLASS,6388,5,,0.63,1,Marine,Low,1,Masonry_Arch
965,54.0710421907198,-6.15850983446455,Road_River,2782,13490,1.6,10,22.6,A_CLASS,6686,5,,0.59,1,Marine,Low,1,Culvert
966,54.0753420809085,-6.17950000278016,Road_River,2782,13491,1.9,10,12.5,A_CLASS,6686,5,,0.1,1,Marine,Low,1,Masonry_Arch
967,54.0682683046818,-5.99509510424242,Road_River,2784,13426,7.5,10,17.7,A_CLASS,14138,5,,0.77,1,Marine,Low,2,Masonry_Arch
968,54.0971790245592,-5.91615842515399,Road_River,2788,13480,2.7,10,2.59999999999999,A_CLASS,6686,5,,0.24,1,Marine,Low,1,Masonry_Arch
969,54.0755337591357,-5.96391181135343,Road_River,2793,13514,2.1,10,16.5,A_CLASS,12349,5,,0.47,1,Marine,Low,1,Masonry_Arch
970,54.0875329854909,-5.93246839121979,Road_River,2794,13486,1.4,10,8.09999999999999,A_CLASS,12349,5,,0.04,1,Marine,Low,1,Culvert
971,54.280800686855,-6.06441320161449,Road_River,2805,8995,2.1,10,41,A_CLASS,13541,5,,13.69,1,Inland,Medium,1,Masonry_Arch
972,54.2773993651998,-6.04570322630217,Road_River,2806,8994,4.3,10,0.900000000000006,A_CLASS,10263,5,,12.43,1,Inland,Low,1,Masonry_Arch
973,54.276182887475,-6.03965146622745,Road_River,2807,8994,3.5,10,5.5,A_CLASS,12051,5,,12.02,1,Inland,Low,1,Masonry_Arch
974,54.2824330854747,-5.86149752802564,Road_River,2815,12188,12.4,10,22.3,A_CLASS,14436,5,,2.11,1,Coastal,Low,3,Masonry_Arch
975,54.263757261747,-5.92249751664172,Road_River,2821,12190,2,10,2,A_CLASS,9667,5,,4.42,1,Coastal,Low,1,Masonry_Arch
976,54.2500081287783,-5.9660102896152,Road_River,2829,12382,5.5,10,62.4,A_CLASS,13243,5,,6.56,1,Inland,Low,1,RC_Slab
977,54.2517586107782,-5.9606809835379,Road_River,2830,12381,12.1,10,31.2,A_CLASS,13243,5,,6.41,1,Inland,Low,1,Bespoke_Viaduct
978,54.2485966015364,-5.97022964609261,Road_River,2831,12382,4.1,10,62,A_CLASS,13243,5,,6.68,1,Inland,Low,1,Masonry_Arch
979,54.2444838151207,-5.98262471016717,Road_River,2839,12383,8.6,10,29.1,A_CLASS,12051,5,,7.07,1,Inland,Low,2,Masonry_Arch
980,54.2459976965246,-5.97803052885312,Road_River,2839,12385,8.1,10,41.4,A_CLASS,12051,5,,6.91,1,Inland,Medium,2,Masonry_Arch
981,54.2429234104366,-5.98730339274579,Road_River,2839,12416,4.9,10,39.5,A_CLASS,12051,5,,7.24,1,Inland,Low,1,RC_Slab
982,54.2323119064542,-6.1234812727936,Road_River,2840,9543,1.3,10,7,A_CLASS,11455,5,,15.16,1,Inland,Low,1,Culvert
983,54.231945816006,-6.1115198518312,Road_River,2840,9629,10.4,10,11.9,A_CLASS,11455,5,,14.4,1,Inland,High,2,RC_Slab
984,54.2306686525473,-6.10578464545523,Road_River,2842,9433,10.3,10,8.8,A_CLASS,11753,5,,14.01,1,Inland,Low,2,RC_Slab
985,54.2326008824094,-6.07551931962876,Road_River,2845,9429,4,10,28.9,A_CLASS,10561,5,,12.15,1,Inland,Low,1,Masonry_Arch
986,54.2315168425775,-6.03257744927841,Road_River,2850,9427,3.7,10,10.5,A_CLASS,10859,5,,9.46,1,Inland,Low,1,Masonry_Arch
987,54.233652392811,-6.01659240686579,Road_River,2852,9426,3.1,10,48.4,A_CLASS,10859,5,,8.55,1,Inland,Low,1,Masonry_Arch
988,54.2104958928692,-5.89045468073948,Road_River,2855,13503,16.9,10,11.5,A_CLASS,16224,5,,0.04,1,Marine,Medium,1,Bespoke_Viaduct
989,54.2052513882046,-5.89279074804547,Road_River,2858,13477,2.7,10,3.5,A_CLASS,8176,5,,0.01,1,Marine,Low,1,Masonry_Arch
990,54.2012872718972,-5.89131749830169,Road_River,2860,13504,4.3,10,22.6,A_CLASS,8176,5,,0.01,1,Marine,Low,1,Masonry_Arch
991,54.1970679982352,-5.88613273149195,Road_River,2862,13478,1.5,10,8.3,A_CLASS,8176,5,,0.05,1,Marine,Low,1,Culvert
992,54.2524613278301,-5.85435855222525,Road_River,2869,12334,10.6,10,8.59999999999999,A_CLASS,14436,5,,0.01,1,Marine,Low,2,RC_Slab
993,54.250842815798,-5.85723229574383,Road_River,2869,12335,2.3,10,3.5,A_CLASS,14436,5,,0.02,1,Marine,Low,1,Masonry_Arch
994,54.2381749630959,-5.86013272375616,Road_River,2869,12342,4.3,10,19.2,A_CLASS,14436,5,,0.02,1,Marine,Low,1,Masonry_Arch
995,54.1091063929729,-5.89985038354384,Road_River,2875,13481,8,10,1.90000000000001,A_CLASS,6984,5,,0.18,1,Marine,Low,2,Masonry_Arch
996,54.1267979696252,-5.8974219270442,Road_River,2878,13043,2.1,10,12.5,A_CLASS,6090,5,,0.56,1,Marine,Low,1,Masonry_Arch
997,54.1255653013232,-5.89707348208342,Road_River,2878,13044,2.6,10,6.40000000000001,A_CLASS,6090,5,,0.61,1,Marine,Low,1,Masonry_Arch
998,54.1848441691022,-5.87604444947575,Road_River,2878,13476,1.7,10,0.700000000000003,A_CLASS,6090,5,,0.03,1,Marine,Low,1,Culvert
999,54.1680357978054,-5.87503000569878,Road_River,2878,13505,2.3,10,44.3,A_CLASS,6090,5,,0.17,1,Marine,Medium,1,Masonry_Arch
1000,54.1728911084354,-5.87460009271367,Road_River,2878,13506,11,10,3.8,A_CLASS,6090,5,,0.06,1,Marine,Low,1,Bespoke_Viaduct
1001,54.1555039689669,-5.88145622198157,Road_River,2878,13507,3.6,10,19.3,A_CLASS,6090,5,,0.35,1,Marine,Low,1,Masonry_Arch
1002,54.1356411233094,-5.89386573165563,Road_River,2878,13508,1.8,10,30.9,A_CLASS,6090,5,,0.29,1,Marine,Low,1,Culvert
1003,54.4468368155822,-5.89722098249095,Road_River,2881,8219,3,10,25.9,A_CLASS,10859,5,,14.86,1,Inland,Low,1,Masonry_Arch
1004,54.3026717001529,-6.14072332686355,Road_River,2883,8894,4,10,56.8,A_CLASS,11455,5,,19.11,1,Inland,Medium,1,Masonry_Arch
1005,54.3817166944123,-5.87482867744176,Road_River,2894,11977,3.8,10,23.4,A_CLASS,11455,5,,11.46,1,Inland,Low,1,Masonry_Arch
1006,54.3688047489935,-5.85889213963494,Road_River,2895,12016,12.1,10,43.1,A_CLASS,10561,5,,9.78,1,Inland,Medium,3,Masonry_Arch
1007,54.4242531636978,-5.88208120344671,Road_River,2896,11811,1.8,10,29.2,A_CLASS,15330,5,,13.95,1,Inland,Low,1,Culvert
1008,54.4532925470008,-5.90227685271919,Road_River,2903,11763,1.9,10,7.90000000000001,A_CLASS,10859,5,,14.58,1,Inland,Low,1,Masonry_Arch
1009,54.3944172117589,-5.88593946780937,Road_River,2910,11933,4.2,10,1.3,A_CLASS,15330,5,,13.03,1,Inland,Low,1,Masonry_Arch
1010,54.4313895383002,-5.89476369662036,Road_River,2913,11811,6.2,10,74.6,A_CLASS,10859,5,,15.03,1,Inland,Low,2,Masonry_Arch
1011,54.4172756886046,-5.89335879821971,Road_River,2914,11869,1.3,10,11,A_CLASS,15330,5,,14.33,1,Inland,Low,1,Culvert
1012,54.4601961827175,-5.96014381492886,Road_River,2920,8191,9.9,10,8,A_CLASS,10263,5,,15.69,1,Inland,Low,2,RC_Slab
1013,54.3209302376127,-6.16878649430038,Road_River,2922,8771,8.3,10,32.5,A_CLASS,11455,5,,21.51,1,Inland,Low,1,RC_Slab
1014,54.5099561872814,-6.0383042075478,Road_River,2948,11680,24.2,10,2.40000000000001,A_CLASS,16224,5,,12.49,1,Inland,High,5,Bespoke_Viaduct
1015,54.4994244913261,-5.8622882488892,Road_River,2966,8605,2.4,10,22.3,A_CLASS,12945,5,,9.33,1,Inland,Low,1,Masonry_Arch
1016,54.4974807505763,-5.89789276707747,Road_River,2968,11716,2.6,10,41.6,A_CLASS,10561,5,,11.41,1,Inland,Low,1,Masonry_Arch
1017,54.5145098526527,-6.08586772695283,Road_River,2990,8589,1.2,10,9.3,A_CLASS,16224,5,,14.21,1,Inland,Low,1,Culvert
1018,54.4990558856643,-6.05202655266737,Road_River,3037,11681,26.3,10,4.59999999999999,A_CLASS,16224,5,,13.99,1,Inland,High,5,Bespoke_Viaduct
1019,54.5307803522398,-6.09623416148952,Road_River,3039,8588,1.7,10,33.5,A_CLASS,16224,5,,13.62,1,Inland,Low,1,Culvert
1020,54.5011422522241,-6.1082892359172,Road_River,3041,11685,4.3,10,3.09999999999999,A_CLASS,16224,5,,16.28,1,Inland,Low,1,Masonry_Arch
1021,54.5053440920477,-6.08963110607036,Road_River,3045,11684,2.6,10,34.1,A_CLASS,16224,5,,15.08,1,Inland,Low,1,Masonry_Arch
1022,54.4877106133146,-5.99561089409485,Road_River,3047,11724,3,10,30.6,A_CLASS,12647,5,,13.32,1,Inland,Low,1,Masonry_Arch
1023,54.4739140685477,-5.97570697243926,Road_River,3049,11774,1.8,10,14.6,A_CLASS,10263,5,,14.4,1,Inland,Low,1,Culvert
1024,54.4855668075399,-5.99244358358274,Road_River,3050,11725,2.2,10,18.6,A_CLASS,12647,5,,13.47,1,Inland,Low,1,Masonry_Arch
1025,54.4796578093668,-5.90775377597508,Road_River,3055,11717,1.3,10,20.6,A_CLASS,12945,5,,12.98,1,Inland,Low,1,Culvert
1026,54.5578344141199,-6.00626585542053,Road_River,3061,11619,12.3,10,37.2,A_CLASS,16224,5,,7.18,1,Inland,Medium,1,Bespoke_Viaduct
1027,54.5525056418466,-5.95277576912583,Road_River,3066,11612,43,10,4.7,A_CLASS,16224,5,,5.62,1,Inland,High,8,Bespoke_Viaduct
1028,54.5210668249128,-5.8876078877751,Road_River,3078,8607,1.5,10,3.7,A_CLASS,13840,5,,8.98,1,Inland,Low,1,Culvert
1029,54.5321048492386,-5.89581977004504,Road_River,3079,11635,2.3,10,21.9,A_CLASS,13840,5,,7.67,1,Inland,Low,1,Masonry_Arch
1030,54.5172768545258,-5.88523258496834,Road_River,3080,8607,1.6,10,7.40000000000001,A_CLASS,13840,5,,9.42,1,Inland,Low,1,Culvert
1031,54.5404871322462,-6.03165330447193,Road_River,3093,11656,2,10,4.09999999999999,A_CLASS,16224,5,,9.68,1,Inland,Low,1,Masonry_Arch
1032,54.5426363086971,-6.03022469924739,Road_River,3093,11658,1.6,10,0.299999999999997,A_CLASS,16224,5,,9.45,1,Inland,Low,1,Culvert
1033,54.5530747864723,-6.06784385934485,Road_River,3096,11623,2.8,10,23.1,A_CLASS,12945,5,,10.77,1,Inland,Low,1,Masonry_Arch
1034,54.5507393121726,-6.00493916586726,Road_River,3102,11619,24.1,10,14.1,A_CLASS,16224,5,,7.65,1,Inland,High,5,Bespoke_Viaduct
1035,54.5469118592948,-6.01053037510583,Road_River,3102,11651,10.2,10,12.3,A_CLASS,16224,5,,8.21,1,Inland,Low,2,RC_Slab
1036,54.5385387194859,-5.89826002315773,Road_River,3110,11637,2.7,10,28.3,A_CLASS,14138,5,,6.94,1,Inland,Low,1,Masonry_Arch
1037,54.5484144482448,-6.01916608048071,Road_River,3133,11614,4.1,10,49.3,A_CLASS,16224,5,,8.5,1,Inland,Medium,1,Masonry_Arch
1038,54.5499298599086,-6.01740317096889,Road_River,3133,11614,6.9,10,61.1,A_CLASS,16224,5,,8.3,1,Inland,Medium,1,RC_Slab
1039,54.5523833474512,-6.01533213317444,Road_River,3133,11614,3.3,10,9.90000000000001,A_CLASS,16224,5,,8.02,1,Inland,Low,1,Masonry_Arch
1040,54.5463403934233,-6.0248795847085,Road_River,3133,11618,3.1,10,52.7,A_CLASS,16224,5,,8.92,1,Inland,Low,1,Masonry_Arch
1041,54.5886130708695,-5.95797450035908,Road_River,3217,11552,21.2,10,48.8,A_CLASS,16224,5,,2.66,1,Coastal,High,4,Bespoke_Viaduct
1042,54.5884917782395,-5.95956116511919,Road_River,3230,8583,6,10,1.09999999999999,A_CLASS,16224,5,,2.76,1,Coastal,Low,1,RC_Slab
1043,54.6379129472459,-6.03573339611587,Road_River,3240,6878,3.9,10,42.4,A_CLASS,8475,5,,7.77,1,Inland,Medium,1,Masonry_Arch
1044,54.5885220349909,-5.99665873530295,Road_River,3261,11592,4.1,10,57.6,A_CLASS,16224,5,,5.01,1,Coastal,Medium,1,Masonry_Arch
1045,54.5784722612187,-6.03592026440278,Road_River,3264,11594,34.1,10,46.4,A_CLASS,9071,5,,7.75,1,Inland,High,6,Bespoke_Viaduct
1046,54.5772690357478,-6.03328976619265,Road_River,3264,11595,4.5,10,4.2,A_CLASS,9071,5,,7.63,1,Inland,Low,1,Masonry_Arch
1047,54.5835427680716,-5.98214085399768,Road_River,3273,11592,2,10,36.7,A_CLASS,16224,5,,4.31,1,Coastal,Low,1,Masonry_Arch
1048,54.5669430018151,-5.97090502779258,Road_River,3277,11613,1.9,10,9.7,A_CLASS,16224,5,,4.84,1,Inland,Low,1,Masonry_Arch
1049,54.5707816950246,-5.97137865802487,Road_River,3281,11613,1.8,10,54.7,A_CLASS,16224,5,,4.55,1,Coastal,Low,1,Culvert
1050,54.6249717201976,-5.85730364169707,Road_River,3283,11527,3.9,10,3.5,A_CLASS,16224,5,,0.93,1,Marine,Low,1,Masonry_Arch
1051,54.5864458086921,-5.89245590626625,Road_River,3302,8578,11.6,10,67.4,A_CLASS,16224,5,,2.3,1,Coastal,Medium,2,RC_Slab
1052,54.5899536101079,-5.85589557017889,Road_River,3324,8580,2.1,10,35.5,A_CLASS,16224,5,,3.15,1,Coastal,Low,1,Masonry_Arch
1053,54.5729241187203,-5.97646522532184,Road_River,3331,11589,4.5,10,16.8,A_CLASS,16224,5,,4.63,1,Coastal,Low,1,Masonry_Arch
1054,54.6093596300397,-5.97035999390154,Road_River,3335,8583,4.9,10,32.3,A_CLASS,16224,5,,3.26,1,Coastal,Low,1,RC_Slab
1055,54.6318786681361,-5.95814277444766,Road_River,3346,12263,4.2,10,31.2,A_CLASS,16224,5,,2.98,1,Coastal,Low,1,Masonry_Arch
1056,54.6148209423752,-5.92421994828177,Road_River,3349,12263,4.5,10,31,A_CLASS,16224,5,,0.42,1,Marine,Low,1,Masonry_Arch
1057,54.6178747553995,-5.93828842344995,Road_River,3351,12263,3.1,10,9.2,A_CLASS,16224,5,,1.39,1,Coastal,Low,1,Masonry_Arch
1058,54.5928614616771,-5.93171403526124,Road_River,3376,12269,25.3,10,10,A_CLASS,16224,5,,1.01,1,Marine,High,5,Bespoke_Viaduct
1059,54.5942221930843,-5.93437494924851,Road_River,3381,12269,25.2,10,0.900000000000006,A_CLASS,16224,5,,1.04,1,Coastal,High,5,Bespoke_Viaduct
1060,54.5920182508296,-5.92580199677369,Road_River,3387,12269,22.3,10,24.5,A_CLASS,16224,5,,0.9,1,Marine,Medium,1,Bespoke_Viaduct
1061,54.5917545136915,-5.96345918987932,Road_River,3388,8583,6.3,10,36.2,A_CLASS,16224,5,,2.85,1,Coastal,Low,1,RC_Slab
1062,54.5595378023793,-5.85303170719178,Road_River,3407,11606,5,10,75,A_CLASS,14734,5,,6.1,1,Inland,Low,1,RC_Slab
1063,54.6385124857041,-6.09007782876472,Road_River,3414,6889,1.3,10,23.3,A_CLASS,11753,5,,11.26,1,Inland,Low,1,Culvert
1064,54.6403575880761,-6.07549333834527,Road_River,3415,6889,1.3,10,39.4,A_CLASS,11157,5,,10.32,1,Inland,Low,1,Culvert
1065,54.6408703945116,-6.06214537656627,Road_River,3418,6949,4.9,10,8.40000000000001,A_CLASS,11157,5,,9.46,1,Inland,Low,1,RC_Slab
1066,54.772578733168,-5.95317808649351,Road_River,3445,6333,9.1,10,10,A_CLASS,14138,5,,10.42,1,Inland,Low,2,RC_Slab
1067,54.7502655446741,-5.98864828227009,Road_River,3448,6441,4.9,10,28.2,A_CLASS,14138,5,,10.25,1,Inland,Low,1,RC_Slab
1068,54.7518593825692,-5.96010004626759,Road_River,3452,6440,1.7,10,27,A_CLASS,14138,5,,9.15,1,Inland,Low,1,Culvert
1069,54.7401941508974,-5.96227239683737,Road_River,3455,6583,2.1,10,38.5,A_CLASS,12945,5,,8.29,1,Inland,Low,1,Masonry_Arch
1070,54.7310937963114,-5.96661249951548,Road_River,3458,6580,5.1,10,29.7,A_CLASS,12945,5,,7.72,1,Inland,Low,1,RC_Slab
1071,54.7295798126061,-5.96752025162539,Road_River,3458,6582,2.6,10,5.7,A_CLASS,12945,5,,7.63,1,Inland,Low,1,Masonry_Arch
1072,54.6991541221493,-6.04023597310277,Road_River,3464,6700,10.1,10,21.3,A_CLASS,13840,5,,9.67,1,Inland,Low,2,RC_Slab
1073,54.6772520075623,-5.97343300657562,Road_River,3470,6762,3.6,10,41.3,A_CLASS,16224,5,,4.91,1,Coastal,Low,1,Masonry_Arch
1074,54.6690814378004,-5.95516898523637,Road_River,3475,11500,3,10,41.1,A_CLASS,16224,5,,3.53,1,Coastal,Low,1,Masonry_Arch
1075,54.6984496076054,-6.13836514855313,Road_River,3490,6709,52.2,10,55.9,A_CLASS,13840,5,,15.55,1,Inland,High,2,Bespoke_Viaduct
1076,54.6861229350372,-6.13876495611151,Road_River,3493,6885,10.1,10,22.8,A_CLASS,13840,5,,15.11,1,Inland,Low,2,RC_Slab
1077,54.708626089971,-6.07342035458564,Road_River,3504,6700,9.3,10,50.2,A_CLASS,16224,5,,12.04,1,Inland,Medium,1,RC_Slab
1078,54.8297149953886,-6.12292443666643,Road_River,3505,2724,2.6,10,24.3,A_CLASS,8176,5,,17.99,1,Inland,Low,1,Masonry_Arch
1079,54.8285870300257,-6.13915168990239,Road_River,3505,2726,2.2,10,14.5,A_CLASS,8176,5,,18.98,1,Inland,Low,1,Masonry_Arch
1080,54.8301377075038,-6.09078045574054,Road_River,3506,2709,8.2,10,2.7,A_CLASS,7878,5,,16.18,1,Inland,Low,2,Masonry_Arch
1081,54.8298008439045,-6.08703897545179,Road_River,3506,2710,2.7,10,53,A_CLASS,7878,5,,16,1,Inland,Low,1,Masonry_Arch
1082,54.7033817026733,-6.09530737282982,Road_River,3510,6766,2.6,10,40.8,A_CLASS,13840,5,,13.21,1,Inland,Low,1,Masonry_Arch
1083,54.7273137501085,-6.04083380992706,Road_River,3514,6662,10.3,10,13.9,A_CLASS,11753,5,,11.07,1,Inland,Low,2,RC_Slab
1084,54.7150240374181,-6.05805123992749,Road_River,3514,6664,2,10,15.1,A_CLASS,11753,5,,11.4,1,Inland,Low,1,Masonry_Arch
1085,54.8279437909312,-6.0179045393974,Road_River,3518,5890,19,10,5,A_CLASS,6388,5,,12.6,1,Inland,High,4,RC_Slab
1086,54.8266796585338,-6.03693046037374,Road_River,3519,5889,8.8,10,10.6,A_CLASS,7282,5,,13.6,1,Inland,Low,2,Masonry_Arch
1087,54.7749925315398,-5.95049068776563,Road_River,3521,6337,1.8,10,5.09999999999999,A_CLASS,14138,5,,10.5,1,Inland,Low,1,Culvert
1088,54.7992121646889,-5.92562879252949,Road_River,3524,2756,1.1,10,21.8,A_CLASS,10561,5,,7.98,1,Inland,Low,1,Culvert
1089,54.8070531159573,-5.91236850231341,Road_River,3526,11382,5.4,10,47.8,A_CLASS,10561,5,,6.84,1,Inland,Medium,1,RC_Slab
1090,54.8080958752704,-5.91028362153242,Road_River,3526,11386,3,10,25.5,A_CLASS,10561,5,,6.67,1,Inland,Low,1,Masonry_Arch
1091,54.8207516749239,-5.89299066587932,Road_River,3527,11359,2.6,10,5.3,A_CLASS,11157,5,,5.2,1,Inland,Low,1,Masonry_Arch
1092,54.8217345367653,-5.95547250088678,Road_River,3528,5863,2.6,10,2,A_CLASS,6090,5,,9.16,1,Inland,Low,1,Masonry_Arch
1093,54.8257378942211,-5.97765059544778,Road_River,3528,5866,1.7,10,26.9,A_CLASS,6090,5,,10.55,1,Inland,Low,1,Culvert
1094,54.8247749743859,-5.96990714295118,Road_River,3528,5867,2.5,10,1.2,A_CLASS,6090,5,,10.06,1,Inland,Low,1,Masonry_Arch
1095,54.8249751382375,-5.98505463309525,Road_River,3528,5878,1.7,10,6.3,A_CLASS,6090,5,,11.03,1,Inland,Low,1,Culvert
1096,54.8250556958896,-5.98293253492373,Road_River,3528,5879,1.7,10,9.5,A_CLASS,6090,5,,10.89,1,Inland,Low,1,Culvert
1097,54.818209889811,-5.93491976577319,Road_River,3528,6046,1.8,10,45.3,A_CLASS,6090,5,,7.9,1,Inland,Low,1,Culvert
1098,54.8233102965795,-5.89047992195582,Road_River,3529,11357,5.1,10,12.2,A_CLASS,12945,5,,4.98,1,Coastal,Low,1,RC_Slab
1099,54.8285372105843,-5.88136123899846,Road_River,3530,11358,7.5,10,30.6,A_CLASS,12945,5,,4.33,1,Coastal,Low,2,Masonry_Arch
1100,54.8773445007493,-5.83178603585228,Road_River,3540,11293,3.7,10,2.7,A_CLASS,6686,5,,0.01,1,Marine,Low,1,Masonry_Arch
1101,54.881343920938,-5.83809528933156,Road_River,3540,11294,2.3,10,2,A_CLASS,6686,5,,0.01,1,Marine,Low,1,Masonry_Arch
1102,54.9280465068567,-6.07328312369103,Road_River,3543,5222,3.6,10,4,A_CLASS,7878,5,,8.11,1,Inland,Low,1,Masonry_Arch
1103,54.9312566297071,-6.06540299345006,Road_River,3544,5223,4.5,10,23.7,A_CLASS,7878,5,,7.5,1,Inland,Low,1,Masonry_Arch
1104,54.9095588162019,-6.13896171654116,Road_River,3547,5493,4.7,10,31.4,A_CLASS,9965,5,,12.6,1,Inland,Low,1,RC_Slab
1105,54.9171247956882,-6.12334568315914,Road_River,3549,5342,11.6,10,12.1,A_CLASS,9965,5,,11.29,1,Inland,Low,2,RC_Slab
1106,54.9218404331772,-6.09350918268212,Road_River,3550,5338,24,10,17.8,A_CLASS,9965,5,,9.51,1,Inland,High,4,Bespoke_Viaduct
1107,54.9519174789751,-6.01569297546139,Road_River,3552,11117,1.9,10,28.8,A_CLASS,8475,5,,3.68,1,Coastal,Low,1,Masonry_Arch
1108,54.9447665765474,-6.01890803876789,Road_River,3552,11117,2.7,10,15.8,A_CLASS,8475,5,,4.45,1,Coastal,Low,1,Masonry_Arch
1109,54.9538165554277,-6.0164824462611,Road_River,3552,11119,2.4,10,25.3,A_CLASS,8475,5,,3.54,1,Coastal,Low,1,Masonry_Arch
1110,54.9398707275683,-6.0405935552092,Road_River,3553,5217,3.8,10,16.1,A_CLASS,8475,5,,5.71,1,Inland,Low,1,Masonry_Arch
1111,54.9402671396009,-6.02321453516041,Road_River,3553,11120,1.3,10,5.2,A_CLASS,8475,5,,5.03,1,Inland,Low,1,Culvert
1112,54.967825730333,-5.95395911337354,Road_River,3554,17236,14.2,10,12.7,A_CLASS,10561,5,,0.09,1,Marine,Medium,1,Bespoke_Viaduct
1113,54.9631911605274,-6.01388112061363,Road_River,3556,11057,11.6,10,36,A_CLASS,9369,5,,2.64,1,Coastal,Low,1,Bespoke_Viaduct
1114,54.9818117563465,-5.9881879654257,Road_River,3557,11286,8.4,10,21.9,A_CLASS,9369,5,,0.01,1,Marine,Low,2,Masonry_Arch
1115,54.977082903323,-5.99687736762961,Road_River,3559,11011,3.1,10,48.7,A_CLASS,9369,5,,0.77,1,Coastal,Low,1,Masonry_Arch
1116,54.9735294692838,-6.00294161430409,Road_River,3559,11054,1.5,10,26.4,A_CLASS,9369,5,,1.33,1,Coastal,Low,1,Culvert
1117,54.9708732912798,-6.00617234869827,Road_River,3559,11056,1.5,10,35.9,A_CLASS,9369,5,,1.68,1,Coastal,Low,1,Culvert
1118,54.9825668977838,-5.99142469227993,Road_River,3560,11005,4.6,10,30.7,A_CLASS,9369,5,,0.17,1,Marine,Low,1,RC_Slab
1119,54.9913621958491,-5.99099075332944,Road_River,3561,11285,33.2,10,46.5,A_CLASS,9369,5,,0.02,1,Marine,High,6,Bespoke_Viaduct
1120,54.9704499377862,-5.94451143709422,Road_River,3562,11287,2.6,10,3.3,A_CLASS,6686,5,,0.03,1,Marine,Low,1,Masonry_Arch
1121,54.924023260942,-5.8885975823919,Road_River,3563,11289,1.9,10,11.7,A_CLASS,8176,5,,0.02,1,Marine,Low,1,Masonry_Arch
1122,54.9058043823693,-5.87575083360165,Road_River,3563,11290,2.1,10,10.6,A_CLASS,8176,5,,0.01,1,Marine,Low,1,Masonry_Arch
1123,54.9145862610651,-5.88339917237132,Road_River,3563,11291,1.8,10,0.0999999999999943,A_CLASS,8176,5,,0.01,1,Marine,Low,1,Culvert
1124,54.8999371667592,-5.86257615083102,Road_River,3563,11292,3,10,4.5,A_CLASS,8176,5,,0.02,1,Marine,Low,1,Masonry_Arch
1125,54.8348697811443,-5.87920040925224,Road_River,3566,11324,2.2,10,17.9,A_CLASS,12945,5,,4.16,1,Coastal,Low,1,Masonry_Arch
1126,54.8346797279517,-5.89303137067309,Road_River,3567,11325,5.1,10,35.4,A_CLASS,6090,5,,5.03,1,Inland,Low,1,RC_Slab
1127,54.8319613215274,-5.89830169028552,Road_River,3567,11327,1.8,10,0.599999999999994,A_CLASS,6090,5,,5.42,1,Inland,Low,1,Culvert
1128,54.8290856819547,-5.90457456688559,Road_River,3567,11361,2.1,10,39,A_CLASS,6090,5,,5.83,1,Inland,Low,1,Masonry_Arch
1129,54.8252611591646,-5.91237310677725,Road_River,3567,11365,1.9,10,3.7,A_CLASS,6090,5,,6.36,1,Inland,Low,1,Masonry_Arch
1130,54.8210635258411,-5.92269807713391,Road_River,3567,11386,2.3,10,6.2,A_CLASS,6090,5,,7.07,1,Inland,Low,1,Masonry_Arch
1131,55.0704215357977,-6.05498948191927,Road_River,3571,11271,1.6,10,21.4,A_CLASS,9369,5,,0.01,1,Marine,Low,1,Culvert
1132,55.0741148033157,-6.05498523899442,Road_River,3571,11272,2,10,1,A_CLASS,9369,5,,0.1,1,Marine,Low,1,Masonry_Arch
1133,55.0801848331409,-6.06367952774235,Road_River,3572,10603,27.6,10,56.8,A_CLASS,12945,5,,0.54,1,Marine,High,5,Bespoke_Viaduct
1134,55.057526382583,-6.06541022297248,Road_River,3577,10690,1.3,10,3.2,A_CLASS,9369,5,,0.69,1,Marine,Low,1,Culvert
1135,55.0615187778363,-6.06077610372752,Road_River,3578,11277,18.2,10,2.7,A_CLASS,9369,5,,0.17,1,Marine,High,4,RC_Slab
1136,55.101392116168,-6.0868489273842,Road_River,3581,10473,4.2,10,2.3,A_CLASS,6984,5,,2.71,1,Coastal,Low,1,Masonry_Arch
1137,55.1084550871421,-6.07846382479281,Road_River,3581,10474,2.1,10,10.3,A_CLASS,6984,5,,2.68,1,Coastal,Low,1,Masonry_Arch
1138,55.1068238627504,-6.08078680643828,Road_River,3581,10475,1.1,10,12.5,A_CLASS,6984,5,,2.69,1,Coastal,Low,1,Culvert
1139,55.1043674386382,-6.08380193930971,Road_River,3581,10476,1.8,10,25.2,A_CLASS,6984,5,,2.7,1,Coastal,Low,1,Culvert
1140,55.1216365169297,-6.09543192379133,Road_River,3582,10293,10.3,10,15.2,A_CLASS,9667,5,,3.47,1,Coastal,High,2,RC_Slab
1141,55.111411674784,-6.07529956989148,Road_River,3582,10365,7.3,10,65.9,A_CLASS,9667,5,,2.6,1,Coastal,Medium,2,Masonry_Arch
1142,55.1738356776143,-6.1367549508524,Road_River,3583,10118,1.9,10,27.4,A_CLASS,6090,5,,4.14,1,Coastal,Low,1,Masonry_Arch
1143,55.1585851547194,-6.11927379617639,Road_River,3583,10119,4.7,10,16,A_CLASS,6090,5,,4.77,1,Coastal,Low,1,RC_Slab
1144,55.1623176423026,-6.12487247012666,Road_River,3583,10124,2.4,10,9.09999999999999,A_CLASS,6090,5,,4.96,1,Coastal,Low,1,Masonry_Arch
1145,55.1643478206378,-6.12595366773348,Road_River,3583,10125,1.8,10,10.2,A_CLASS,6090,5,,4.89,1,Coastal,Low,1,Culvert
1146,55.1656240882322,-6.12693292932529,Road_River,3583,10128,2.7,10,21.5,A_CLASS,6090,5,,4.83,1,Coastal,Low,1,Masonry_Arch
1147,55.1371491129086,-6.08579978451715,Road_River,3583,10283,1.5,10,41.5,A_CLASS,6090,5,,2.91,1,Coastal,Low,1,Culvert
1148,55.1428514829262,-6.09831124553623,Road_River,3583,10291,1.6,10,13.7,A_CLASS,6090,5,,3.87,1,Coastal,Low,1,Culvert
1149,55.1272313578512,-6.08589578865196,Road_River,3585,10284,9.8,10,64.2,A_CLASS,7282,5,,2.8,1,Coastal,Medium,2,RC_Slab
1150,55.0424355201246,-6.08585529950182,Road_River,3587,10820,4.6,10,21,A_CLASS,6686,5,,2.73,1,Coastal,Low,1,RC_Slab
1151,55.0341381289365,-6.09104079769931,Road_River,3587,10829,2.2,10,0.599999999999994,A_CLASS,6686,5,,3.6,1,Coastal,Low,1,Masonry_Arch
1152,55.0297348569173,-6.09139860109074,Road_River,3587,10930,2,10,5.3,A_CLASS,6686,5,,3.96,1,Coastal,Low,1,Masonry_Arch
1153,55.0224274039034,-6.09495540310234,Road_River,3588,10929,1.5,10,6.2,A_CLASS,7580,5,,4.72,1,Inland,Low,1,Culvert
1154,55.0196291671855,-6.10284302172049,Road_River,3588,10932,2.6,10,3.2,A_CLASS,7580,5,,5.29,1,Inland,Low,1,Masonry_Arch
1155,55.0190215081004,-6.11533204553615,Road_River,3588,10935,2.6,10,44.6,A_CLASS,7580,5,,5.89,1,Inland,Medium,1,Masonry_Arch
1156,55.0201276129912,-6.1285590155526,Road_River,3588,10944,3.8,10,11.1,A_CLASS,7580,5,,6.43,1,Inland,Low,1,Masonry_Arch
1157,55.0196587778322,-6.13491788206732,Road_River,3588,10945,3.4,10,2.3,A_CLASS,7580,5,,6.78,1,Inland,Low,1,Masonry_Arch
1158,55.0194704122492,-6.12357361757272,Road_River,3588,10947,4,10,1.2,A_CLASS,7580,5,,6.24,1,Inland,Low,1,Masonry_Arch
1159,55.0176098241059,-6.14293585641785,Road_River,3588,10950,2.3,10,44.4,A_CLASS,7580,5,,7.32,1,Inland,Low,1,Masonry_Arch
1160,55.0551441856065,-5.99411333521683,Road_River,3589,10801,2.4,10,17.5,A_CLASS,6090,5,,0.43,1,Marine,Low,1,Masonry_Arch
1161,55.0554875020771,-5.97761476560944,Road_River,3589,10802,2.8,10,29.7,A_CLASS,6090,5,,0.09,1,Marine,Low,1,Masonry_Arch
1162,55.0547270846541,-6.01415772483349,Road_River,3589,10809,3.7,10,66.7,A_CLASS,6090,5,,0.21,1,Marine,Low,1,Masonry_Arch
1163,55.0547150641203,-6.01473538897545,Road_River,3589,10810,4.1,10,40.3,A_CLASS,6090,5,,0.21,1,Marine,Medium,1,Masonry_Arch
1164,55.0587464298417,-5.9927341175503,Road_River,3589,11273,5.2,10,31.2,A_CLASS,6090,5,,0.03,1,Marine,Low,1,RC_Slab
1165,55.0561157974347,-5.97716257212643,Road_River,3589,11274,3.2,10,2.7,A_CLASS,6090,5,,0.02,1,Marine,Low,1,Masonry_Arch
1166,55.0563879030499,-6.01372136787458,Road_River,3589,11275,2.6,10,14.1,A_CLASS,6090,5,,0.03,1,Marine,Low,1,Masonry_Arch
1167,55.0536114180408,-6.03951436264735,Road_River,3589,11276,3.4,10,0.0999999999999943,A_CLASS,6090,5,,0.01,1,Marine,Low,1,Masonry_Arch
1168,55.0530705206583,-6.04299630166703,Road_River,3589,11279,1.6,10,16.9,A_CLASS,6090,5,,0.01,1,Marine,Low,1,Culvert
1169,55.0325742874323,-5.9714344676606,Road_River,3590,11278,4.1,10,22.1,A_CLASS,6388,5,,0.01,1,Marine,Low,1,Masonry_Arch
1170,55.0457201358095,-6.08096768574446,Road_River,3591,10821,1.6,10,0.900000000000006,A_CLASS,9369,5,,2.25,1,Coastal,Low,1,Culvert
1171,55.018327250263,-5.97601495258546,Road_River,3592,11280,1.9,10,16.4,A_CLASS,6686,5,,0.01,1,Marine,Low,1,Masonry_Arch
1172,55.004992214109,-5.98064994734233,Road_River,3592,11284,4.1,10,29.8,A_CLASS,6686,5,,0,1,Marine,Low,1,Masonry_Arch
1173,55.0542335960059,-6.06935715234069,Road_River,3594,10691,2.7,10,1.8,A_CLASS,9369,5,,1.1,1,Coastal,Low,1,Masonry_Arch
1174,55.0258955745119,-5.97258341435605,Road_River,3595,11281,2.5,10,2,A_CLASS,6090,5,,0.01,1,Marine,Low,1,Masonry_Arch
1175,55.0277394726446,-5.97256343358787,Road_River,3595,11282,4.1,10,9.5,A_CLASS,6090,5,,0.01,1,Marine,Low,1,Masonry_Arch
1176,55.0198224002081,-5.97523466545403,Road_River,3595,11283,10.2,10,13,A_CLASS,6090,5,,0,1,Marine,Low,1,Bespoke_Viaduct
1177,54.2561454049656,-5.72889553086131,Road_River,3598,12330,4.6,10,19.5,A_CLASS,9667,5,,0.24,1,Marine,Low,1,RC_Slab
1178,54.2537301338816,-5.76819861492032,Road_River,3599,12192,1.7,10,16.4,A_CLASS,8773,5,,0.7,1,Marine,Low,1,Culvert
1179,54.2875474092139,-5.84753954942532,Road_River,3608,12327,2.7,10,16.5,A_CLASS,14436,5,,1.61,1,Coastal,Low,1,Masonry_Arch
1180,54.2514487396849,-5.69033327894676,Road_River,3625,12331,2.1,10,4.7,A_CLASS,9667,5,,0.02,1,Marine,Low,1,Masonry_Arch
1181,54.3449534803418,-5.7127430562357,Road_River,3636,17098,27.4,10,0.900000000000006,A_CLASS,16224,5,,3.26,1,Coastal,High,5,Bespoke_Viaduct
1182,54.3854688749294,-5.54308511120401,Road_River,3642,12313,5.1,10,75,A_CLASS,11157,5,,0.67,1,Marine,Low,1,RC_Slab
1183,54.3977636037964,-5.76330454804272,Road_River,3647,11860,23.5,10,21.8,A_CLASS,14138,5,,5.77,1,Inland,High,4,Bespoke_Viaduct
1184,54.3774706896842,-5.68697548408225,Road_River,3654,12317,2,10,7.59999999999999,A_CLASS,9071,5,,0.46,1,Marine,Low,1,Masonry_Arch
1185,54.3578871619805,-5.73964489609928,Road_River,3655,12006,2.6,10,40.9,A_CLASS,12945,5,,3.85,1,Coastal,Low,1,Masonry_Arch
1186,54.3624187262199,-5.70346175227053,Road_River,3656,11967,3.8,10,24.6,A_CLASS,9071,5,,1.57,1,Coastal,Low,1,Masonry_Arch
1187,54.3519812868987,-5.70995001219971,Road_River,3656,12006,1,10,10,A_CLASS,9071,5,,2.57,1,Coastal,Low,1,Culvert
1188,54.4227781386048,-5.78872414846675,Road_River,3666,11805,1.5,10,0.700000000000003,A_CLASS,14138,5,,8.68,1,Inland,Low,1,Culvert
1189,54.4490567783074,-5.81931791198026,Road_River,3667,8216,1.7,10,9.09999999999999,A_CLASS,9071,5,,10.54,1,Inland,Low,1,Culvert
1190,54.4557395977578,-5.82655412111244,Road_River,3668,11759,1.5,10,23.6,A_CLASS,9071,5,,10.61,1,Inland,Low,1,Culvert
1191,54.4634401416046,-5.82915392268588,Road_River,3677,11758,3.8,10,14.4,A_CLASS,12647,5,,10.43,1,Inland,Low,1,Masonry_Arch
1192,54.3025538913621,-5.78563499035362,Road_River,3679,12166,2.8,10,28.2,A_CLASS,10859,5,,2.83,1,Coastal,Low,1,Masonry_Arch
1193,54.2990666556982,-5.80545495679368,Road_River,3681,12144,6.3,10,5.7,A_CLASS,10561,5,,1.82,1,Coastal,Low,2,Masonry_Arch
1194,54.2808845584454,-5.8398529940812,Road_River,3688,12327,3.7,10,2.09999999999999,A_CLASS,14436,5,,0.76,1,Marine,Low,1,Masonry_Arch
1195,54.3411056361471,-5.72934201612294,Road_River,3692,12060,1.2,10,6.40000000000001,A_CLASS,7878,5,,4.31,1,Coastal,Low,1,Culvert
1196,54.3369300737535,-5.72352790264701,Road_River,3692,12061,48.8,10,16.7,A_CLASS,7878,5,,4.38,1,Coastal,High,9,Bespoke_Viaduct
1197,54.3231995565821,-5.72092922472026,Road_River,3693,12103,1.2,10,3.09999999999999,A_CLASS,7878,5,,5.55,1,Inland,Low,1,Culvert
1198,54.3181241816768,-5.72712574968245,Road_River,3693,12105,2,10,1,A_CLASS,7878,5,,6.24,1,Inland,Low,1,Masonry_Arch
1199,54.3146770208024,-5.73427460336512,Road_River,3693,12106,1.6,10,5.3,A_CLASS,7878,5,,6.24,1,Inland,Low,1,Culvert
1200,54.3130973543922,-5.73756945117908,Road_River,3693,12141,5,10,38.2,A_CLASS,7878,5,,5.97,1,Inland,Low,1,RC_Slab
1201,54.3057193257222,-5.76369364980209,Road_River,3694,12143,1.9,10,21.1,A_CLASS,10859,5,,4.12,1,Coastal,Low,1,Masonry_Arch
1202,54.3339156460328,-5.83580000118728,Road_River,3698,12070,2,10,27,A_CLASS,9369,5,,5.66,1,Inland,Low,1,Masonry_Arch
1203,54.3138823117499,-5.84018575514972,Road_River,3701,12116,2.9,10,30.9,A_CLASS,14436,5,,3.63,1,Coastal,Low,1,Masonry_Arch
1204,54.4284196664605,-5.65926485060665,Road_River,3702,12310,2.1,10,42.3,A_CLASS,13840,5,,0.97,1,Marine,Low,1,Masonry_Arch
1205,54.3526278771413,-5.73815300399998,Road_River,3712,12006,2.1,10,36.8,A_CLASS,12945,5,,4.03,1,Coastal,Low,1,Masonry_Arch
1206,54.3253299310927,-5.83538010299292,Road_River,3721,12117,4.8,10,23.3,A_CLASS,9369,5,,4.73,1,Inland,Low,1,RC_Slab
1207,54.3521795085597,-5.67994098006004,Road_River,3724,11915,2.5,10,48.7,A_CLASS,16224,5,,1.43,1,Coastal,Medium,1,Masonry_Arch
1208,54.3499721169464,-5.69344599730532,Road_River,3724,11918,6,10,42.9,A_CLASS,16224,5,,2.1,1,Coastal,Medium,1,RC_Slab
1209,54.3616445874014,-5.62094831902764,Road_River,3725,11912,1.3,10,15.5,A_CLASS,8773,5,,1.33,1,Coastal,Low,1,Culvert
1210,54.3596239059049,-5.60010363007414,Road_River,3729,11906,3,10,46.2,A_CLASS,7580,5,,1.92,1,Coastal,Low,1,Masonry_Arch
1211,54.3637902866116,-5.56628787509135,Road_River,3730,12315,10.6,10,34.6,A_CLASS,11157,5,,0,1,Marine,Low,2,RC_Slab
1212,54.3637992523234,-5.56628947949056,Road_River,3730,12315,10.9,10,30.7,A_CLASS,11157,5,,0,1,Marine,Low,2,RC_Slab
1213,54.3579956238553,-5.64312633431934,Road_River,3735,12321,2.8,10,24.4,A_CLASS,10561,5,,0.8,1,Marine,Low,1,Masonry_Arch
1214,54.3540690275808,-5.67734583484287,Road_River,3736,11915,3.9,10,29.8,A_CLASS,10561,5,,1.17,1,Marine,Low,1,Masonry_Arch
1215,54.3557404454087,-5.67198633352404,Road_River,3736,11915,4.2,10,20.7,A_CLASS,10561,5,,0.84,1,Marine,Low,1,Masonry_Arch
1216,54.3560726362002,-5.67076806259593,Road_River,3736,11915,1.6,10,10.1,A_CLASS,10561,5,,0.77,1,Marine,Low,1,Culvert
1217,54.3565410369685,-5.66883103084331,Road_River,3736,11916,1.5,10,43.8,A_CLASS,10561,5,,0.68,1,Marine,Low,1,Culvert
1218,54.3466902020648,-5.54905513080824,Road_River,3737,12319,2.7,10,2.5,A_CLASS,11157,5,,0,1,Marine,Low,1,Masonry_Arch
1219,54.3467109847576,-5.54871443976617,Road_River,3737,12319,2.1,10,4.3,A_CLASS,11157,5,,0.02,1,Marine,Low,1,Masonry_Arch
1220,54.3426862228102,-5.54689947862921,Road_River,3737,12323,1.9,10,45.4,A_CLASS,11157,5,,0.04,1,Marine,Low,1,Masonry_Arch
1221,54.3422766275461,-5.54733006221088,Road_River,3737,12323,2,10,37.2,A_CLASS,11157,5,,0.09,1,Marine,Low,1,Masonry_Arch
1222,54.3247933704364,-5.55415721959978,Road_River,3741,12049,1.5,10,40.5,A_CLASS,10561,5,,0.73,1,Marine,Low,1,Culvert
1223,54.3087186855115,-5.55705591347597,Road_River,3744,12085,6.8,10,24.5,A_CLASS,7878,5,,0.48,1,Marine,Low,2,Masonry_Arch
1224,54.3020755465218,-5.56538428134628,Road_River,3744,12324,1.4,10,8.7,A_CLASS,7878,5,,0.73,1,Marine,Low,1,Culvert
1225,54.4085721065693,-5.65054531690566,Road_River,3748,12311,2.5,10,10,A_CLASS,12349,5,,0.18,1,Marine,Low,1,Masonry_Arch
1226,54.4117958409409,-5.65297441223013,Road_River,3748,12311,3.2,10,52.6,A_CLASS,12349,5,,0.24,1,Marine,Medium,1,Masonry_Arch
1227,54.4142958892052,-5.65440251049543,Road_River,3748,12311,3.5,10,43.5,A_CLASS,12349,5,,0.34,1,Marine,Medium,1,Masonry_Arch
1228,54.4013735605138,-5.64864116932675,Road_River,3748,12341,5,10,5.09999999999999,A_CLASS,12349,5,,0.39,1,Marine,Low,1,RC_Slab
1229,54.5913425808646,-5.8082001492428,Road_River,3749,8574,9.7,10,64.6,A_CLASS,16224,5,,5.53,1,Inland,Medium,2,RC_Slab
1230,54.5947457761514,-5.79925308626646,Road_River,3755,8568,2.1,10,31.1,A_CLASS,16224,5,,5.57,1,Inland,Low,1,Masonry_Arch
1231,54.5948336550321,-5.81465665056076,Road_River,3758,11408,11.3,10,67.7,A_CLASS,16224,5,,4.98,1,Inland,Medium,2,RC_Slab
1232,54.5958394813762,-5.70915041491642,Road_River,3768,12201,5,10,71.2,A_CLASS,16224,5,,2.13,1,Coastal,Low,1,RC_Slab
1233,54.5947916890218,-5.68559517037782,Road_River,3780,12200,1.8,10,56.3,A_CLASS,9667,5,,1.34,1,Coastal,Low,1,Culvert
1234,54.6155027837594,-5.53148455702869,Road_River,3787,12260,3.4,10,42.2,A_CLASS,7580,5,,0.03,1,Marine,Medium,1,Masonry_Arch
1235,54.6096024579412,-5.52871102348598,Road_River,3787,12265,4.2,10,28.3,A_CLASS,7580,5,,0.04,1,Marine,Low,1,Masonry_Arch
1236,54.6301057920001,-5.53327305693553,Road_River,3792,12261,2.4,10,15.3,A_CLASS,7580,5,,0.08,1,Marine,Low,1,Masonry_Arch
1237,54.6290370508826,-5.63263845726195,Road_River,3793,11524,1.9,10,10.9,A_CLASS,9071,5,,4.15,1,Coastal,Low,1,Masonry_Arch
1238,54.6314564091359,-5.6228547306901,Road_River,3794,11524,2.2,10,12.7,A_CLASS,9071,5,,4.05,1,Coastal,Low,1,Masonry_Arch
1239,54.6386740981567,-5.5913697761101,Road_River,3797,11523,2.6,10,12.6,A_CLASS,10263,5,,3.08,1,Coastal,Low,1,Masonry_Arch
1240,54.5608287532409,-5.6289250489549,Road_River,3812,12270,1.7,10,2.3,A_CLASS,6686,5,,0.07,1,Marine,Low,1,Culvert
1241,54.5596631934182,-5.620411025134,Road_River,3812,12271,1.5,10,7.90000000000001,A_CLASS,6686,5,,0,1,Marine,Low,1,Culvert
1242,54.5336468683156,-5.56092346880475,Road_River,3817,12282,1,10,16.1,A_CLASS,6090,5,,0.03,1,Marine,Low,1,Culvert
1243,54.5204829079355,-5.55253114219967,Road_River,3817,12290,2.1,10,12.9,A_CLASS,6090,5,,0.02,1,Marine,Low,1,Masonry_Arch
1244,54.5379020637215,-5.56765177498141,Road_River,3818,12277,2.3,10,19.4,A_CLASS,9071,5,,0.23,1,Marine,Low,1,Masonry_Arch
1245,54.5443274128478,-5.59065986175148,Road_River,3819,12278,3.7,10,10,A_CLASS,6686,5,,0.22,1,Marine,Low,1,Masonry_Arch
1246,54.5673480646999,-5.64901529175348,Road_River,3820,12272,2.6,10,18.3,A_CLASS,6686,5,,0,1,Marine,Low,1,Masonry_Arch
1247,54.5838658946066,-5.6791373754755,Road_River,3821,12337,6.2,10,58.6,A_CLASS,9667,5,,0.06,1,Marine,Medium,2,Masonry_Arch
1248,54.5910928311511,-5.69079575209741,Road_River,3823,12201,1.1,10,23.3,A_CLASS,16224,5,,1.03,1,Marine,Low,1,Culvert
1249,54.5455329078511,-5.8368908408084,Road_River,3830,11607,3.5,10,43.5,A_CLASS,14734,5,,6.16,1,Inland,Low,1,Masonry_Arch
1250,54.5382874616328,-5.82854430097783,Road_River,3830,11634,2.8,10,34.5,A_CLASS,14734,5,,5.68,1,Inland,Low,1,Masonry_Arch
1251,54.5513389157394,-5.74190775929251,Road_River,3831,12338,7.5,10,33,A_CLASS,15330,5,,0.62,1,Marine,Low,2,Masonry_Arch
1252,54.5896951924397,-5.69739293728487,Road_River,3833,12201,1.9,10,4.59999999999999,A_CLASS,16224,5,,1.12,1,Coastal,Low,1,Masonry_Arch
1253,54.5910997715321,-5.68883610147835,Road_River,3845,12201,2.7,10,5.90000000000001,A_CLASS,16224,5,,0.99,1,Marine,Low,1,Masonry_Arch
1254,54.59409578381,-5.82434211867975,Road_River,3850,11409,4.7,10,62.3,A_CLASS,16224,5,,4.5,1,Coastal,Low,1,RC_Slab
1255,54.5255729936429,-5.72664622692724,Road_River,3851,11666,2.7,10,28,A_CLASS,11455,5,,1.36,1,Coastal,Low,1,Masonry_Arch
1256,54.5343874013677,-5.77343683240915,Road_River,3852,11668,1.7,10,7.2,A_CLASS,12647,5,,2.41,1,Coastal,Low,1,Culvert
1257,54.5246876748927,-5.78206531166701,Road_River,3852,11668,2,10,31.3,A_CLASS,12647,5,,3.5,1,Coastal,Low,1,Masonry_Arch
1258,54.5369672374786,-5.77141608863655,Road_River,3852,12287,6.1,10,58.7,A_CLASS,12647,5,,2.16,1,Coastal,Medium,2,Masonry_Arch
1259,54.5383753428086,-5.73628859168145,Road_River,3855,12286,1.4,10,14.1,A_CLASS,15330,5,,0.67,1,Marine,Low,1,Culvert
1260,54.579360097282,-5.67170358294648,Road_River,3857,12268,2.5,10,24.3,A_CLASS,9667,5,,0.02,1,Marine,Low,1,Masonry_Arch
1261,54.5686563425784,-5.7704638337661,Road_River,3859,11602,3,10,3.2,A_CLASS,11753,5,,3.17,1,Coastal,Low,1,Masonry_Arch
1262,54.5744109293885,-5.78162498528415,Road_River,3862,11580,2.1,10,4.5,A_CLASS,11753,5,,4.12,1,Coastal,Low,1,Masonry_Arch
1263,54.5767793267827,-5.78606563510778,Road_River,3862,11581,2.7,10,25,A_CLASS,11753,5,,4.5,1,Coastal,Low,1,Masonry_Arch
1264,54.4740754219885,-5.82060256637688,Road_River,3867,11713,1.1,10,1.09999999999999,A_CLASS,12647,5,,9.43,1,Inland,Low,1,Culvert
1265,54.4748867467043,-5.69136973669704,Road_River,3871,11696,1.8,10,17.2,A_CLASS,10859,5,,2.3,1,Coastal,Low,1,Culvert
1266,54.4747839193983,-5.69132550721172,Road_River,3871,11700,6.9,10,6.40000000000001,A_CLASS,10859,5,,2.31,1,Coastal,Low,2,Masonry_Arch
1267,54.4852315383693,-5.81337673350184,Road_River,3872,11714,3.9,10,6.09999999999999,A_CLASS,12647,5,,8.15,1,Inland,Low,1,Masonry_Arch
1268,54.4971065386411,-5.79971196977605,Road_River,3873,8601,4.4,10,28.3,A_CLASS,12647,5,,6.56,1,Inland,Low,1,Masonry_Arch
1269,54.5000512481065,-5.79639330433236,Road_River,3877,8597,3.8,10,21.3,A_CLASS,12945,5,,6.17,1,Inland,Low,1,Masonry_Arch
1270,54.5023307537852,-5.79062760724147,Road_River,3881,8597,1.9,10,9.40000000000001,A_CLASS,12647,5,,5.75,1,Inland,Low,1,Masonry_Arch
1271,54.5025750043536,-5.79204182037114,Road_River,3884,8597,1.9,10,32.3,A_CLASS,12647,5,,5.78,1,Inland,Low,1,Masonry_Arch
1272,54.5160653829891,-5.80473486764706,Road_River,3885,11668,2.1,10,25.6,A_CLASS,12945,5,,5.23,1,Inland,Low,1,Masonry_Arch
1273,54.4957342688157,-5.53832383898434,Road_River,3887,12293,1.8,10,35.6,A_CLASS,9965,5,,0.05,1,Marine,Low,1,Culvert
1274,54.4899097668148,-5.53622073571255,Road_River,3888,12292,3.5,10,41.8,A_CLASS,9965,5,,0.03,1,Marine,Low,1,Masonry_Arch
1275,54.4583237904097,-5.67797891748113,Road_River,3894,12304,4.5,10,11.5,A_CLASS,13840,5,,1.66,1,Coastal,Low,1,Masonry_Arch
1276,54.5452586400287,-5.74153072694203,Road_River,3898,17291,4.4,10,57.7,A_CLASS,15330,5,,0.03,1,Marine,Medium,1,Masonry_Arch
1277,54.6430704468403,-5.53984886590907,Road_River,3904,12253,4.7,10,34.3,A_CLASS,8176,5,,0.14,1,Marine,Low,1,RC_Slab
1278,54.8271403647371,-5.80877607669992,Road_River,3905,12216,11.8,10,18.6,A_CLASS,16224,5,,0.1,1,Marine,Low,2,RC_Slab
1279,54.8155321552245,-5.77696809921195,Road_River,3907,12213,3.3,10,4,A_CLASS,8773,5,,0.11,1,Marine,Low,1,Masonry_Arch
1280,54.8183798496731,-5.78531484723246,Road_River,3907,12215,4.7,10,27.3,A_CLASS,8773,5,,0.04,1,Marine,Low,1,RC_Slab
1281,54.8176870884053,-5.78307034467482,Road_River,3907,12222,2.6,10,11.1,A_CLASS,8773,5,,0.03,1,Marine,Low,1,Masonry_Arch
1282,54.6570840060025,-5.76876105345106,Road_River,3921,12250,2.1,10,28.5,A_CLASS,8773,5,,1.03,1,Marine,Low,1,Masonry_Arch
1283,54.6577416424949,-5.77558555630996,Road_River,3921,12257,2.3,10,18.6,A_CLASS,8773,5,,0.82,1,Marine,Low,1,Masonry_Arch
1284,54.6565808752843,-5.76193390402129,Road_River,3933,12249,2.1,10,23.4,A_CLASS,8773,5,,1.28,1,Coastal,Low,1,Masonry_Arch
1285,54.6529498229235,-5.79592277589507,Road_River,3934,12256,1.3,10,44.8,A_CLASS,15032,5,,0.83,1,Marine,Low,1,Culvert
1286,54.6707863050858,-5.62322577241759,Road_River,3935,12241,2.9,10,15,A_CLASS,12945,5,,0.67,1,Marine,Low,1,Masonry_Arch
1287,54.6699662536819,-5.57710454900104,Road_River,3937,12240,4.2,10,35.4,A_CLASS,8475,5,,0.11,1,Marine,Low,1,Masonry_Arch
1288,54.6436083228481,-5.53812615812945,Road_River,3939,12253,3.1,10,3.8,A_CLASS,8176,5,,0.02,1,Marine,Low,1,Masonry_Arch
1289,54.6548677640994,-5.55163217530213,Road_River,3940,12244,1.6,10,9.7,A_CLASS,8475,5,,0.07,1,Marine,Low,1,Culvert
1290,54.6429209648244,-5.56269380913792,Road_River,3941,11503,2.6,10,3.7,A_CLASS,8475,5,,1.49,1,Coastal,Low,1,Masonry_Arch
1291,54.7358015942802,-5.75912810840191,Road_River,3946,8531,4,10,7.2,A_CLASS,7580,5,,1.21,1,Coastal,Low,1,Masonry_Arch
1292,54.7399911422112,-5.75246048278245,Road_River,3946,8532,8.1,10,72.6,A_CLASS,7580,5,,1.09,1,Coastal,Low,2,Masonry_Arch
1293,54.7442590091098,-5.74049351675228,Road_River,3947,8532,3.1,10,59.5,A_CLASS,7580,5,,0.82,1,Marine,Low,1,Masonry_Arch
1294,54.7167538492181,-5.80084853345777,Road_River,3948,12233,8.8,10,8.5,A_CLASS,16224,5,,0.02,1,Marine,Low,1,RC_Slab
1295,54.7295444850082,-5.77154326810008,Road_River,3952,12229,4.3,10,16,A_CLASS,13243,5,,0.66,1,Marine,Low,1,Masonry_Arch
1296,54.7550856195247,-5.71925119024493,Road_River,3954,11438,3.5,10,42.8,A_CLASS,16224,5,,0.78,1,Marine,Low,1,Masonry_Arch
1297,54.7108728606869,-5.82445701022592,Road_River,3957,12231,10.9,10,30.6,A_CLASS,6090,5,,0.12,1,Marine,Low,2,RC_Slab
1298,54.5780364118942,-5.5006397656303,Road_River,3960,12266,9.6,10,53.9,A_CLASS,6686,5,,0.04,1,Marine,Medium,2,RC_Slab
1299,54.5484091203225,-5.48589483235598,Road_River,3963,12276,3.9,10,27,A_CLASS,9369,5,,0.01,1,Marine,Low,1,Masonry_Arch
1300,54.5367170800504,-5.48530834109677,Road_River,3964,12275,1.1,10,11.5,A_CLASS,9369,5,,0.12,1,Marine,Low,1,Culvert
1301,54.5338696971979,-5.48545907436305,Road_River,3964,12281,1.7,10,20,A_CLASS,9369,5,,0.21,1,Marine,Low,1,Culvert
1302,54.5184865917855,-5.47346053941265,Road_River,3966,12280,4.2,10,32.8,A_CLASS,9965,5,,0.09,1,Marine,Low,1,Masonry_Arch
1303,54.5147104810757,-5.46955443433712,Road_River,3967,12288,2.6,10,12.3,A_CLASS,5792,5,,0.01,1,Marine,Low,1,Masonry_Arch
1304,54.4799606870676,-5.52948507819323,Road_River,3975,12299,2.6,10,26.1,A_CLASS,9965,5,,0.17,1,Marine,Low,1,Masonry_Arch
1305,54.5956518624209,-5.51990313623915,Road_River,3978,12267,1.9,10,20.8,A_CLASS,11455,5,,0,1,Marine,Low,1,Masonry_Arch
1306,54.5978329453586,-5.5218698873145,Road_River,3979,12264,3.8,10,5.59999999999999,A_CLASS,11455,5,,0.02,1,Marine,Low,1,Masonry_Arch
1307,54.8519490220593,-6.25353451441037,Road_River,4023,5674,2.8,10,7.8,A_CLASS,16224,5,,22.37,1,Inland,Low,1,Masonry_Arch
1308,54.8518692904485,-6.25006360043748,Road_River,4026,5674,4.8,10,21.9,A_CLASS,16224,5,,22.21,1,Inland,Low,1,RC_Slab
1309,54.5883794853469,-5.95909774115308,Road_River,4043,11552,27.4,10,12.3,A_CLASS,16224,5,,2.74,1,Coastal,High,5,Bespoke_Viaduct
1310,55.0073704275364,-7.27619262684003,Road_River,4098,3153,3,10,34,DUAL_CARR,423,5,,4.37,0,Coastal,Low,1,Masonry_Arch
1311,55.0140893293531,-7.31393763178939,Road_River,4104,11,1.8,10,26.9,DUAL_CARR,507,5,,4.72,0,Coastal,Low,1,Culvert
1312,55.0099236896467,-7.27543614564398,Road_River,4106,3153,2,10,31.1,DUAL_CARR,423,5,,4.08,0,Coastal,Low,1,Masonry_Arch
1313,55.0111032566245,-7.28057004300219,Road_River,4110,3153,2.4,10,55.9,DUAL_CARR,423,5,,4.02,0,Coastal,Low,1,Masonry_Arch
1314,54.7600332834375,-6.46048136649517,Road_River,4115,6495,109.1,10,19.6,DUAL_CARR,432,5,,37.39,0,Inland,High,4,Bespoke_Viaduct
1315,54.7594295955177,-6.48020333949153,Road_River,4115,6499,2.5,10,6.09999999999999,DUAL_CARR,432,5,,38.56,0,Inland,Low,1,Masonry_Arch
1316,54.7520914089845,-6.45100886677164,Road_River,4116,6498,3,10,32.1,DUAL_CARR,432,5,,36.52,0,Inland,Low,1,Masonry_Arch
1317,54.6613957451167,-6.72537778211975,Road_River,4121,6910,4,10,37.4,DUAL_CARR,423,5,,47.93,0,Inland,Low,1,Masonry_Arch
1318,54.6653492879931,-6.71777534122856,Road_River,4121,6914,8.8,10,2.59999999999999,DUAL_CARR,423,5,,47.74,0,Inland,Low,2,Masonry_Arch
1319,54.6726441159567,-6.70376627117091,Road_River,4122,6847,1.2,10,6.09999999999999,DUAL_CARR,423,5,,47.43,0,Inland,Low,1,Culvert
1320,55.1210875667033,-6.64634699735354,Road_River,4124,4466,2.6,10,14.5,DUAL_CARR,507,5,,7.59,0,Inland,Low,1,Masonry_Arch
1321,54.249420326445,-6.32131522671828,Road_River,4127,12407,1.7,10,6,DUAL_CARR,507,5,,16.63,0,Inland,Low,1,Culvert
1322,54.2741161165937,-6.30846260676777,Road_River,4136,12375,8.5,10,48.7,DUAL_CARR,507,5,,19.19,0,Inland,Medium,2,Masonry_Arch
1323,54.1105173788909,-6.27663441321169,Road_River,4141,13485,2.5,10,0.599999999999994,DUAL_CARR,349,5,,1.05,0,Coastal,Low,1,Masonry_Arch
1324,54.3411704044557,-6.26150396441499,Road_River,4150,8655,2.4,10,19.3,DUAL_CARR,498,5,,26.45,0,Inland,Low,1,Masonry_Arch
1325,54.3838020113757,-6.18522596417944,Road_River,4157,11896,11.1,10,5.8,DUAL_CARR,507,5,,25.77,0,Inland,Low,2,RC_Slab
1326,54.4140090786989,-6.16115035284812,Road_River,4163,11888,14.1,10,1.8,DUAL_CARR,507,5,,25.77,0,Inland,Medium,1,Bespoke_Viaduct
1327,54.3597282683312,-6.23310379592858,Road_River,4172,8285,4.6,10,40.4,DUAL_CARR,460,5,,27.07,0,Inland,Medium,1,RC_Slab
1328,54.3601236627003,-6.23141310976638,Road_River,4172,8285,9.5,10,68.5,DUAL_CARR,460,5,,26.99,0,Inland,Medium,2,RC_Slab
1329,54.3606549465037,-6.22946905377619,Road_River,4172,8285,1.9,10,14.9,DUAL_CARR,460,5,,26.91,0,Inland,Low,1,Masonry_Arch
1330,54.3424380934668,-6.25790353096169,Road_River,4176,8656,16.3,10,0.799999999999997,DUAL_CARR,507,5,,26.59,0,Inland,High,3,RC_Slab
1331,54.4484005304957,-6.3841496311024,Road_River,4179,7452,4.1,10,55.7,DUAL_CARR,507,5,,34.23,0,Inland,Medium,1,Masonry_Arch
1332,54.4475179206442,-6.38619090058212,Road_River,4179,7495,3.3,10,48.8,DUAL_CARR,507,5,,34.4,0,Inland,Low,1,Masonry_Arch
1333,54.7173998718963,-5.96845468831823,Road_River,4185,6658,1.4,10,4.59999999999999,DUAL_CARR,405,5,,6.7,0,Inland,Low,1,Culvert
1334,54.7211812162785,-5.96865017789808,Road_River,4185,6659,2.7,10,21,DUAL_CARR,405,5,,7.01,0,Inland,Low,1,Masonry_Arch
1335,54.7678588963498,-6.24553595817793,Road_River,4186,6368,4.1,10,15.6,DUAL_CARR,414,5,,24.83,0,Inland,Low,1,Masonry_Arch
1336,54.7962637284549,-6.25577961119617,Road_River,4191,6213,1.7,10,20.7,DUAL_CARR,507,5,,26.84,0,Inland,Low,1,Culvert
1337,54.7467372693875,-6.2359104918796,Road_River,4195,6602,3,10,10.4,DUAL_CARR,423,5,,23.33,0,Inland,Low,1,Masonry_Arch
1338,54.8131994095562,-6.26131482220389,Road_River,4202,6132,21.6,10,5.7,DUAL_CARR,507,5,,25.7,0,Inland,High,4,Bespoke_Viaduct
1339,54.8111589549177,-6.26097984134068,Road_River,4202,6133,3.3,10,43.1,DUAL_CARR,507,5,,25.84,0,Inland,Low,1,Masonry_Arch
1340,54.8095250036767,-6.26058055824737,Road_River,4202,6361,2.2,10,23.6,DUAL_CARR,507,5,,25.96,0,Inland,Low,1,Masonry_Arch
1341,54.8224151182578,-6.26289415666862,Road_River,4203,5907,2.6,10,41.3,DUAL_CARR,507,5,,25.04,0,Inland,Low,1,Masonry_Arch
1342,54.7804231431317,-6.24745002869483,Road_River,4207,6371,2.6,10,19.5,DUAL_CARR,414,5,,25.56,0,Inland,Low,1,Masonry_Arch
1343,54.8598457984837,-6.26766007469432,Road_River,4217,5676,18.5,10,21.8,DUAL_CARR,507,5,,22.54,0,Inland,Medium,1,Bespoke_Viaduct
1344,54.8625418827828,-6.27431076059835,Road_River,4217,5677,7.8,10,73.7,DUAL_CARR,507,5,,22.71,0,Inland,Low,2,Masonry_Arch
1345,54.8464910873201,-6.25850790907943,Road_River,4221,5779,4.3,10,14.5,DUAL_CARR,451,5,,23.01,0,Inland,Low,1,Masonry_Arch
1346,54.8456804902274,-6.26000227764609,Road_River,4221,5780,6.1,10,53.2,DUAL_CARR,451,5,,23.14,0,Inland,Medium,2,Masonry_Arch
1347,54.9494756364773,-6.3353113297593,Road_River,4234,5272,1.6,10,14.2,DUAL_CARR,367,5,,21.79,0,Inland,Low,1,Culvert
1348,54.9528884731139,-6.33748454765655,Road_River,4234,17180,21.8,10,14,DUAL_CARR,367,5,,21.69,0,Inland,High,4,Bespoke_Viaduct
1349,54.9498639925856,-6.33446131429322,Road_River,4238,5272,3,10,19.9,DUAL_CARR,367,5,,21.72,0,Inland,Low,1,Masonry_Arch
1350,54.9529228379629,-6.33623193994426,Road_River,4238,17180,17.7,10,17.5,DUAL_CARR,367,5,,21.62,0,Inland,High,3,RC_Slab
1351,54.4207318727633,-6.13977748621034,Road_River,4241,11887,1.7,10,50.4,DUAL_CARR,507,5,,24.35,0,Inland,Low,1,Culvert
1352,54.4567034838509,-6.10215600419435,Road_River,4245,11785,4.9,10,36.6,DUAL_CARR,479,5,,19.69,0,Inland,Low,1,RC_Slab
1353,54.449151416136,-6.10659956900684,Road_River,4246,11785,2.6,10,16.9,DUAL_CARR,479,5,,20.54,0,Inland,Low,1,Masonry_Arch
1354,54.4473436007605,-6.10796424669083,Road_River,4246,11785,2.4,10,21,DUAL_CARR,479,5,,20.75,0,Inland,Low,1,Masonry_Arch
1355,54.4679435474168,-6.08957182981233,Road_River,4252,8199,2.5,10,5.40000000000001,DUAL_CARR,451,5,,18.21,0,Inland,Low,1,Masonry_Arch
1356,54.4581234360136,-6.10065664970355,Road_River,4257,11785,5.4,10,61,DUAL_CARR,479,5,,19.51,0,Inland,Medium,1,RC_Slab
1357,54.4207659833049,-6.13634801368149,Road_River,4261,11887,2,10,18,DUAL_CARR,507,5,,24.22,0,Inland,Low,1,Masonry_Arch
1358,54.5696597539093,-5.89257716012511,Road_River,4262,11608,1.9,10,0.599999999999994,DUAL_CARR,507,5,,3.77,0,Coastal,Low,1,Masonry_Arch
1359,54.6176946031521,-5.86351191769461,Road_River,4273,11413,2.8,10,13.5,DUAL_CARR,237,5,,1.52,0,Marine,Low,1,Masonry_Arch
1360,54.6179522140394,-5.86282164658543,Road_River,4273,11529,1.7,10,20.9,DUAL_CARR,237,5,,1.56,0,Marine,Low,1,Culvert
1361,54.6297453568081,-5.84898118498438,Road_River,4275,11531,1.8,10,3.5,DUAL_CARR,507,5,,0.54,0,Marine,Low,1,Culvert
1362,54.5921039970968,-5.94602581253866,Road_River,4281,11552,40.7,10,59.2,DUAL_CARR,507,5,,1.8,0,Coastal,High,2,Bespoke_Viaduct
1363,54.5914404528448,-5.95376549037956,Road_River,4281,11552,100.9,10,75,DUAL_CARR,507,5,,2.28,0,Coastal,High,17,Bespoke_Viaduct
1364,54.6439099158811,-5.83294079163832,Road_River,4286,12258,3.7,10,6.40000000000001,DUAL_CARR,218,5,,0.05,0,Marine,Low,1,Masonry_Arch
1365,54.6446859705642,-5.82649084699504,Road_River,4286,12259,2.1,10,40.3,DUAL_CARR,218,5,,0.19,0,Marine,Low,1,Masonry_Arch
1366,54.6203850414204,-5.85991123644242,Road_River,4287,11530,2.4,10,8.8,DUAL_CARR,507,5,,1.46,0,Coastal,Low,1,Masonry_Arch
1367,54.6090308880998,-5.85607710453158,Road_River,4288,11412,1.2,10,7,DUAL_CARR,507,5,,2.02,0,Coastal,Low,1,Culvert
1368,54.611639280351,-5.8571869380984,Road_River,4288,11413,2.5,10,47.6,DUAL_CARR,507,5,,1.93,0,Coastal,Medium,1,Masonry_Arch
1369,54.6093846496081,-5.85620250319337,Road_River,4288,11413,2.5,10,45.4,DUAL_CARR,507,5,,2.01,0,Coastal,Medium,1,Masonry_Arch
1370,54.6041523025454,-5.85495845877848,Road_River,4288,11414,3.4,10,69.4,DUAL_CARR,507,5,,2.24,0,Coastal,Low,1,Masonry_Arch
1371,54.6173563502589,-5.86123235650438,Road_River,4290,11529,1.6,10,19.2,DUAL_CARR,507,5,,1.67,0,Coastal,Low,1,Culvert
1372,54.5715848611744,-5.886618725259,Road_River,4297,11586,1.7,10,32.3,DUAL_CARR,507,5,,3.79,0,Coastal,Low,1,Culvert
1373,54.5826738167938,-5.86441122520737,Road_River,4300,8581,0.9,10,3.2,DUAL_CARR,507,5,,3.49,0,Coastal,Low,1,Culvert
1374,54.6998232260588,-5.96884712711895,Road_River,4305,11484,3.2,10,16.2,DUAL_CARR,507,5,,5.52,0,Inland,Low,1,Masonry_Arch
1375,54.6969597680319,-5.969390031912,Road_River,4305,11486,1.3,10,35.5,DUAL_CARR,507,5,,5.39,0,Inland,Low,1,Culvert
1376,54.7054588266357,-5.84061563295091,Road_River,4307,12232,1.2,10,3,DUAL_CARR,246,5,,0.04,0,Marine,Low,1,Culvert
1377,54.7061113192662,-5.83892930951123,Road_River,4307,12235,3.4,10,2.7,DUAL_CARR,246,5,,0.02,0,Marine,Low,1,Masonry_Arch
1378,54.849047947997,-5.838679162584,Road_River,4315,11295,4.1,10,0.400000000000006,DUAL_CARR,470,5,,1.39,0,Coastal,Low,1,Masonry_Arch
1379,54.8367842317473,-5.86340998289131,Road_River,4316,11306,2.7,10,4.2,DUAL_CARR,470,5,,3.13,0,Coastal,Low,1,Masonry_Arch
1380,54.8409604172645,-5.85417871411395,Road_River,4317,11317,2.7,10,45.4,DUAL_CARR,470,5,,2.43,0,Coastal,Low,1,Masonry_Arch
1381,54.8422858858848,-5.85128530029516,Road_River,4317,11320,3.3,10,36,DUAL_CARR,470,5,,2.22,0,Coastal,Low,1,Masonry_Arch
1382,54.8318327666101,-5.87457285967699,Road_River,4318,11324,3.2,10,5.3,DUAL_CARR,405,5,,3.89,0,Coastal,Low,1,Masonry_Arch
1383,54.595200397006,-5.79003661649156,Road_River,4320,11404,2.3,10,38.1,DUAL_CARR,367,5,,5.93,0,Inland,Low,1,Masonry_Arch
1384,54.6347811961215,-5.67587555189179,Road_River,4326,11509,1.5,10,1.8,DUAL_CARR,358,5,,3.13,0,Coastal,Low,1,Culvert
1385,54.5939323187757,-5.77308502071451,Road_River,4332,11405,1.7,10,15.6,DUAL_CARR,367,5,,5.49,0,Coastal,Low,1,Culvert
1386,54.6495567556857,-5.65348446234562,Road_River,4337,12255,4,10,41.5,DUAL_CARR,507,5,,1.79,0,Coastal,Medium,1,Masonry_Arch
1387,54.6494248147709,-5.65403507635085,Road_River,4337,12255,6.6,10,75,DUAL_CARR,507,5,,1.81,0,Coastal,Medium,2,Masonry_Arch
1388,54.6529250047072,-5.74875873584171,Road_River,4338,11499,3.2,10,38.5,DUAL_CARR,339,5,,2.03,0,Coastal,Low,1,Masonry_Arch
1389,54.6467846958772,-5.72647258065238,Road_River,4338,11510,1.8,10,16.3,DUAL_CARR,339,5,,2.27,0,Coastal,Low,1,Culvert
1390,54.654662666811,-5.75340667304942,Road_River,4338,11513,1.8,10,21.8,DUAL_CARR,339,5,,1.73,0,Coastal,Low,1,Culvert
1391,54.6464488516436,-5.66648580145147,Road_River,4345,12255,4,10,8.40000000000001,DUAL_CARR,507,5,,1.87,0,Coastal,Low,1,Masonry_Arch
1392,54.6563886238695,-5.6353839221093,Road_River,4347,12254,1.7,10,12.9,DUAL_CARR,405,5,,1.17,0,Coastal,Low,1,Culvert
1393,54.6519251942781,-5.69224054104648,Road_River,4350,12245,3.5,10,55.4,DUAL_CARR,460,5,,1.45,0,Coastal,Low,1,Masonry_Arch
1394,54.8768920304185,-6.25010465353737,Road_River,4357,5575,26.2,10,25,DUAL_CARR,507,5,,20.51,0,Inland,High,5,Bespoke_Viaduct
1395,54.4769181138667,-6.76353154705241,Road_River,4365,17211,4.8,10,30,DUAL_CARR,507,5,,52.42,0,Inland,Low,1,RC_Slab
1396,54.6808686132904,-5.9831844256894,Road_River,4375,6762,3.7,10,45.2,DUAL_CARR,507,5,,5.59,0,Inland,Low,1,Masonry_Arch
1397,54.8488384068522,-5.82015524187294,Road_River,4377,12211,16.5,10,41.1,DUAL_CARR,507,5,,0.24,0,Marine,High,3,RC_Slab
1398,54.5612797896825,-5.70493748412437,Road_River,4382,12273,1.9,10,44.2,DUAL_CARR,246,5,,0.43,0,Marine,Low,1,Masonry_Arch
1399,54.6964742503475,-5.91924260277959,Road_River,4394,11474,2.5,10,1.90000000000001,B_CLASS,4081,5,,2.82,1,Coastal,Low,1,Masonry_Arch
1400,54.6964800637082,-5.92189235801567,Road_River,4394,11481,2.1,10,19,B_CLASS,4081,5,,2.94,1,Coastal,Low,1,Masonry_Arch
1401,54.6940683487853,-5.93932106874069,Road_River,4398,11483,4.7,10,49.8,B_CLASS,4081,5,,3.58,1,Coastal,Medium,1,RC_Slab
1402,54.695003911159,-5.93801233108478,Road_River,4400,11482,2,10,2.40000000000001,B_CLASS,4081,5,,3.58,1,Coastal,Low,1,Masonry_Arch
1403,54.6982600070038,-5.90131460531238,Road_River,4402,11476,2.4,10,8.40000000000001,B_CLASS,2630,5,,2.2,1,Coastal,Low,1,Masonry_Arch
1404,54.6962925660263,-5.9129161623197,Road_River,4402,11477,2,10,24.7,B_CLASS,2630,5,,2.53,1,Coastal,Low,1,Masonry_Arch
1405,54.700790577028,-5.88857015636313,Road_River,4402,12236,1.5,10,29.8,B_CLASS,2630,5,,1.86,1,Coastal,Low,1,Culvert
1406,54.710628045803,-5.85202120205767,Road_River,4403,12232,2,10,32.3,B_CLASS,2019,5,,0.95,1,Coastal,Low,1,Masonry_Arch
1407,54.7041759360219,-5.87255375124641,Road_River,4403,12237,1.7,10,12.2,B_CLASS,2019,5,,1.44,1,Coastal,Low,1,Culvert
1408,54.7077168741315,-5.86273022605779,Road_River,4403,12238,2.7,10,12,B_CLASS,2019,5,,1.26,1,Coastal,Low,1,Masonry_Arch
1409,54.7723649374388,-5.95199690229618,Road_River,4404,6333,9.4,10,16.9,B_CLASS,3623,5,,10.35,1,Inland,Low,2,RC_Slab
1410,54.7451171394764,-6.02584090451166,Road_River,4406,6589,2.2,10,1.40000000000001,B_CLASS,2783,5,,11.5,1,Inland,Low,1,Masonry_Arch
1411,54.7697742497502,-5.94423282457526,Road_River,4419,9847,3.8,10,13.6,B_CLASS,2630,5,,9.8,1,Inland,Low,1,Masonry_Arch
1412,54.7061593277808,-5.97427876043262,Road_River,4423,11487,1.7,10,25,B_CLASS,4157,5,,6.2,1,Inland,Low,1,Culvert
1413,54.7319705462805,-5.97768566201449,Road_River,4424,6586,4.8,10,50.2,B_CLASS,3317,5,,8.27,1,Inland,Medium,1,RC_Slab
1414,54.6697334562863,-6.11707466208758,Road_River,4429,6820,3.2,10,54,B_CLASS,2477,5,,13.31,1,Inland,Low,1,Masonry_Arch
1415,54.7003762834154,-6.0869676512459,Road_River,4431,6766,1.5,10,39.4,B_CLASS,3546,5,,12.6,1,Inland,Low,1,Culvert
1416,54.7183980059083,-6.12144232543976,Road_River,4438,6701,2.1,10,25.5,B_CLASS,2783,5,,15.32,1,Inland,Low,1,Masonry_Arch
1417,54.7243458046638,-6.07261618191462,Road_River,4439,6593,10.2,10,21.1,B_CLASS,3012,5,,12.69,1,Inland,Low,2,RC_Slab
1418,54.7600810909511,-6.0933438265262,Road_River,4443,6447,9.5,10,38.5,B_CLASS,1790,5,,15.92,1,Inland,Low,2,RC_Slab
1419,54.7558577883069,-6.08568300948065,Road_River,4443,6448,2.4,10,7.7,B_CLASS,1790,5,,15.25,1,Inland,Low,1,Masonry_Arch
1420,54.7612036383389,-6.09580414815945,Road_River,4443,6450,8.6,10,75,B_CLASS,1790,5,,16.12,1,Inland,Low,1,RC_Slab
1421,54.7796227240762,-6.12811684790867,Road_River,4444,6352,3.2,10,36.5,B_CLASS,2706,5,,19.02,1,Inland,Low,1,Masonry_Arch
1422,54.8248185426687,-6.10281779300599,Road_River,4446,2715,17.7,10,13.7,B_CLASS,2019,5,,17.15,1,Inland,Medium,1,Bespoke_Viaduct
1423,54.7870177300928,-6.04254912964791,Road_River,4454,6087,1.9,10,31.3,B_CLASS,2095,5,,15.49,1,Inland,Low,1,Masonry_Arch
1424,54.8136754804826,-6.0848846244693,Road_River,4455,6063,2.7,10,33,B_CLASS,2019,5,,16.92,1,Inland,Low,1,Masonry_Arch
1425,54.7833892162489,-5.86730445237365,Road_River,4457,8178,4.9,10,62.8,B_CLASS,2859,5,,6.11,1,Inland,Low,1,RC_Slab
1426,54.7885378911279,-5.86678805847781,Road_River,4458,8183,2.1,10,36.2,B_CLASS,3470,5,,5.68,1,Inland,Low,1,Masonry_Arch
1427,54.7892259860588,-5.86945388237094,Road_River,4461,8183,2.5,10,31.4,B_CLASS,2859,5,,5.75,1,Inland,Low,1,Masonry_Arch
1428,54.8061289061497,-5.83096872131586,Road_River,4463,11372,4.1,10,50.2,B_CLASS,2553,5,,2.66,1,Coastal,Low,1,Masonry_Arch
1429,54.8092453615702,-5.82894535022501,Road_River,4463,11376,10.3,10,4.8,B_CLASS,2553,5,,2.33,1,Coastal,Low,1,Bespoke_Viaduct
1430,54.8129514058117,-5.82755326363479,Road_River,4469,11347,3.7,10,11.3,B_CLASS,2553,5,,1.99,1,Coastal,Low,1,Masonry_Arch
1431,54.8241930407293,-5.87543902996838,Road_River,4470,11352,11.4,10,16,B_CLASS,2859,5,,4.01,1,Coastal,Medium,1,Bespoke_Viaduct
1432,54.8208706893757,-5.87744920974815,Road_River,4470,11380,1.6,10,11.7,B_CLASS,2859,5,,4.22,1,Coastal,Low,1,Culvert
1433,54.8068963205568,-5.88418638923921,Road_River,4470,11384,2.2,10,24.7,B_CLASS,2859,5,,5.21,1,Coastal,Low,1,Masonry_Arch
1434,54.7369188967877,-6.04341352190187,Road_River,4472,6591,17.4,10,7.5,B_CLASS,3012,5,,11.81,1,Inland,High,3,RC_Slab
1435,54.719985617288,-6.0121808046397,Road_River,4473,6661,1.7,10,18.5,B_CLASS,2783,5,,9.08,1,Inland,Low,1,Culvert
1436,54.6669984183642,-5.93827338659963,Road_River,4476,12251,2.7,10,35.2,B_CLASS,4157,5,,2.44,1,Coastal,Low,1,Masonry_Arch
1437,54.8339973260698,-6.11741279753955,Road_River,4485,2717,2.9,10,33.4,B_CLASS,2019,5,,17.46,1,Inland,Low,1,Masonry_Arch
1438,54.835354506331,-6.11951005103251,Road_River,4485,5766,0.9,10,3.59999999999999,B_CLASS,2019,5,,17.51,1,Inland,Low,1,Culvert
1439,54.8409908867039,-6.12809130952938,Road_River,4486,5765,7.1,10,54.9,B_CLASS,2095,5,,17.72,1,Inland,Medium,2,Masonry_Arch
1440,54.8846264643649,-5.8792014683377,Road_River,4487,8514,1.1,10,13.2,B_CLASS,2401,5,,2.01,1,Coastal,Low,1,Culvert
1441,54.9013235297758,-5.88651570126095,Road_River,4489,11176,2.4,10,29.4,B_CLASS,2095,5,,0.85,1,Marine,Low,1,Masonry_Arch
1442,54.9235106370661,-5.89170453951095,Road_River,4489,11289,3,10,2.2,B_CLASS,2095,5,,0.21,1,Marine,Low,1,Masonry_Arch
1443,54.9156283077279,-5.8918255125578,Road_River,4489,11291,2.2,10,13.1,B_CLASS,2095,5,,0.49,1,Marine,Low,1,Masonry_Arch
1444,54.8965435850346,-5.88224375146827,Road_River,4490,11174,3.4,10,19.3,B_CLASS,2095,5,,1.07,1,Coastal,Low,1,Masonry_Arch
1445,54.9304743928204,-6.02898026012385,Road_River,4491,5215,2.2,10,32.5,B_CLASS,2172,5,,6.15,1,Inland,Low,1,Masonry_Arch
1446,54.9304619207675,-6.04977707802654,Road_River,4492,5218,2.2,10,15.4,B_CLASS,2019,5,,6.9,1,Inland,Low,1,Masonry_Arch
1447,54.9311800853294,-6.04586997335073,Road_River,4492,5331,3.6,10,57.1,B_CLASS,2019,5,,6.68,1,Inland,Low,1,Masonry_Arch
1448,54.9313631718995,-5.98913238477445,Road_River,4493,11137,3.9,10,75,B_CLASS,1866,5,,4.72,1,Inland,Low,1,Masonry_Arch
1449,54.9304795922723,-5.99778937868625,Road_River,4493,11143,1.3,10,41.3,B_CLASS,1866,5,,5.09,1,Inland,Low,1,Culvert
1450,54.9473585860357,-5.98057417303267,Road_River,4494,11114,1.2,10,1.8,B_CLASS,1866,5,,2.91,1,Coastal,Low,1,Culvert
1451,54.9574522489592,-5.97075291095352,Road_River,4496,11047,0.9,10,8.90000000000001,B_CLASS,2095,5,,1.63,1,Coastal,Low,1,Culvert
1452,54.962477576883,-5.96573379453126,Road_River,4496,11050,1.7,10,13.7,B_CLASS,2095,5,,0.99,1,Coastal,Low,1,Culvert
1453,54.8466182340743,-5.87099754172421,Road_River,4498,11306,2.5,10,18.2,B_CLASS,3317,5,,3.45,1,Coastal,Low,1,Masonry_Arch
1454,54.8816349776544,-5.87868758281301,Road_River,4499,8515,3.5,10,16,B_CLASS,2401,5,,2.28,1,Coastal,Low,1,Masonry_Arch
1455,54.8462680325159,-5.87094288702531,Road_River,4500,11306,5,10,68.5,B_CLASS,3852,5,,3.45,1,Coastal,Low,1,RC_Slab
1456,54.4420183468563,-8.08992958827198,Road_River,4504,14090,3.1,10,38.7,B_CLASS,1790,5,,85.55,1,Inland,Low,1,Masonry_Arch
1457,54.4564012631277,-8.08801163461783,Road_River,4505,14089,1.1,10,5.09999999999999,B_CLASS,1790,5,,84.23,1,Inland,Low,1,Culvert
1458,54.4149465662765,-8.09063028977104,Road_River,4508,14239,2.5,10,1,B_CLASS,1942,5,,87.96,1,Inland,Low,1,Masonry_Arch
1459,54.4156000108796,-8.09012829094925,Road_River,4509,14238,12.9,10,31.8,B_CLASS,1942,5,,87.88,1,Inland,High,3,Masonry_Arch
1460,54.4263382277372,-8.08908576880014,Road_River,4511,14162,1.9,10,16,B_CLASS,1790,5,,86.89,1,Inland,Low,1,Masonry_Arch
1461,54.4216015880857,-8.08657905900449,Road_River,4511,14164,1.5,10,37.6,B_CLASS,1790,5,,87.21,1,Inland,Low,1,Culvert
1462,54.4347843967582,-8.09072869213486,Road_River,4511,14194,3.3,10,12.6,B_CLASS,1790,5,,86.22,1,Inland,Low,1,Masonry_Arch
1463,54.4300505919046,-8.09084092770217,Road_River,4511,17020,2.3,10,49.3,B_CLASS,1790,5,,86.63,1,Inland,Medium,1,Masonry_Arch
1464,54.4040528043145,-8.08324232786944,Road_River,4512,14241,2.7,10,33.4,B_CLASS,1942,5,,88.64,1,Inland,Low,1,Masonry_Arch
1465,54.3939958687549,-8.07111662740751,Road_River,4512,14290,3.9,10,51.3,B_CLASS,1942,5,,89.08,1,Inland,Low,1,Masonry_Arch
1466,54.3891618038455,-8.06019566798242,Road_River,4512,14290,2.6,10,10.8,B_CLASS,1942,5,,89.11,1,Inland,Low,1,Masonry_Arch
1467,54.4093738332964,-8.08815826125197,Road_River,4512,14292,3.1,10,28.9,B_CLASS,1942,5,,88.35,1,Inland,Low,1,Masonry_Arch
1468,54.3706155076703,-8.01802920839052,Road_River,4514,13235,2.1,10,32.1,B_CLASS,1790,5,,89.3,1,Inland,Low,1,Masonry_Arch
1469,54.3747280349438,-8.02833914667232,Road_River,4514,13236,3.6,10,50.5,B_CLASS,1790,5,,89.28,1,Inland,Medium,1,Masonry_Arch
1470,54.4118660979849,-8.09439629442044,Road_River,4516,17060,2.4,10,40.8,B_CLASS,1942,5,,88.37,1,Inland,Medium,1,Masonry_Arch
1471,54.28226242421,-7.85367828916019,Road_River,4517,17063,1.9,10,13,B_CLASS,2553,5,,92.88,1,Inland,Low,1,Masonry_Arch
1472,54.3010087402092,-7.87700048506502,Road_River,4518,14965,8.7,10,1,B_CLASS,2553,5,,91.62,1,Inland,Low,2,Masonry_Arch
1473,54.3057767781089,-7.88386337670448,Road_River,4520,14964,3.9,10,16.2,B_CLASS,1713,5,,91.34,1,Inland,Low,1,Masonry_Arch
1474,54.3681453950025,-7.73139239659199,Road_River,4525,14473,1.1,10,23.7,B_CLASS,3088,5,,81.03,1,Inland,Low,1,Culvert
1475,54.4001343431014,-7.78239853091964,Road_River,4528,14202,3.9,10,26.1,B_CLASS,2248,5,,79.07,1,Inland,Low,1,Masonry_Arch
1476,54.4271033408527,-7.81589550783686,Road_River,4532,14141,2.4,10,40.7,B_CLASS,2019,5,,77.33,1,Inland,Low,1,Masonry_Arch
1477,54.3598774651511,-7.9986140521801,Road_River,4534,14515,2.3,10,26.6,B_CLASS,1790,5,,89.64,1,Inland,Low,1,Masonry_Arch
1478,54.3770583044969,-7.74928972882764,Road_River,4536,14350,4.7,10,24.5,B_CLASS,2553,5,,80.55,1,Inland,Low,1,RC_Slab
1479,54.3773385189331,-7.74985646409509,Road_River,4536,14351,2,10,7.5,B_CLASS,2553,5,,80.54,1,Inland,Low,1,Masonry_Arch
1480,54.3889960456872,-7.75821471499458,Road_River,4543,14256,3.5,10,36.9,B_CLASS,2783,5,,79.56,1,Inland,Low,1,Masonry_Arch
1481,54.3905104175125,-7.76013034399274,Road_River,4543,14257,3.7,10,46.1,B_CLASS,2783,5,,79.45,1,Inland,Low,1,Masonry_Arch
1482,54.3646719873406,-7.72000928531059,Road_River,4544,14474,2.1,10,3.40000000000001,B_CLASS,3088,5,,81.12,1,Inland,Low,1,Masonry_Arch
1483,54.4689697864407,-7.71228273967217,Road_River,4545,13964,1.7,10,5.09999999999999,B_CLASS,1942,5,,70.24,1,Inland,Low,1,Culvert
1484,54.3918410090926,-7.76237773471768,Road_River,4547,14257,2.8,10,31.6,B_CLASS,2783,5,,79.38,1,Inland,Low,1,Masonry_Arch
1485,54.485181809641,-7.70645499014209,Road_River,4548,13914,11.2,10,42.6,B_CLASS,1942,5,,68.45,1,Inland,Medium,2,RC_Slab
1486,54.4798722445484,-7.70359753630471,Road_River,4548,13914,13.1,10,49.9,B_CLASS,1942,5,,68.91,1,Inland,Medium,3,Masonry_Arch
1487,54.4776975353649,-7.70019057841109,Road_River,4548,13914,10.6,10,26.6,B_CLASS,1942,5,,69.04,1,Inland,Low,2,RC_Slab
1488,54.3311982473122,-7.96503500783096,Road_River,4549,14642,2.6,10,10.6,B_CLASS,1637,5,,91.27,1,Inland,Low,1,Masonry_Arch
1489,54.3400143550155,-7.97144847835086,Road_River,4549,14648,6.5,10,24.1,B_CLASS,1637,5,,90.63,1,Inland,Low,2,Masonry_Arch
1490,54.3228603654782,-7.9558679462114,Road_River,4549,14791,3.3,10,10.6,B_CLASS,1637,5,,91.79,1,Inland,Low,1,Masonry_Arch
1491,54.3077613301205,-7.9154160354136,Road_River,4549,14973,6.1,10,47.6,B_CLASS,1637,5,,92.04,1,Inland,Medium,2,Masonry_Arch
1492,54.5318998533431,-7.87355875329607,Road_River,4552,13788,1.7,10,12.5,B_CLASS,1561,5,,69.24,1,Inland,Low,1,Culvert
1493,54.5267180767941,-7.88139342956945,Road_River,4554,13788,1.1,10,4.3,B_CLASS,2019,5,,70,1,Inland,Low,1,Culvert
1494,54.5008962176307,-7.70597128842577,Road_River,4560,13872,2.7,10,50.7,B_CLASS,3241,5,,66.85,1,Inland,Low,1,Masonry_Arch
1495,54.2717671778856,-7.49591900524158,Road_River,4563,15237,1.6,10,28.1,B_CLASS,2859,5,,81.4,1,Inland,Low,1,Culvert
1496,54.2885948948531,-7.51904967750369,Road_River,4565,15129,3.1,10,30.4,B_CLASS,2095,5,,83.3,1,Inland,Low,1,Masonry_Arch
1497,54.2807885001456,-7.51230848984483,Road_River,4565,15131,4.1,10,13.2,B_CLASS,2095,5,,82.66,1,Inland,Low,1,Masonry_Arch
1498,54.2980741850792,-7.54824242665342,Road_River,4568,14898,9.9,10,43,B_CLASS,2553,5,,84.99,1,Inland,Medium,2,RC_Slab
1499,54.2160093026189,-7.39172355913746,Road_River,4570,15570,20.9,10,39.9,B_CLASS,2095,5,,73.58,1,Inland,High,4,Bespoke_Viaduct
1500,54.2197898546569,-7.63098793283393,Road_River,4579,15610,30.7,10,10.8,B_CLASS,2095,5,,88.87,1,Inland,High,2,Bespoke_Viaduct
1501,54.2245748389,-7.64092472679116,Road_River,4579,15618,5.3,10,14.8,B_CLASS,2095,5,,89.59,1,Inland,Low,1,RC_Slab
1502,54.1922886441382,-7.53272399638576,Road_River,4580,15765,2.3,10,4.2,B_CLASS,1942,5,,82.19,1,Inland,Low,1,Masonry_Arch
1503,54.1909588562567,-7.55488353357072,Road_River,4581,15770,2.5,10,44.4,B_CLASS,1942,5,,83.59,1,Inland,Medium,1,Masonry_Arch
1504,54.2431582620554,-7.44888678356009,Road_River,4583,15346,1.7,10,12.1,B_CLASS,2706,5,,77.76,1,Inland,Low,1,Culvert
1505,54.2635363725237,-7.47265326192164,Road_River,4590,15226,1.5,10,21.1,B_CLASS,2248,5,,79.73,1,Inland,Low,1,Culvert
1506,54.2710058638406,-7.49173522896479,Road_River,4590,15236,37.4,10,41.7,B_CLASS,2248,5,,81.12,1,Inland,High,2,Bespoke_Viaduct
1507,54.2155477580677,-7.6202864995519,Road_River,4591,15603,3.3,10,32.7,B_CLASS,1942,5,,88.12,1,Inland,Low,1,Masonry_Arch
1508,54.2084896476174,-7.5961875445539,Road_River,4591,15604,1.6,10,44.5,B_CLASS,1942,5,,86.48,1,Inland,Low,1,Culvert
1509,54.1447238911314,-7.57034841595542,Road_River,4592,16363,2.1,10,31.6,B_CLASS,2172,5,,84.14,1,Inland,Low,1,Masonry_Arch
1510,54.1522911209276,-7.57448595862582,Road_River,4594,16154,3.6,10,5.7,B_CLASS,2172,5,,84.46,1,Inland,Low,1,Masonry_Arch
1511,54.15666288291,-7.57587767077173,Road_River,4595,16982,6,10,4,B_CLASS,2172,5,,84.58,1,Inland,Low,1,RC_Slab
1512,54.184516967363,-7.57389957643895,Road_River,4596,15771,4.6,10,32.8,B_CLASS,2477,5,,84.73,1,Inland,Low,1,RC_Slab
1513,54.1796414077008,-7.57427379923507,Road_River,4596,15957,3.4,10,59.5,B_CLASS,2477,5,,84.7,1,Inland,Medium,1,Masonry_Arch
1514,54.2614659017926,-7.46417049229805,Road_River,4597,15227,7.4,10,14.9,B_CLASS,2248,5,,79.15,1,Inland,Low,2,Masonry_Arch
1515,54.231170585442,-7.45621556439998,Road_River,4599,13275,9.4,10,14.7,B_CLASS,1942,5,,77.97,1,Inland,High,2,RC_Slab
1516,54.1661661114145,-7.57659401879269,Road_River,4600,15956,1.4,10,21.6,B_CLASS,2172,5,,84.71,1,Inland,Low,1,Culvert
1517,54.1712209762408,-7.57729420688169,Road_River,4600,15958,4,10,2.2,B_CLASS,2172,5,,84.8,1,Inland,Low,1,Masonry_Arch
1518,54.1635005769104,-7.57565318746962,Road_River,4600,16160,2.7,10,40.7,B_CLASS,2172,5,,84.62,1,Inland,Medium,1,Masonry_Arch
1519,54.3425008783756,-7.62628150202059,Road_River,4602,14594,2.2,10,58.8,B_CLASS,3241,5,,81.5,1,Inland,Low,1,Masonry_Arch
1520,54.3110290325513,-7.56371037650084,Road_River,4603,14750,3.1,10,42.3,B_CLASS,1866,5,,83.82,1,Inland,Medium,1,Masonry_Arch
1521,54.3517426010118,-7.60147108150837,Road_River,4605,14454,2,10,0.700000000000003,B_CLASS,3241,5,,80.07,1,Inland,Low,1,Masonry_Arch
1522,54.397328874906,-7.62489416168148,Road_River,4606,14185,5.3,10,14.6,B_CLASS,2401,5,,75.66,1,Inland,Low,1,RC_Slab
1523,54.415112752109,-7.60092395412562,Road_River,4608,12682,3.5,10,21.5,B_CLASS,2401,5,,73.31,1,Inland,Low,1,Masonry_Arch
1524,54.4132849198059,-7.60307346699456,Road_River,4608,14186,2.5,10,4.8,B_CLASS,2401,5,,73.55,1,Inland,Low,1,Masonry_Arch
1525,54.3566637847568,-7.68643445512753,Road_River,4613,14462,3.3,10,37.9,B_CLASS,2248,5,,81.2,1,Inland,Low,1,Masonry_Arch
1526,54.3402868113471,-7.67350887210396,Road_River,4617,14597,1.5,10,26.6,B_CLASS,3012,5,,82.65,1,Inland,Low,1,Culvert
1527,54.4735551954615,-7.64618801860742,Road_River,4622,13954,4,10,63.6,B_CLASS,2553,5,,68.13,1,Inland,Low,1,Masonry_Arch
1528,54.4766738019353,-7.66257645468221,Road_River,4623,13961,1.8,10,29.7,B_CLASS,2553,5,,68.2,1,Inland,Low,1,Culvert
1529,54.4775126128604,-7.69270127271652,Road_River,4624,13914,8.8,10,20.7,B_CLASS,2019,5,,68.86,1,Inland,Low,2,Masonry_Arch
1530,54.4779108400897,-7.68680827938131,Road_River,4624,13914,7.9,10,39,B_CLASS,2019,5,,68.67,1,Inland,Low,1,RC_Slab
1531,54.434566438114,-7.68364139764964,Road_River,4625,17072,1.8,10,14.7,B_CLASS,2172,5,,73.04,1,Inland,Low,1,Culvert
1532,54.4216992364517,-7.59493528579776,Road_River,4630,14128,23.4,10,43.9,B_CLASS,2172,5,,72.5,1,Inland,High,4,Bespoke_Viaduct
1533,54.4106871364692,-7.65660114391076,Road_River,4631,14200,1.4,10,26.4,B_CLASS,2172,5,,74.91,1,Inland,Low,1,Culvert
1534,54.4047203522761,-7.65010684701579,Road_River,4632,14198,21.8,10,32.3,B_CLASS,2172,5,,75.39,1,Inland,Medium,1,Bespoke_Viaduct
1535,54.4081621228597,-7.60845532338426,Road_River,4633,14188,2.6,10,5.3,B_CLASS,2401,5,,74.19,1,Inland,Low,1,Masonry_Arch
1536,54.3967900674285,-7.64403139492523,Road_River,4634,14185,8.3,10,26.5,B_CLASS,2172,5,,76.1,1,Inland,Low,2,Masonry_Arch
1537,54.4571859941219,-7.59883306326475,Road_River,4635,13949,3.4,10,38.6,B_CLASS,2553,5,,68.82,1,Inland,Low,1,Masonry_Arch
1538,54.4487930976319,-7.57654470424267,Road_River,4635,14028,2.3,10,11.1,B_CLASS,2553,5,,69.28,1,Inland,Low,1,Masonry_Arch
1539,54.4498289696014,-7.49103680054489,Road_River,4642,14010,2.1,10,42.7,B_CLASS,3012,5,,67.75,1,Inland,Medium,1,Masonry_Arch
1540,54.4514919597726,-7.38914601248749,Road_River,4646,3147,2.5,10,30,B_CLASS,3317,5,,66.38,1,Inland,Low,1,Masonry_Arch
1541,54.307269732692,-7.46085486862836,Road_River,4647,14868,2.2,10,14,B_CLASS,3317,5,,80.23,1,Inland,Low,1,Masonry_Arch
1542,54.3182439250792,-7.46142663276784,Road_River,4650,14734,2.4,10,30.1,B_CLASS,2324,5,,80.62,1,Inland,Low,1,Masonry_Arch
1543,54.3184313782067,-7.46159353408008,Road_River,4650,14734,7.3,10,75,B_CLASS,2324,5,,80.63,1,Inland,Low,2,Masonry_Arch
1544,54.3185275950799,-7.46167526005537,Road_River,4650,14734,2.2,10,54.7,B_CLASS,2324,5,,80.64,1,Inland,Low,1,Masonry_Arch
1545,54.3194492749179,-7.46192983165888,Road_River,4650,14734,4.9,10,62.1,B_CLASS,2324,5,,80.69,1,Inland,Low,1,RC_Slab
1546,54.3701519472243,-7.46637035321637,Road_River,4653,14316,6.9,10,32.4,B_CLASS,2783,5,,76.08,1,Inland,Low,2,Masonry_Arch
1547,54.369514139984,-7.46937718188582,Road_River,4654,14324,1.7,10,19.9,B_CLASS,2783,5,,76.19,1,Inland,Low,1,Culvert
1548,54.3610070784651,-7.57271147575971,Road_River,4656,14445,2.9,10,31.7,B_CLASS,3928,5,,78.59,1,Inland,Low,1,Masonry_Arch
1549,54.3636825512907,-7.47606488486358,Road_River,4665,14432,13.1,10,33.9,B_CLASS,2783,5,,76.9,1,Inland,Low,1,Bespoke_Viaduct
1550,54.3672735341987,-7.49609842266374,Road_River,4666,14323,1.7,10,17.7,B_CLASS,2401,5,,76.76,1,Inland,Low,1,Culvert
1551,54.3137597142425,-7.40863185923682,Road_River,4667,14723,1.5,10,0.299999999999997,B_CLASS,3623,5,,77.22,1,Inland,Low,1,Culvert
1552,54.3136026295709,-7.41096379339451,Road_River,4667,14857,3.4,10,8,B_CLASS,3623,5,,77.36,1,Inland,Low,1,Masonry_Arch
1553,54.3104969004829,-7.42543213743725,Road_River,4667,14864,4,10,50.3,B_CLASS,3623,5,,78.15,1,Inland,Low,1,Masonry_Arch
1554,54.3159134162129,-7.40937415771609,Road_River,4668,14722,3.2,10,37.4,B_CLASS,1942,5,,77.34,1,Inland,Low,1,Masonry_Arch
1555,54.3199318630322,-7.52720034627709,Road_River,4671,14741,2,10,8.5,B_CLASS,3546,5,,82.32,1,Inland,Low,1,Masonry_Arch
1556,54.2247298374878,-7.340928743011,Road_River,4673,15435,7.1,10,21,B_CLASS,2019,5,,70.53,1,Inland,Low,1,RC_Slab
1557,54.1978410729635,-7.25083728573149,Road_River,4674,15535,2.6,10,19.8,B_CLASS,2172,5,,64.29,1,Inland,Low,1,Masonry_Arch
1558,54.3164167487686,-7.53488315191831,Road_River,4675,14741,1.7,10,1.40000000000001,B_CLASS,3546,5,,82.81,1,Inland,Low,1,Culvert
1559,54.3486774032065,-7.48856462149732,Road_River,4679,14435,6.7,10,51.1,B_CLASS,2401,5,,78.69,1,Inland,Medium,2,Masonry_Arch
1560,54.3366058215406,-7.50336568330979,Road_River,4679,14573,1,10,15.5,B_CLASS,2401,5,,80.19,1,Inland,Low,1,Culvert
1561,54.3420305229724,-7.49792184108464,Road_River,4679,14576,3.2,10,15.3,B_CLASS,2401,5,,79.53,1,Inland,Low,1,Masonry_Arch
1562,54.3711482627763,-7.5180866545761,Road_River,4682,14329,2.3,10,15,B_CLASS,2401,5,,76.65,1,Inland,Low,1,Masonry_Arch
1563,54.3699131791926,-7.52709046105781,Road_River,4682,14442,1.9,10,49.6,B_CLASS,2401,5,,76.91,1,Inland,Low,1,Masonry_Arch
1564,54.3694323406643,-7.50925655565496,Road_River,4683,14331,18.1,10,68.4,B_CLASS,2401,5,,76.71,1,Inland,High,1,Bespoke_Viaduct
1565,54.3748039287394,-7.46437494092544,Road_River,4684,14322,2.2,10,19.3,B_CLASS,2783,5,,75.55,1,Inland,Low,1,Masonry_Arch
1566,54.3893404986098,-7.44239009840813,Road_River,4686,14168,6.8,10,15.5,B_CLASS,2172,5,,73.71,1,Inland,Low,2,Masonry_Arch
1567,54.3927191296103,-7.41453244317369,Road_River,4688,14251,7.2,10,0.400000000000006,B_CLASS,2172,5,,73.06,1,Inland,Low,2,Masonry_Arch
1568,54.3836967982565,-7.45386870551837,Road_River,4692,14182,1.9,10,0.5,B_CLASS,2783,5,,74.46,1,Inland,Low,1,Masonry_Arch
1569,54.4237942220042,-7.57190939339491,Road_River,4695,12677,2.6,10,51.1,B_CLASS,2172,5,,71.85,1,Inland,Medium,1,Masonry_Arch
1570,54.4263087170289,-7.56274301998115,Road_River,4695,14120,1.9,10,2.40000000000001,B_CLASS,2172,5,,71.43,1,Inland,Low,1,Masonry_Arch
1571,54.4241993298115,-7.58938806187519,Road_River,4695,14127,2,10,45.7,B_CLASS,2172,5,,72.13,1,Inland,Low,1,Masonry_Arch
1572,54.4241041137939,-7.58873646293073,Road_River,4695,14129,19.5,10,46.8,B_CLASS,2172,5,,72.13,1,Inland,High,4,RC_Slab
1573,54.4285240383119,-7.55539485512937,Road_River,4697,12675,1.5,10,23.8,B_CLASS,2935,5,,71.06,1,Inland,Low,1,Culvert
1574,54.4331231967723,-7.5537247359543,Road_River,4698,14121,1.2,10,0.200000000000003,B_CLASS,2935,5,,70.54,1,Inland,Low,1,Culvert
1575,54.4350981903982,-7.38695442490842,Road_River,4700,14000,2.8,10,18.2,B_CLASS,3317,5,,68.16,1,Inland,Low,1,Masonry_Arch
1576,54.4327510041132,-7.38835032659982,Road_River,4700,14100,2.9,10,26.4,B_CLASS,3317,5,,68.43,1,Inland,Low,1,Masonry_Arch
1577,54.4286672235186,-7.39290570609808,Road_River,4700,14107,2.4,10,2.3,B_CLASS,3317,5,,68.92,1,Inland,Low,1,Masonry_Arch
1578,54.4458079831998,-7.51025453777502,Road_River,4702,14013,10,10,11.7,B_CLASS,3012,5,,68.47,1,Inland,Low,1,RC_Slab
1579,54.4421761050064,-7.52257815880525,Road_River,4702,14018,1.8,10,46.7,B_CLASS,3012,5,,69.06,1,Inland,Low,1,Culvert
1580,54.4424411044508,-7.54297575168369,Road_River,4704,14023,15.5,10,4.8,B_CLASS,2935,5,,69.36,1,Inland,High,3,RC_Slab
1581,54.4423159994353,-7.54279910602038,Road_River,4704,14024,1.2,10,4.7,B_CLASS,2935,5,,69.37,1,Inland,Low,1,Culvert
1582,54.4412433525056,-7.54367259653167,Road_River,4706,14122,4.1,10,13.9,B_CLASS,2935,5,,69.5,1,Inland,Low,1,Masonry_Arch
1583,54.6020332752305,-7.46817484605139,Road_River,4713,2281,3.1,10,38,B_CLASS,2019,5,,51,1,Inland,Low,1,Masonry_Arch
1584,54.6038192733813,-7.48192725625027,Road_River,4714,2281,3.9,10,22.8,B_CLASS,2019,5,,51.05,1,Inland,Low,1,Masonry_Arch
1585,54.6025177381252,-7.67602603275542,Road_River,4716,13185,2.7,10,41.2,B_CLASS,2401,5,,55.9,1,Inland,Low,1,Masonry_Arch
1586,54.603295964698,-7.67614412797086,Road_River,4716,13185,4.4,10,64.5,B_CLASS,2401,5,,55.83,1,Inland,Low,1,Masonry_Arch
1587,54.5962868545115,-7.67275517572941,Road_River,4716,13186,2.8,10,8.7,B_CLASS,2401,5,,56.41,1,Inland,Low,1,Masonry_Arch
1588,54.5903518927455,-7.66712718372651,Road_River,4716,13559,1.4,10,6.3,B_CLASS,2401,5,,56.83,1,Inland,Low,1,Culvert
1589,54.6124409525657,-7.39590955892354,Road_River,4717,2263,1.8,10,12.3,B_CLASS,3317,5,,48.81,1,Inland,Low,1,Culvert
1590,54.6090256893348,-7.40596256642184,Road_River,4718,2264,6,10,51.1,B_CLASS,3317,5,,49.31,1,Inland,Medium,1,RC_Slab
1591,54.6089921706115,-7.40605283560632,Road_River,4718,2264,14.6,10,75,B_CLASS,3317,5,,49.31,1,Inland,Medium,3,RC_Slab
1592,54.6158034983844,-7.48995615626194,Road_River,4719,2283,37.7,10,1.90000000000001,B_CLASS,3623,5,,49.92,1,Inland,High,7,Bespoke_Viaduct
1593,54.6192459334101,-7.49060382013551,Road_River,4721,2154,2.3,10,12.1,B_CLASS,3623,5,,49.56,1,Inland,Low,1,Masonry_Arch
1594,54.6333050355173,-7.49418562948907,Road_River,4724,2006,3.7,10,20.8,B_CLASS,3623,5,,48.14,1,Inland,Low,1,Masonry_Arch
1595,54.6397445923865,-7.49417265153389,Road_River,4725,2005,1.8,10,51.6,B_CLASS,3012,5,,47.46,1,Inland,Low,1,Culvert
1596,54.6453196123067,-7.46739207309879,Road_River,4726,1996,8.1,10,6.09999999999999,B_CLASS,3470,5,,46.36,1,Inland,Low,2,Masonry_Arch
1597,54.637021410995,-7.47107577403201,Road_River,4726,2001,1.7,10,27.4,B_CLASS,3470,5,,47.31,1,Inland,Low,1,Culvert
1598,54.646578064838,-7.50416394553106,Road_River,4727,2010,1.4,10,40.7,B_CLASS,3012,5,,46.95,1,Inland,Low,1,Culvert
1599,54.6562852239616,-7.52860891133504,Road_River,4732,2009,1.2,10,3.40000000000001,B_CLASS,2706,5,,46.48,1,Inland,Low,1,Culvert
1600,54.6590095562407,-7.53430903100662,Road_River,4732,2013,1.3,10,5.90000000000001,B_CLASS,2706,5,,46.34,1,Inland,Low,1,Culvert
1601,54.6432050562501,-7.64689420338627,Road_River,4736,2019,2.1,10,7.2,B_CLASS,1561,5,,51.03,1,Inland,Low,1,Masonry_Arch
1602,54.6380844624821,-7.65127871166532,Road_River,4736,2021,8,10,22,B_CLASS,1561,5,,51.67,1,Inland,Low,2,Masonry_Arch
1603,54.6341688125558,-7.65623437681055,Road_River,4736,2029,2.2,10,15.4,B_CLASS,1561,5,,52.2,1,Inland,Low,1,Masonry_Arch
1604,54.6062101438763,-7.41520013212852,Road_River,4741,2268,2.8,10,61.3,B_CLASS,2172,5,,49.74,1,Inland,Low,1,Masonry_Arch
1605,54.6047074807842,-7.43124756217972,Road_River,4741,2269,2.1,10,42.6,B_CLASS,2172,5,,50.13,1,Inland,Medium,1,Masonry_Arch
1606,54.6053082551728,-7.44543594959177,Road_River,4742,2276,2,10,24.1,B_CLASS,2172,5,,50.28,1,Inland,Low,1,Masonry_Arch
1607,54.6059605337988,-7.48748375983521,Road_River,4743,2279,6.6,10,20.3,B_CLASS,2095,5,,50.92,1,Inland,Low,2,Masonry_Arch
1608,54.5424301555518,-7.43387148609494,Road_River,4745,2816,4.8,10,25,B_CLASS,3394,5,,56.91,1,Inland,Low,1,RC_Slab
1609,54.5089900132666,-7.42903834579938,Road_River,4749,2943,26.9,10,20,B_CLASS,2935,5,,60.49,1,Inland,High,5,Bespoke_Viaduct
1610,54.5436837856478,-7.41349381147394,Road_River,4751,2818,2.8,10,14.7,B_CLASS,3088,5,,56.52,1,Inland,Low,1,Masonry_Arch
1611,54.5418745431415,-7.42837113783525,Road_River,4753,2816,2,10,36.7,B_CLASS,3394,5,,56.9,1,Inland,Low,1,Masonry_Arch
1612,54.542020579811,-7.43018049342735,Road_River,4753,2816,5.6,10,51.1,B_CLASS,3394,5,,56.91,1,Inland,Medium,1,RC_Slab
1613,54.5441850277095,-7.44836456560559,Road_River,4754,2590,4.1,10,53.8,B_CLASS,3394,5,,56.92,1,Inland,Low,1,Masonry_Arch
1614,54.4917726412439,-7.46528283059891,Road_River,4756,13844,7.6,10,54.6,B_CLASS,2095,5,,62.84,1,Inland,Medium,2,Masonry_Arch
1615,54.4751977645577,-7.47200153402024,Road_River,4756,13932,2,10,33.5,B_CLASS,2095,5,,64.73,1,Inland,Low,1,Masonry_Arch
1616,54.509658880451,-7.45173424204174,Road_River,4759,2954,11,10,75,B_CLASS,4157,5,,60.71,1,Inland,Medium,1,Bespoke_Viaduct
1617,54.5066252981911,-7.45240712453404,Road_River,4759,2955,3.1,10,50.8,B_CLASS,4157,5,,61.05,1,Inland,Low,1,Masonry_Arch
1618,54.5107682001882,-7.45080601038465,Road_River,4761,2954,3.6,10,5.7,B_CLASS,2935,5,,60.58,1,Inland,Low,1,Masonry_Arch
1619,54.509944964911,-7.4396553290978,Road_River,4761,3021,2.2,10,4.2,B_CLASS,2935,5,,60.52,1,Inland,Low,1,Masonry_Arch
1620,54.5214238661099,-7.46995105539832,Road_River,4763,2948,5.6,10,51.6,B_CLASS,4157,5,,59.7,1,Inland,Medium,1,RC_Slab
1621,54.5254927416822,-7.48470337120126,Road_River,4764,2957,3.7,10,8.09999999999999,B_CLASS,4157,5,,59.5,1,Inland,Low,1,Masonry_Arch
1622,54.5401953181369,-7.49105069262154,Road_River,4767,2823,15.7,10,1.2,B_CLASS,2553,5,,58.02,1,Inland,High,3,RC_Slab
1623,54.5462413500715,-7.49016479566934,Road_River,4775,2598,3.4,10,17.4,B_CLASS,2553,5,,57.35,1,Inland,Low,1,Masonry_Arch
1624,54.5439314000884,-7.51878977220085,Road_River,4776,2602,1.2,10,18.2,B_CLASS,2553,5,,58.09,1,Inland,Low,1,Culvert
1625,54.5460945919029,-7.49113370256025,Road_River,4777,2598,6.5,10,75,B_CLASS,2553,5,,57.39,1,Inland,Medium,2,Masonry_Arch
1626,54.5460888218682,-7.49135845932952,Road_River,4777,2600,11.8,10,1.40000000000001,B_CLASS,2553,5,,57.39,1,Inland,Low,1,Bespoke_Viaduct
1627,54.5752059278989,-7.48886942618623,Road_River,4779,2487,1.4,10,6.5,B_CLASS,2095,5,,54.23,1,Inland,Low,1,Culvert
1628,54.5267257013226,-7.68444489072124,Road_River,4782,13824,4.4,10,63.1,B_CLASS,3317,5,,63.67,1,Inland,Low,1,Masonry_Arch
1629,54.5251444212828,-7.70504448349162,Road_River,4782,13826,2.6,10,4.40000000000001,B_CLASS,3317,5,,64.4,1,Inland,Low,1,Masonry_Arch
1630,54.5233023346373,-7.71795667204687,Road_River,4782,13871,2.1,10,11.1,B_CLASS,3317,5,,64.95,1,Inland,Low,1,Masonry_Arch
1631,54.5042901546209,-7.68832306031486,Road_River,4784,13870,2.4,10,28.4,B_CLASS,3317,5,,66.03,1,Inland,Low,1,Masonry_Arch
1632,54.5367924495408,-7.64360873960923,Road_River,4785,13748,7.2,10,20.3,B_CLASS,2553,5,,61.57,1,Inland,Low,2,Masonry_Arch
1633,54.5391204727582,-7.66090785695118,Road_River,4788,13756,3.4,10,40.5,B_CLASS,2553,5,,61.78,1,Inland,Low,1,Masonry_Arch
1634,54.5342032003311,-7.65872078613703,Road_River,4788,13757,16.1,10,4,B_CLASS,2553,5,,62.22,1,Inland,High,3,RC_Slab
1635,54.5446295877035,-7.61286094587261,Road_River,4789,13737,2.3,10,6,B_CLASS,2248,5,,60,1,Inland,Low,1,Masonry_Arch
1636,54.5404651984087,-7.66242748604517,Road_River,4791,13754,2.3,10,59.4,B_CLASS,2553,5,,61.69,1,Inland,Low,1,Masonry_Arch
1637,54.5556984365716,-7.66390684123484,Road_River,4792,13696,2.8,10,17.2,B_CLASS,2553,5,,60.19,1,Inland,Low,1,Masonry_Arch
1638,54.56366317915,-7.66584770106183,Road_River,4793,13697,2.9,10,25,B_CLASS,2553,5,,59.45,1,Inland,Low,1,Masonry_Arch
1639,54.5836645400759,-7.66125699634446,Road_River,4794,13565,1.9,10,11.6,B_CLASS,1713,5,,57.32,1,Inland,Low,1,Masonry_Arch
1640,54.5459706985433,-7.54566572200398,Road_River,4796,2833,3.3,10,30.4,B_CLASS,1866,5,,58.39,1,Inland,Low,1,Masonry_Arch
1641,54.5460626757507,-7.59120041646636,Road_River,4799,13666,1.8,10,8.90000000000001,B_CLASS,2935,5,,59.35,1,Inland,Low,1,Culvert
1642,54.5233595388519,-7.68442645589424,Road_River,4800,13824,3.2,10,50.9,B_CLASS,3317,5,,64,1,Inland,Low,1,Masonry_Arch
1643,54.5195862194429,-7.68407376740598,Road_River,4800,13824,3.1,10,72.9,B_CLASS,3317,5,,64.38,1,Inland,Low,1,Masonry_Arch
1644,54.7635858486387,-7.45408186873722,Road_River,4805,1157,88.5,10,14.1,B_CLASS,3776,5,,33.64,1,Inland,High,3,Bespoke_Viaduct
1645,54.7195686187249,-7.38337937212322,Road_River,4812,1480,2.4,10,10.8,B_CLASS,3546,5,,37.01,1,Inland,Low,1,Masonry_Arch
1646,54.8036471924286,-7.41245920247374,Road_River,4815,1020,1.3,10,4.8,B_CLASS,2401,5,,28.54,1,Inland,Low,1,Culvert
1647,54.8122636144943,-7.42962636284433,Road_River,4818,514,1.8,10,17.6,B_CLASS,2935,5,,28.04,1,Inland,Low,1,Culvert
1648,54.8106171052268,-7.42685323531999,Road_River,4818,642,8.9,10,17.1,B_CLASS,2935,5,,28.14,1,Inland,Low,2,Masonry_Arch
1649,54.7602148733174,-7.45480037273272,Road_River,4823,1262,1.9,10,57.5,B_CLASS,3776,5,,34.01,1,Inland,Low,1,Masonry_Arch
1650,54.824523454031,-7.46390514175847,Road_River,4831,520,80.5,10,7.8,B_CLASS,3546,5,,27.72,1,Inland,High,3,Bespoke_Viaduct
1651,54.6842419267988,-7.43432144847142,Road_River,4835,1769,2.1,10,10.6,B_CLASS,2706,5,,41.63,1,Inland,Low,1,Masonry_Arch
1652,54.6886592555308,-7.42945305822843,Road_River,4836,1765,1.3,10,11.7,B_CLASS,2706,5,,41.07,1,Inland,Low,1,Culvert
1653,54.7038411451108,-7.41719325117966,Road_River,4838,1625,4,10,0.200000000000003,B_CLASS,2706,5,,39.24,1,Inland,Low,1,Masonry_Arch
1654,54.7129036880042,-7.41225796560285,Road_River,4840,1624,2.9,10,23.9,B_CLASS,3546,5,,38.19,1,Inland,Low,1,Masonry_Arch
1655,54.6799303249229,-7.43988882575301,Road_River,4842,1768,2.5,10,17.2,B_CLASS,2706,5,,42.18,1,Inland,Low,1,Masonry_Arch
1656,54.6680261093366,-7.54858163061163,Road_River,4843,17225,8.1,10,8.8,B_CLASS,2706,5,,45.77,1,Inland,Low,2,Masonry_Arch
1657,54.6901935481702,-7.57761106326595,Road_River,4847,1774,1.6,10,25.5,B_CLASS,3928,5,,44.34,1,Inland,Low,1,Culvert
1658,54.690407915808,-7.57861630450625,Road_River,4847,1777,3.5,10,50.3,B_CLASS,3928,5,,44.34,1,Inland,Low,1,Masonry_Arch
1659,54.7135960871722,-7.56152677699631,Road_River,4851,1388,1.3,10,0,B_CLASS,2783,5,,41.55,1,Inland,Low,1,Culvert
1660,54.7213164271767,-7.51646917113885,Road_River,4853,1492,4.5,10,10.9,B_CLASS,2859,5,,39.52,1,Inland,Low,1,Masonry_Arch
1661,54.723294050612,-7.52669464697598,Road_River,4854,1386,2.2,10,23,B_CLASS,3928,5,,39.59,1,Inland,Low,1,Masonry_Arch
1662,54.7204224976085,-7.53832308948715,Road_River,4857,1387,2.4,10,34.4,B_CLASS,3928,5,,40.2,1,Inland,Low,1,Masonry_Arch
1663,54.6780936240346,-7.62102888792214,Road_River,4858,1781,2,10,7.90000000000001,B_CLASS,2859,5,,46.84,1,Inland,Low,1,Masonry_Arch
1664,54.7062138895818,-7.59307030281835,Road_River,4862,1502,20.7,10,1.3,B_CLASS,3928,5,,43.24,1,Inland,High,4,Bespoke_Viaduct
1665,55.0086256588769,-7.34327523166071,Road_River,4863,11,1.5,10,24.1,B_CLASS,4157,5,,6.5,1,Inland,Low,1,Culvert
1666,55.0120051353539,-7.3185639691866,Road_River,4867,17,2.5,10,5.3,B_CLASS,4157,5,,5.09,1,Coastal,Low,1,Masonry_Arch
1667,54.7567105782766,-7.42098308567677,Road_River,4870,1260,12.6,10,26.3,B_CLASS,3470,5,,33.66,1,Inland,Low,3,Masonry_Arch
1668,54.7291397111246,-7.42792320161752,Road_River,4876,1378,10.6,10,24.9,B_CLASS,3546,5,,36.72,1,Inland,Low,1,Bespoke_Viaduct
1669,54.726527389334,-7.48927357117516,Road_River,4877,1264,3.9,10,17.6,B_CLASS,2859,5,,38.3,1,Inland,Low,1,Masonry_Arch
1670,54.7332936066289,-7.45875655140683,Road_River,4881,1383,25.5,10,0.299999999999997,B_CLASS,2630,5,,36.9,1,Inland,High,5,Bespoke_Viaduct
1671,54.7312862830733,-7.51210531695266,Road_River,4884,1385,3.3,10,7.90000000000001,B_CLASS,2859,5,,38.39,1,Inland,Low,1,Masonry_Arch
1672,54.745257135707,-7.4938716751141,Road_River,4886,1264,3.9,10,2.7,B_CLASS,2859,5,,36.5,1,Inland,Low,1,Masonry_Arch
1673,54.7492081938041,-7.4879366587941,Road_River,4887,1262,3.7,10,63.7,B_CLASS,3776,5,,35.94,1,Inland,Low,1,Masonry_Arch
1674,54.7837888744992,-7.49479227760848,Road_River,4898,1024,2.7,10,10.4,B_CLASS,3776,5,,32.66,1,Inland,Low,1,Masonry_Arch
1675,54.8076217673318,-7.45930150779593,Road_River,4903,1019,1.1,10,20.8,B_CLASS,3776,5,,29.28,1,Inland,Low,1,Culvert
1676,54.8081591919165,-7.51507562382738,Road_River,4904,648,2.5,10,8.2,B_CLASS,4005,5,,30.93,1,Inland,Low,1,Masonry_Arch
1677,54.8141744972988,-7.45454078245324,Road_River,4905,519,8.4,10,15.7,B_CLASS,3776,5,,28.49,1,Inland,Low,2,Masonry_Arch
1678,54.8121226518028,-7.45658005476768,Road_River,4905,646,1,10,7.90000000000001,B_CLASS,3776,5,,28.75,1,Inland,Low,1,Culvert
1679,54.822572038982,-7.48120248798287,Road_River,4908,521,2.2,10,4.40000000000001,B_CLASS,3546,5,,28.44,1,Inland,Low,1,Masonry_Arch
1680,54.7929419847267,-7.54430085268719,Road_River,4912,1025,3.4,10,19.3,B_CLASS,2401,5,,33.35,1,Inland,Low,1,Masonry_Arch
1681,54.7987111206901,-7.53241290834371,Road_River,4913,656,1.9,10,5.5,B_CLASS,2401,5,,32.4,1,Inland,Low,1,Masonry_Arch
1682,54.7827737826779,-7.45894808680809,Road_River,4918,1152,2.4,10,7.7,B_CLASS,3776,5,,31.78,1,Inland,Low,1,Masonry_Arch
1683,54.7123473682858,-7.56760645435627,Road_River,4920,1506,2.6,10,20,B_CLASS,3928,5,,41.86,1,Inland,Low,1,Masonry_Arch
1684,54.8312554157432,-7.4623152140769,Road_River,4922,383,2.3,10,6.7,B_CLASS,3546,5,,27.01,1,Inland,Low,1,Masonry_Arch
1685,54.758008542104,-7.42653962255257,Road_River,4924,1153,2.5,10,14.2,B_CLASS,3470,5,,33.63,1,Inland,Low,1,Masonry_Arch
1686,54.9782450066661,-7.40530340004176,Road_River,4928,28,2.9,10,11.3,B_CLASS,3241,5,,11.73,1,Inland,Low,1,Masonry_Arch
1687,54.8560483119602,-7.40662753550552,Road_River,4932,310,10,10,1,B_CLASS,3164,5,,22.98,1,Inland,Low,2,RC_Slab
1688,54.8517178312734,-7.42338320489309,Road_River,4938,381,1.9,10,54.3,B_CLASS,3776,5,,23.86,1,Inland,Low,1,Masonry_Arch
1689,54.2056722425537,-7.24274502187817,Road_River,4942,15531,11.1,10,9.7,B_CLASS,2172,5,,63.92,1,Inland,High,2,RC_Slab
1690,54.1701827675491,-7.35412534650859,Road_River,4943,15920,1.4,10,7,B_CLASS,2324,5,,70.47,1,Inland,Low,1,Culvert
1691,54.1809191674248,-7.36011468786575,Road_River,4945,15923,8.3,10,8.90000000000001,B_CLASS,2172,5,,70.99,1,Inland,Low,2,Masonry_Arch
1692,54.1580371787019,-7.34890259842137,Road_River,4946,16114,2.7,10,15,B_CLASS,2324,5,,70.01,1,Inland,Low,1,Masonry_Arch
1693,54.1464357687501,-7.35326938287629,Road_River,4947,16123,34.7,10,51.2,B_CLASS,2324,5,,70.19,1,Inland,High,6,Bespoke_Viaduct
1694,54.1296818226684,-7.35002293474356,Road_River,4949,16455,28.9,10,10.8,B_CLASS,1866,5,,69.87,1,Inland,High,5,Bespoke_Viaduct
1695,54.1959893980974,-7.28163321074606,Road_River,4954,15696,9.2,10,75,B_CLASS,2019,5,,66.21,1,Inland,Medium,1,RC_Slab
1696,54.1926249038501,-7.26902863934386,Road_River,4954,15699,27.2,10,26.6,B_CLASS,2019,5,,65.35,1,Inland,High,5,Bespoke_Viaduct
1697,54.1953969520129,-7.28096680320023,Road_River,4954,15701,5.1,10,33.8,B_CLASS,2019,5,,66.16,1,Inland,Low,1,RC_Slab
1698,54.2293053798491,-7.25919891311506,Road_River,4957,15426,3.5,10,11.6,B_CLASS,2553,5,,65.48,1,Inland,Low,1,Masonry_Arch
1699,54.1955159425039,-7.28837815832125,Road_River,4961,15696,3.7,10,52.5,B_CLASS,1790,5,,66.64,1,Inland,Medium,1,Masonry_Arch
1700,54.1900873100956,-7.31917030115469,Road_River,4961,15709,2.6,10,46.8,B_CLASS,1790,5,,68.51,1,Inland,Medium,1,Masonry_Arch
1701,54.1903727448513,-7.31797246034921,Road_River,4961,15710,2.8,10,29.1,B_CLASS,1790,5,,68.44,1,Inland,Low,1,Masonry_Arch
1702,54.1909380652465,-7.30626781001268,Road_River,4961,15711,3.3,10,0.900000000000006,B_CLASS,1790,5,,67.7,1,Inland,Low,1,Masonry_Arch
1703,54.1947145733352,-7.29467987470881,Road_River,4961,15712,4.5,10,54.6,B_CLASS,1790,5,,67.02,1,Inland,Low,1,Masonry_Arch
1704,54.1819916417283,-7.34013573328615,Road_River,4961,15721,3.9,10,75,B_CLASS,1790,5,,69.73,1,Inland,Low,1,Masonry_Arch
1705,54.1847699323304,-7.3320843427827,Road_River,4961,15722,2.2,10,29.6,B_CLASS,1790,5,,69.25,1,Inland,Low,1,Masonry_Arch
1706,54.2312513620344,-7.27990209055289,Road_River,4962,15423,3.8,10,68,B_CLASS,2553,5,,66.83,1,Inland,Low,1,Masonry_Arch
1707,54.2323362522601,-7.27529617638094,Road_River,4962,15426,4.4,10,25.3,B_CLASS,2553,5,,66.56,1,Inland,Low,1,Masonry_Arch
1708,54.2313958295271,-7.27945967595093,Road_River,4962,15426,7.1,10,73,B_CLASS,2553,5,,66.8,1,Inland,Medium,2,Masonry_Arch
1709,54.2313503222121,-7.27959903671848,Road_River,4962,15426,10.9,10,75,B_CLASS,2553,5,,66.81,1,Inland,Medium,1,Bespoke_Viaduct
1710,54.2279633225194,-7.29769398267739,Road_River,4963,15422,11,10,49.5,B_CLASS,1942,5,,67.87,1,Inland,Medium,2,RC_Slab
1711,54.2287311590929,-7.29194512076505,Road_River,4963,15422,11.6,10,24.2,B_CLASS,1942,5,,67.53,1,Inland,Low,2,RC_Slab
1712,54.2266722674817,-7.31289398095963,Road_River,4963,15430,10.6,10,27.1,B_CLASS,1942,5,,68.8,1,Inland,Low,2,RC_Slab
1713,54.2266950778822,-7.30733259754237,Road_River,4963,15431,1.3,10,13.2,B_CLASS,1942,5,,68.45,1,Inland,Low,1,Culvert
1714,54.224452821084,-7.32739996033187,Road_River,4964,15434,1.5,10,6.40000000000001,B_CLASS,2019,5,,69.67,1,Inland,Low,1,Culvert
1715,54.2252581586713,-7.35852964731395,Road_River,4965,15435,5.5,10,22.3,B_CLASS,2324,5,,71.66,1,Inland,Low,1,RC_Slab
1716,54.2246977785268,-7.35204376528692,Road_River,4965,15435,9.4,10,6.40000000000001,B_CLASS,2324,5,,71.24,1,Inland,Low,2,RC_Slab
1717,54.2244968553147,-7.34870355059781,Road_River,4965,15435,13.1,10,49.1,B_CLASS,2324,5,,71.02,1,Inland,Medium,3,Masonry_Arch
1718,54.2205141082975,-7.37445195488629,Road_River,4965,15441,3.5,10,70.1,B_CLASS,2324,5,,72.57,1,Inland,Low,1,Masonry_Arch
1719,54.2195818752264,-7.37702351752924,Road_River,4965,15442,1.4,10,35.8,B_CLASS,2324,5,,72.71,1,Inland,Low,1,Culvert
1720,54.220308572322,-7.37503175078407,Road_River,4965,15443,7.9,10,8.3,B_CLASS,2324,5,,72.6,1,Inland,Low,2,Masonry_Arch
1721,54.217218311839,-7.38741670689616,Road_River,4965,15569,28.6,10,27.5,B_CLASS,2324,5,,73.33,1,Inland,High,5,Bespoke_Viaduct
1722,54.2383175984186,-7.18052146111667,Road_River,4966,15314,23.6,10,36.5,B_CLASS,1942,5,,60.77,1,Inland,High,4,Bespoke_Viaduct
1723,54.2350454374812,-7.23270545618511,Road_River,4968,16995,4.9,10,29.4,B_CLASS,2553,5,,63.95,1,Inland,Low,1,RC_Slab
1724,54.6022819115104,-6.90431583279497,Road_River,4969,7091,3.6,10,62.6,B_CLASS,2553,5,,50.43,1,Inland,Medium,1,Masonry_Arch
1725,54.6029235604453,-6.90278118506133,Road_River,4969,7129,7.1,10,56.6,B_CLASS,2553,5,,50.38,1,Inland,Medium,1,RC_Slab
1726,54.220398999226,-7.25515619181609,Road_River,4973,15420,1.8,10,21.5,B_CLASS,2553,5,,65.02,1,Inland,Low,1,Culvert
1727,54.2208595332621,-7.25510202893941,Road_River,4973,17342,2.8,10,18.5,B_CLASS,2553,5,,65.02,1,Inland,Low,1,Masonry_Arch
1728,54.211149040333,-7.24886906618696,Road_River,4975,15530,14.1,10,42.9,B_CLASS,2553,5,,64.42,1,Inland,Medium,3,RC_Slab
1729,54.4845450816407,-7.31090115118249,Road_River,4978,3062,3.6,10,44.6,B_CLASS,2553,5,,62.23,1,Inland,Medium,1,Masonry_Arch
1730,54.4772855872631,-7.31590159489574,Road_River,4979,3057,8.5,10,13.3,B_CLASS,2553,5,,63.06,1,Inland,Low,2,Masonry_Arch
1731,54.4735150722341,-7.3526435287229,Road_River,4980,3069,2.9,10,40.5,B_CLASS,2553,5,,63.67,1,Inland,Low,1,Masonry_Arch
1732,54.4643244919121,-7.36504908947923,Road_River,4981,3107,4.5,10,24.5,B_CLASS,2553,5,,64.77,1,Inland,Low,1,Masonry_Arch
1733,54.4535213563701,-7.38682090118513,Road_River,4983,3115,2.8,10,26.3,B_CLASS,3317,5,,66.13,1,Inland,Low,1,Masonry_Arch
1734,54.457045563559,-7.37776306501996,Road_River,4984,3143,3.8,10,25,B_CLASS,1713,5,,65.67,1,Inland,Low,1,Masonry_Arch
1735,54.4773672948804,-7.21923972348902,Road_River,4986,3051,2.7,10,3.5,B_CLASS,3088,5,,62.91,1,Inland,Low,1,Masonry_Arch
1736,54.4733365628844,-7.27289149868015,Road_River,4987,3061,1.3,10,37,B_CLASS,2095,5,,63.37,1,Inland,Low,1,Culvert
1737,54.4832510854696,-7.29677180596259,Road_River,4987,3062,3.5,10,19.4,B_CLASS,2095,5,,62.32,1,Inland,Low,1,Masonry_Arch
1738,54.3682928480318,-7.1059395378781,Road_River,4995,8393,1.7,10,5.59999999999999,B_CLASS,2477,5,,61.58,1,Inland,Low,1,Culvert
1739,54.3689896007048,-7.11135768989931,Road_River,4996,8391,2.7,10,24.8,B_CLASS,2477,5,,61.92,1,Inland,Low,1,Masonry_Arch
1740,54.3707613803074,-7.11612830780537,Road_River,4997,8390,2.5,10,24.9,B_CLASS,2477,5,,62.29,1,Inland,Low,1,Masonry_Arch
1741,54.3819982024044,-7.12749067752153,Road_River,4998,8396,4.2,10,26.2,B_CLASS,2477,5,,63.53,1,Inland,Low,1,Masonry_Arch
1742,54.4133242650526,-7.18237686333172,Road_River,5001,7915,5,10,26.5,B_CLASS,2935,5,,68.33,1,Inland,Low,1,RC_Slab
1743,54.3901926194854,-7.13643560843063,Road_River,5002,869,2.7,10,39.1,B_CLASS,2324,5,,64.48,1,Inland,Low,1,Masonry_Arch
1744,54.4078255530578,-7.14872539439126,Road_River,5002,873,14.4,10,44.6,B_CLASS,2324,5,,66.15,1,Inland,Medium,3,RC_Slab
1745,54.4065109219512,-7.14894262083933,Road_River,5002,873,5.9,10,19.5,B_CLASS,2324,5,,66.09,1,Inland,Low,1,RC_Slab
1746,54.4101622698464,-7.15141278193433,Road_River,5002,7908,5.2,10,29.8,B_CLASS,2324,5,,66.43,1,Inland,Low,1,RC_Slab
1747,54.416350136319,-7.15833306040634,Road_River,5002,7911,2.8,10,32.9,B_CLASS,2324,5,,67.17,1,Inland,Low,1,Masonry_Arch
1748,54.4204866566453,-7.19453089018888,Road_River,5006,7791,21.3,10,38.7,B_CLASS,2935,5,,69.08,1,Inland,High,4,Bespoke_Viaduct
1749,54.414147433919,-7.18489573616358,Road_River,5006,7910,11.3,10,29.5,B_CLASS,2935,5,,68.51,1,Inland,Low,2,RC_Slab
1750,54.4201942748967,-7.16417892053011,Road_River,5007,7785,18.7,10,15.8,B_CLASS,2935,5,,67.71,1,Inland,High,4,RC_Slab
1751,54.4324510251781,-7.17192909588791,Road_River,5010,7786,2.4,10,3.90000000000001,B_CLASS,2935,5,,67.68,1,Inland,Low,1,Masonry_Arch
1752,54.4290724615347,-7.16970218104453,Road_River,5010,7787,1.5,10,5.7,B_CLASS,2935,5,,68.05,1,Inland,Low,1,Culvert
1753,54.4303790753272,-7.20383739821385,Road_River,5011,7792,4.7,10,15.1,B_CLASS,2706,5,,68.03,1,Inland,Low,1,RC_Slab
1754,54.4351054438937,-7.21141887277195,Road_River,5012,7656,2,10,2.2,B_CLASS,2706,5,,67.54,1,Inland,Low,1,Masonry_Arch
1755,54.3816209660386,-7.31403965981919,Road_River,5013,8273,2.5,10,5.3,B_CLASS,3088,5,,73.65,1,Inland,Low,1,Masonry_Arch
1756,54.3860338372029,-7.33714972841603,Road_River,5014,14249,1.3,10,16.5,B_CLASS,3088,5,,73.26,1,Inland,Low,1,Culvert
1757,54.4002736900478,-7.36871413553289,Road_River,5015,14250,2.1,10,38.3,B_CLASS,1866,5,,71.86,1,Inland,Low,1,Masonry_Arch
1758,54.391508910661,-7.35338506141931,Road_River,5015,17005,3.3,10,47.6,B_CLASS,1866,5,,72.74,1,Inland,Low,1,Masonry_Arch
1759,54.4048175543804,-7.31996829631204,Road_River,5018,7950,1,10,0.799999999999997,B_CLASS,2019,5,,71.1,1,Inland,Low,1,Culvert
1760,54.3921364779067,-7.31787189037617,Road_River,5018,8274,2.7,10,13.5,B_CLASS,2019,5,,72.5,1,Inland,Low,1,Masonry_Arch
1761,54.3987293096199,-7.31580480023272,Road_River,5018,8277,2.5,10,22.7,B_CLASS,2019,5,,71.76,1,Inland,Low,1,Masonry_Arch
1762,54.4546314120316,-7.32569062330301,Road_River,5020,3103,2,10,19.3,B_CLASS,1561,5,,65.61,1,Inland,Low,1,Masonry_Arch
1763,54.4436830998001,-7.32466855323496,Road_River,5020,3140,2.2,10,20.9,B_CLASS,1561,5,,66.81,1,Inland,Low,1,Masonry_Arch
1764,54.4395354581786,-7.32891176978804,Road_River,5020,3141,1.9,10,16.5,B_CLASS,1561,5,,67.29,1,Inland,Low,1,Masonry_Arch
1765,54.431006763369,-7.33094718808947,Road_River,5020,7813,1.8,10,1.40000000000001,B_CLASS,1561,5,,68.25,1,Inland,Low,1,Culvert
1766,54.4136667300054,-7.32262475091655,Road_River,5020,7949,8.3,10,57.3,B_CLASS,1561,5,,70.13,1,Inland,Medium,2,Masonry_Arch
1767,54.6023916123008,-7.30549281560412,Road_River,5028,2247,108.8,10,5,B_CLASS,4157,5,,49.15,1,Inland,High,4,Bespoke_Viaduct
1768,54.6126427837645,-7.35321602414093,Road_River,5029,2261,4.4,10,9.5,B_CLASS,3470,5,,48.34,1,Inland,Low,1,Masonry_Arch
1769,54.6116570216453,-7.36951469114011,Road_River,5031,2258,3.6,10,10,B_CLASS,3470,5,,48.6,1,Inland,Low,1,Masonry_Arch
1770,54.6119134727485,-7.38807770936283,Road_River,5032,2265,1.6,10,4,B_CLASS,3317,5,,48.77,1,Inland,Low,1,Culvert
1771,54.6113612091338,-7.37890471024454,Road_River,5032,2266,3.4,10,39.6,B_CLASS,3317,5,,48.73,1,Inland,Low,1,Masonry_Arch
1772,54.6090271960365,-7.32204608726637,Road_River,5033,2256,2.9,10,3,B_CLASS,3546,5,,48.51,1,Inland,Low,1,Masonry_Arch
1773,54.5828526561754,-7.28709264990797,Road_River,5035,2462,28.4,10,25.6,B_CLASS,4157,5,,51.25,1,Inland,Medium,1,Bespoke_Viaduct
1774,54.5953717311158,-7.2704380289333,Road_River,5038,2363,31.8,10,9,B_CLASS,4157,5,,49.83,1,Inland,High,6,Bespoke_Viaduct
1775,54.6030668024396,-7.22411355737553,Road_River,5040,2237,2.2,10,14,B_CLASS,3623,5,,48.99,1,Inland,Low,1,Masonry_Arch
1776,54.6029380969445,-7.16722431606559,Road_River,5041,2233,8.6,10,8,B_CLASS,2324,5,,48.77,1,Inland,Low,1,RC_Slab
1777,54.6400865112945,-7.29847650984929,Road_River,5047,1970,2.7,10,31.8,B_CLASS,4157,5,,44.95,1,Inland,Low,1,Masonry_Arch
1778,54.628571594128,-7.29660635493689,Road_River,5049,2123,4.7,10,16.3,B_CLASS,4157,5,,46.22,1,Inland,Low,1,RC_Slab
1779,54.6536329147993,-7.29137052627455,Road_River,5052,697,4.5,10,14.7,B_CLASS,4157,5,,43.42,1,Inland,Low,1,Masonry_Arch
1780,54.6503826736106,-7.29394648442328,Road_River,5054,1971,1.9,10,8.3,B_CLASS,4157,5,,43.79,1,Inland,Low,1,Masonry_Arch
1781,54.6030718492301,-7.09865533162033,Road_River,5057,2339,2.6,10,2.8,B_CLASS,2324,5,,48.72,1,Inland,Low,1,Masonry_Arch
1782,54.6008373531526,-7.07343130381726,Road_River,5059,2338,4.9,10,5.40000000000001,B_CLASS,2401,5,,49.06,1,Inland,Low,1,RC_Slab
1783,54.5861472557496,-7.25196321793119,Road_River,5069,2359,1.7,10,16.1,B_CLASS,3317,5,,50.84,1,Inland,Low,1,Culvert
1784,54.6008377276794,-7.29931598774677,Road_River,5070,2247,84.8,10,40.7,B_CLASS,4157,5,,49.3,1,Inland,High,3,Bespoke_Viaduct
1785,54.4843594231874,-7.22548743499787,Road_River,5077,3042,3.7,10,29.7,B_CLASS,3088,5,,62.16,1,Inland,Low,1,Masonry_Arch
1786,54.4892055120356,-7.33184586944507,Road_River,5080,3064,3.4,10,25.4,B_CLASS,2553,5,,61.81,1,Inland,Low,1,Masonry_Arch
1787,54.5002075302455,-7.23825340716937,Road_River,5082,2995,5.4,10,39.1,B_CLASS,3088,5,,60.38,1,Inland,Low,1,RC_Slab
1788,54.4911468316881,-7.23133744971738,Road_River,5082,2996,2.1,10,24.3,B_CLASS,3088,5,,61.39,1,Inland,Low,1,Masonry_Arch
1789,54.5074684759516,-7.24641418855239,Road_River,5084,2923,17,10,9.40000000000001,B_CLASS,3852,5,,59.57,1,Inland,High,3,RC_Slab
1790,54.5134226655555,-7.26074802143026,Road_River,5088,2925,18.8,10,1,B_CLASS,3852,5,,58.91,1,Inland,High,4,RC_Slab
1791,54.5261126897548,-7.20879986960566,Road_River,5097,2917,9.2,10,66.8,B_CLASS,3088,5,,57.46,1,Inland,Medium,2,RC_Slab
1792,54.5230459938156,-7.2207096799346,Road_River,5098,2918,2.2,10,45.7,B_CLASS,3088,5,,57.87,1,Inland,Medium,1,Masonry_Arch
1793,54.5277132491188,-7.20067142573928,Road_River,5101,2917,4.6,10,32.8,B_CLASS,2859,5,,57.24,1,Inland,Low,1,RC_Slab
1794,54.5287445849413,-7.29491006896206,Road_River,5104,2901,13.9,10,33.8,B_CLASS,3241,5,,57.28,1,Inland,High,3,RC_Slab
1795,54.5360314789391,-7.29149461333636,Road_River,5105,2616,2.1,10,34.7,B_CLASS,3623,5,,56.46,1,Inland,Low,1,Masonry_Arch
1796,54.5018785929792,-7.30508349644133,Road_River,5113,3011,3.1,10,43.4,B_CLASS,3241,5,,60.29,1,Inland,Medium,1,Masonry_Arch
1797,54.504335633724,-7.30524873968919,Road_River,5123,3006,7.4,10,20.8,B_CLASS,3241,5,,60.02,1,Inland,Low,2,Masonry_Arch
1798,54.5022378582194,-7.34078253171305,Road_River,5126,3012,3.9,10,57.3,B_CLASS,3546,5,,60.42,1,Inland,Low,1,Masonry_Arch
1799,54.5023239889825,-7.34582046012242,Road_River,5126,3015,2.7,10,41.2,B_CLASS,3546,5,,60.45,1,Inland,Medium,1,Masonry_Arch
1800,54.5061586747766,-7.36258021859818,Road_River,5127,3017,1.5,10,18,B_CLASS,2553,5,,60.14,1,Inland,Low,1,Culvert
1801,54.5041656897194,-7.38556952158393,Road_River,5127,3019,3.5,10,53.4,B_CLASS,2553,5,,60.55,1,Inland,Medium,1,Masonry_Arch
1802,54.5162027679765,-7.29987230380741,Road_River,5129,2932,1.4,10,26.4,B_CLASS,3241,5,,58.68,1,Inland,Low,1,Culvert
1803,54.5509548018023,-7.15576391327103,Road_River,5137,2550,14.9,10,1.5,B_CLASS,2859,5,,54.5,1,Inland,High,3,RC_Slab
1804,54.5509147150033,-7.16678050141176,Road_River,5138,2896,2.5,10,11.6,B_CLASS,3776,5,,54.53,1,Inland,Low,1,Masonry_Arch
1805,54.5521233672224,-7.28372473511976,Road_River,5144,2569,1.8,10,14,B_CLASS,3623,5,,54.65,1,Inland,Low,1,Culvert
1806,54.5584525237894,-7.17936928532207,Road_River,5145,2553,1.7,10,15.4,B_CLASS,3776,5,,53.74,1,Inland,Low,1,Culvert
1807,54.5630392967,-7.20692952868992,Road_River,5151,2452,2.3,10,57.6,B_CLASS,3164,5,,53.37,1,Inland,Low,1,Masonry_Arch
1808,54.5623296171633,-7.20382706917664,Road_River,5151,2452,3.6,10,42.3,B_CLASS,3164,5,,53.43,1,Inland,Low,1,Masonry_Arch
1809,54.5735229303614,-7.23312955307606,Road_River,5153,2457,34.4,10,22.8,B_CLASS,3623,5,,52.25,1,Inland,High,6,Bespoke_Viaduct
1810,54.4965847637345,-7.31772387786178,Road_River,5156,3005,13.1,10,34.6,B_CLASS,3546,5,,60.93,1,Inland,Low,1,Bespoke_Viaduct
1811,54.497677622634,-7.31517425428263,Road_River,5157,3005,8.9,10,3.40000000000001,B_CLASS,3546,5,,60.79,1,Inland,Low,2,Masonry_Arch
1812,54.7911152874602,-7.35812378164716,Road_River,5167,1007,1.8,10,27.4,B_CLASS,2248,5,,28.91,1,Inland,Low,1,Culvert
1813,54.7881401524073,-7.35353208028528,Road_River,5168,1009,4.2,10,5.90000000000001,B_CLASS,2248,5,,29.16,1,Inland,Low,1,Masonry_Arch
1814,54.7794569847724,-7.32118457946806,Road_River,5170,1001,2.4,10,11.3,B_CLASS,1790,5,,29.72,1,Inland,Low,1,Masonry_Arch
1815,54.7780490946589,-7.31720726794314,Road_River,5170,1002,1.8,10,8.59999999999999,B_CLASS,1790,5,,29.83,1,Inland,Low,1,Culvert
1816,54.7291118233384,-7.3426032724404,Road_River,5172,1370,2.4,10,2.2,B_CLASS,2859,5,,35.45,1,Inland,Low,1,Masonry_Arch
1817,54.7412137528999,-7.30931513326776,Road_River,5178,1367,4.5,10,20.6,B_CLASS,2859,5,,33.83,1,Inland,Low,1,Masonry_Arch
1818,54.7320015122641,-7.32048398884085,Road_River,5179,1369,32.5,10,0.299999999999997,B_CLASS,2859,5,,34.93,1,Inland,High,6,Bespoke_Viaduct
1819,54.7258414434246,-7.36351162947086,Road_River,5182,1372,7,10,17.8,B_CLASS,4157,5,,36.06,1,Inland,Low,2,Masonry_Arch
1820,54.7282521175626,-7.31115670803477,Road_River,5186,1368,3.3,10,4.40000000000001,B_CLASS,2859,5,,35.27,1,Inland,Low,1,Masonry_Arch
1821,54.7206382323037,-7.37344026541873,Road_River,5187,1481,127.9,10,28.7,B_CLASS,4157,5,,36.75,1,Inland,High,2,Bespoke_Viaduct
1822,54.7436000755966,-7.30182602979771,Road_River,5189,1241,25.1,10,30.4,B_CLASS,3164,5,,33.51,1,Inland,High,5,Bespoke_Viaduct
1823,54.7449682712481,-7.29862617247906,Road_River,5189,1243,1.6,10,6.5,B_CLASS,3164,5,,33.34,1,Inland,Low,1,Culvert
1824,54.7815876856805,-7.08196403290992,Road_River,5198,962,3.8,10,13.9,B_CLASS,1790,5,,29.02,1,Inland,Low,1,Masonry_Arch
1825,54.7266356771415,-7.29749162999862,Road_River,5199,1476,3,10,27.6,B_CLASS,3164,5,,35.36,1,Inland,Low,1,Masonry_Arch
1826,54.7267818716919,-7.30398185631453,Road_River,5199,1477,1.9,10,5.09999999999999,B_CLASS,3164,5,,35.39,1,Inland,Low,1,Masonry_Arch
1827,54.7883966071831,-7.25436054543804,Road_River,5201,991,1.9,10,11.3,B_CLASS,2095,5,,28.39,1,Inland,Low,1,Masonry_Arch
1828,54.7677990738629,-7.24896145001504,Road_River,5204,1138,15,10,12.9,B_CLASS,2706,5,,30.67,1,Inland,High,3,RC_Slab
1829,54.7695371104353,-7.22197354140396,Road_River,5205,1129,1.8,10,12.7,B_CLASS,2324,5,,30.54,1,Inland,Low,1,Culvert
1830,54.769031772843,-7.24395843127139,Road_River,5205,1136,1.4,10,31.5,B_CLASS,2324,5,,30.54,1,Inland,Low,1,Culvert
1831,54.7664988815501,-7.1734356283371,Road_River,5211,1113,1.2,10,23.5,B_CLASS,2401,5,,30.68,1,Inland,Low,1,Culvert
1832,54.7650973469788,-7.16394107761744,Road_River,5212,1110,7.9,10,13.4,B_CLASS,2401,5,,30.79,1,Inland,Low,2,Masonry_Arch
1833,54.762267307176,-7.25685428473719,Road_River,5216,1140,1,10,27.9,B_CLASS,2706,5,,31.29,1,Inland,Low,1,Culvert
1834,54.7556780754547,-7.26738976877892,Road_River,5216,1236,2.6,10,12.9,B_CLASS,2706,5,,32.03,1,Inland,Low,1,Masonry_Arch
1835,54.7262013261322,-7.28399547643296,Road_River,5219,1361,6.8,10,59.7,B_CLASS,3164,5,,35.35,1,Inland,Medium,2,Masonry_Arch
1836,54.7341253826537,-7.23796396701105,Road_River,5221,1234,0.9,10,13.3,B_CLASS,2630,5,,34.42,1,Inland,Low,1,Culvert
1837,54.7377703095281,-7.24192043667836,Road_River,5221,1359,1,10,6.90000000000001,B_CLASS,2630,5,,34.01,1,Inland,Low,1,Culvert
1838,54.7784568041021,-7.09486356777977,Road_River,5224,966,5.7,10,4.5,B_CLASS,2248,5,,29.29,1,Inland,Low,1,RC_Slab
1839,54.7742882017845,-7.10750766538661,Road_River,5225,968,2.9,10,2.59999999999999,B_CLASS,2248,5,,29.71,1,Inland,Low,1,Masonry_Arch
1840,54.7703313060125,-7.1237147696888,Road_River,5228,1099,1.2,10,13.5,B_CLASS,3012,5,,30.12,1,Inland,Low,1,Culvert
1841,54.7659369480133,-7.13972206686469,Road_River,5229,1104,1.6,10,16.1,B_CLASS,3012,5,,30.62,1,Inland,Low,1,Culvert
1842,54.7260161285123,-7.23500036859349,Road_River,5233,1352,50.5,10,31.7,B_CLASS,2630,5,,35.33,1,Inland,High,9,Bespoke_Viaduct
1843,54.7182021366194,-7.17011298925239,Road_River,5235,1457,15.4,10,1.7,B_CLASS,3012,5,,36.01,1,Inland,High,3,RC_Slab
1844,54.7176621845373,-7.2334488637334,Road_River,5239,1466,3.9,10,7.40000000000001,B_CLASS,2630,5,,36.26,1,Inland,Low,1,Masonry_Arch
1845,54.7157722178259,-7.18309283171405,Road_River,5240,1458,7.5,10,1.90000000000001,B_CLASS,3012,5,,36.34,1,Inland,Low,1,RC_Slab
1846,54.7147218347531,-7.21293765471814,Road_River,5242,1461,3.2,10,27.7,B_CLASS,2630,5,,36.65,1,Inland,Low,1,Masonry_Arch
1847,54.7146871892967,-7.20539885165559,Road_River,5242,1463,1,10,12.4,B_CLASS,2630,5,,36.63,1,Inland,Low,1,Culvert
1848,54.7017250852546,-7.23322189918143,Road_River,5243,1603,1,10,3,B_CLASS,2019,5,,38.03,1,Inland,Low,1,Culvert
1849,54.6955861591232,-7.23520898031979,Road_River,5243,1604,1.6,10,49.3,B_CLASS,2019,5,,38.7,1,Inland,Low,1,Culvert
1850,54.6659583115821,-7.28288000932099,Road_River,5244,698,2,10,2.59999999999999,B_CLASS,4157,5,,42.02,1,Inland,Low,1,Masonry_Arch
1851,54.674067049225,-7.27310382307175,Road_River,5244,1740,1.3,10,1.40000000000001,B_CLASS,4157,5,,41.1,1,Inland,Low,1,Culvert
1852,54.6759266582264,-7.27078740688711,Road_River,5245,1741,2.5,10,13.4,B_CLASS,2019,5,,40.89,1,Inland,Low,1,Masonry_Arch
1853,54.6839582421705,-7.25267125159325,Road_River,5246,1742,15.9,10,47,B_CLASS,2019,5,,39.98,1,Inland,Medium,3,RC_Slab
1854,54.6949837451389,-7.09661317050643,Road_River,5248,1574,3.2,10,34.6,B_CLASS,2935,5,,38.53,1,Inland,Low,1,Masonry_Arch
1855,54.6910304626244,-7.08482862678989,Road_River,5249,1572,2,10,27.8,B_CLASS,2248,5,,39.02,1,Inland,Low,1,Masonry_Arch
1856,54.8353286627827,-7.23817109566128,Road_River,5250,353,5.8,10,1.40000000000001,B_CLASS,2477,5,,23.19,1,Inland,Low,1,RC_Slab
1857,54.7067724298494,-7.13731324207025,Road_River,5252,1447,1.3,10,4.40000000000001,B_CLASS,2172,5,,37.18,1,Inland,Low,1,Culvert
1858,54.7122664905459,-7.14260591999685,Road_River,5252,1452,1.9,10,0.5,B_CLASS,2172,5,,36.58,1,Inland,Low,1,Masonry_Arch
1859,54.7047790323374,-7.13359720518508,Road_River,5252,1455,2.5,10,22.2,B_CLASS,2172,5,,37.4,1,Inland,Low,1,Masonry_Arch
1860,54.7055567186,-7.13498232609863,Road_River,5252,1456,1.6,10,18.4,B_CLASS,2172,5,,37.31,1,Inland,Low,1,Culvert
1861,54.7030960606961,-7.12982843641991,Road_River,5252,1587,1.8,10,11.2,B_CLASS,2172,5,,37.58,1,Inland,Low,1,Culvert
1862,54.7689790019834,-7.19916978313522,Road_River,5253,984,2.1,10,0.900000000000006,B_CLASS,2324,5,,30.61,1,Inland,Low,1,Masonry_Arch
1863,54.726591879026,-7.26407017204136,Road_River,5256,1469,4.3,10,6.40000000000001,B_CLASS,2630,5,,35.26,1,Inland,Low,1,Masonry_Arch
1864,54.7048556738124,-7.23642228394707,Road_River,5257,1467,2.2,10,23.9,B_CLASS,2019,5,,37.67,1,Inland,Low,1,Masonry_Arch
1865,54.7086955711258,-7.24028258019224,Road_River,5257,1468,2.3,10,13.5,B_CLASS,2019,5,,37.24,1,Inland,Low,1,Masonry_Arch
1866,54.6998260687184,-7.12167004641343,Road_River,5258,1576,1.9,10,0.5,B_CLASS,2935,5,,37.95,1,Inland,Low,1,Masonry_Arch
1867,54.6969209674231,-7.10583882318471,Road_River,5259,1575,1.7,10,2.7,B_CLASS,2935,5,,38.29,1,Inland,Low,1,Culvert
1868,54.7727319693365,-7.29020216315131,Road_River,5261,1143,12.1,10,24,B_CLASS,2401,5,,30.23,1,Inland,Low,3,Masonry_Arch
1869,54.7674346901537,-7.25796835568716,Road_River,5263,1139,2.8,10,16.6,B_CLASS,2706,5,,30.72,1,Inland,Low,1,Masonry_Arch
1870,54.3767249429893,-6.56672744032495,Road_River,5283,7981,3.3,10,67.9,B_CLASS,3928,5,,36.01,1,Inland,Low,1,Masonry_Arch
1871,54.3864815441239,-6.57406367920667,Road_River,5286,8315,2.4,10,32,B_CLASS,3928,5,,37.18,1,Inland,Low,1,Masonry_Arch
1872,54.3903011432627,-6.57929414924012,Road_River,5288,7983,3.4,10,2.2,B_CLASS,3699,5,,37.72,1,Inland,Low,1,Masonry_Arch
1873,55.0036614323702,-7.34016782361443,Road_River,5295,17,1.5,10,10.7,B_CLASS,4157,5,,6.72,1,Inland,Low,1,Culvert
1874,54.9081572914348,-7.3634618049199,Road_River,5302,95,5,10,38.5,B_CLASS,3470,5,,16.57,1,Inland,Low,1,RC_Slab
1875,54.9312812799546,-7.12373831130225,Road_River,5305,3752,2.8,10,14.8,B_CLASS,1713,5,,12.26,1,Inland,Low,1,Masonry_Arch
1876,54.9267986590382,-7.13840534267,Road_River,5305,3754,2.7,10,2.8,B_CLASS,1713,5,,12.77,1,Inland,Low,1,Masonry_Arch
1877,54.9573065132328,-7.09021505707659,Road_River,5307,3629,5.7,10,28.5,B_CLASS,2401,5,,9.54,1,Inland,Low,1,RC_Slab
1878,54.9633726139455,-7.22567251718371,Road_River,5310,3646,1.5,10,31.4,B_CLASS,3699,5,,9.12,1,Inland,Low,1,Culvert
1879,54.9569905821266,-7.2309311608439,Road_River,5311,3644,0.9,10,5.40000000000001,B_CLASS,3699,5,,9.76,1,Inland,Low,1,Culvert
1880,54.9551858657618,-7.23208782299895,Road_River,5311,3716,3.5,10,20.1,B_CLASS,3699,5,,9.95,1,Inland,Low,1,Masonry_Arch
1881,54.9568661341372,-7.35701567498733,Road_River,5315,61,3.6,10,72.4,B_CLASS,3623,5,,11.53,1,Inland,Low,1,Masonry_Arch
1882,54.9538980563773,-7.35379624691365,Road_River,5315,61,3.5,10,61.9,B_CLASS,3623,5,,11.71,1,Inland,Low,1,Masonry_Arch
1883,54.9774427904298,-7.28523835093123,Road_River,5316,3659,12,10,22.3,B_CLASS,4157,5,,7.71,1,Inland,Low,2,RC_Slab
1884,54.9983993797258,-7.1785164892662,Road_River,5317,3552,3.5,10,24.3,B_CLASS,2859,5,,5.61,1,Inland,Low,1,Masonry_Arch
1885,55.0048068911601,-7.17954859932437,Road_River,5318,3557,1.6,10,3.2,B_CLASS,3241,5,,5,1,Coastal,Low,1,Culvert
1886,54.9967619101383,-7.17839420610124,Road_River,5319,3553,1.5,10,31.7,B_CLASS,2859,5,,5.77,1,Inland,Low,1,Culvert
1887,54.9716354153255,-7.21675491922257,Road_River,5320,3647,1.8,10,17.5,B_CLASS,3164,5,,8.36,1,Inland,Low,1,Culvert
1888,55.0179911294022,-7.33946307889958,Road_River,5327,10,2.6,10,4.09999999999999,B_CLASS,4157,5,,5.68,1,Inland,Low,1,Masonry_Arch
1889,55.0196959447915,-7.34126607465436,Road_River,5327,12,1.1,10,8.8,B_CLASS,4157,5,,5.68,1,Inland,Low,1,Culvert
1890,55.0131074946793,-7.3317151210149,Road_River,5330,11,1.8,10,6.2,B_CLASS,4157,5,,5.61,1,Inland,Low,1,Culvert
1891,54.8960989313972,-7.0735315822331,Road_River,5333,4041,4.2,10,12.1,B_CLASS,2859,5,,16.42,1,Inland,Low,1,Masonry_Arch
1892,54.992520513332,-7.18448703260805,Road_River,5342,3476,1.1,10,27,B_CLASS,2859,5,,6.36,1,Inland,Low,1,Culvert
1893,54.9773979739276,-7.20798113036004,Road_River,5343,3478,2.2,10,6,B_CLASS,3164,5,,7.92,1,Inland,Low,1,Masonry_Arch
1894,54.9154779889395,-7.3640251081369,Road_River,5351,93,2.8,10,15.2,B_CLASS,3470,5,,15.83,1,Inland,Low,1,Masonry_Arch
1895,54.8972203788797,-7.357025890783,Road_River,5352,142,2.4,10,4.8,B_CLASS,3470,5,,17.56,1,Inland,Low,1,Masonry_Arch
1896,54.8854662074217,-7.33122764356014,Road_River,5353,138,11.4,10,4.8,B_CLASS,3852,5,,18.34,1,Inland,High,2,RC_Slab
1897,54.8772025114142,-7.30985558769531,Road_River,5359,213,23.9,10,26.7,B_CLASS,3852,5,,18.9,1,Inland,Medium,1,Bespoke_Viaduct
1898,54.8728105398825,-7.3161271909384,Road_River,5362,213,25.4,10,2.2,B_CLASS,3852,5,,19.46,1,Inland,High,5,Bespoke_Viaduct
1899,54.8629342838851,-7.36236971801671,Road_River,5365,302,2.3,10,28.3,B_CLASS,2935,5,,21.28,1,Inland,Low,1,Masonry_Arch
1900,54.9015904900296,-7.10912378272712,Road_River,5373,3837,9.7,10,75,B_CLASS,2477,5,,15.59,1,Inland,Low,2,RC_Slab
1901,54.9109187193075,-7.14130274488034,Road_River,5375,3839,5.9,10,19.8,B_CLASS,2553,5,,14.54,1,Inland,Low,1,RC_Slab
1902,54.911666438453,-7.15026850478369,Road_River,5375,3841,2.4,10,17.5,B_CLASS,2553,5,,14.5,1,Inland,Low,1,Masonry_Arch
1903,54.9143860603549,-7.15189523925673,Road_River,5376,3841,2,10,40.8,B_CLASS,2553,5,,14.21,1,Inland,Low,1,Masonry_Arch
1904,54.9086083160269,-7.15113235607519,Road_River,5378,3848,16.9,10,11.7,B_CLASS,2553,5,,14.84,1,Inland,High,3,RC_Slab
1905,54.9047860232441,-7.15973946798849,Road_River,5381,4056,12,10,10.5,B_CLASS,2553,5,,15.32,1,Inland,High,2,RC_Slab
1906,54.8756656510459,-7.3056771705016,Road_River,5383,211,3.8,10,51.1,B_CLASS,3088,5,,19.02,1,Inland,Low,1,Masonry_Arch
1907,54.8617520469503,-7.29872930868911,Road_River,5388,293,2.4,10,32.9,B_CLASS,3088,5,,20.47,1,Inland,Low,1,Masonry_Arch
1908,54.8787109193471,-7.26413671950572,Road_River,5391,206,3.8,10,8,B_CLASS,3088,5,,18.38,1,Inland,Low,1,Masonry_Arch
1909,54.8763394002671,-7.24018062078625,Road_River,5392,200,2.9,10,36.1,B_CLASS,2477,5,,18.64,1,Inland,Low,1,Masonry_Arch
1910,54.8786570417046,-7.26302372987333,Road_River,5393,203,5.1,10,27.4,B_CLASS,2477,5,,18.38,1,Inland,Low,1,RC_Slab
1911,54.8797014856558,-7.20576225352551,Road_River,5394,191,2.9,10,24.8,B_CLASS,2248,5,,18.49,1,Inland,Low,1,Masonry_Arch
1912,54.8507759191472,-7.26472790400181,Road_River,5398,281,1.8,10,11.9,B_CLASS,2859,5,,21.48,1,Inland,Low,1,Culvert
1913,54.8529817225687,-7.27320926839451,Road_River,5398,282,2.3,10,4.2,B_CLASS,2859,5,,21.26,1,Inland,Low,1,Masonry_Arch
1914,54.8540918238733,-7.2819996009538,Road_River,5398,283,2.3,10,7.40000000000001,B_CLASS,2859,5,,21.18,1,Inland,Low,1,Masonry_Arch
1915,54.8466599136654,-7.25715198656292,Road_River,5400,355,2.4,10,5.8,B_CLASS,2172,5,,21.92,1,Inland,Low,1,Masonry_Arch
1916,54.899336701636,-7.09848125413935,Road_River,5404,4051,1.4,10,31.8,B_CLASS,2477,5,,15.91,1,Inland,Low,1,Culvert
1917,55.0098268949745,-7.32775062026356,Road_River,5405,17,1.7,10,5.5,B_CLASS,4157,5,,5.68,1,Inland,Low,1,Culvert
1918,55.0242859896188,-7.33700520663318,Road_River,5408,9,3.8,10,26.7,B_CLASS,4157,5,,5.19,1,Coastal,Low,1,Masonry_Arch
1919,55.0277332785218,-7.17289018732299,Road_River,5410,3441,4.3,10,8.8,B_CLASS,3241,5,,2.64,1,Coastal,Low,1,Masonry_Arch
1920,55.0281018480911,-7.17893396287119,Road_River,5414,3444,12,10,27.1,B_CLASS,3241,5,,2.89,1,Coastal,Low,2,RC_Slab
1921,55.0338845092021,-7.16614054121436,Road_River,5417,3388,17.2,10,49.6,B_CLASS,3241,5,,1.85,1,Coastal,Medium,3,RC_Slab
1922,54.2327996487571,-6.78327952156086,Road_River,5423,9896,20.1,10,64.5,B_CLASS,4157,5,,36.27,1,Inland,High,4,Bespoke_Viaduct
1923,54.2327745965072,-6.77847653348118,Road_River,5424,9898,12.6,10,75,B_CLASS,4157,5,,35.98,1,Inland,Medium,3,Masonry_Arch
1924,54.3909872411814,-6.82597222708935,Road_River,5429,8023,11.2,10,15.3,B_CLASS,3088,5,,48.17,1,Inland,Low,1,Bespoke_Viaduct
1925,54.478718486609,-6.81667330425817,Road_River,5431,7408,3.7,10,75,B_CLASS,4157,5,,54.73,1,Inland,Low,1,Masonry_Arch
1926,54.4714975531787,-6.79351951856017,Road_River,5436,7405,4.5,10,22.1,B_CLASS,4157,5,,53.16,1,Inland,Low,1,Masonry_Arch
1927,54.4668255945991,-6.79094107787157,Road_River,5437,7405,2.9,10,18.9,B_CLASS,4157,5,,52.65,1,Inland,Low,1,Masonry_Arch
1928,54.4684623379678,-6.7920042201257,Road_River,5437,7405,2.7,10,52.8,B_CLASS,4157,5,,52.84,1,Inland,Medium,1,Masonry_Arch
1929,54.4712822688746,-6.79273289611807,Road_River,5437,7405,4.2,10,27.9,B_CLASS,4157,5,,53.11,1,Inland,Low,1,Masonry_Arch
1930,54.4634062870467,-6.78804454258428,Road_River,5438,7535,2.1,10,19,B_CLASS,4157,5,,52.24,1,Inland,Low,1,Masonry_Arch
1931,54.4604051958182,-6.78555418773442,Road_River,5441,7534,1.9,10,53.1,B_CLASS,4157,5,,51.88,1,Inland,Low,1,Masonry_Arch
1932,54.4514333369574,-6.79426910430292,Road_River,5446,7537,4.4,10,41.1,B_CLASS,3623,5,,51.49,1,Inland,Medium,1,Masonry_Arch
1933,54.4648110948117,-6.85155911952625,Road_River,5448,7545,11.4,10,58,B_CLASS,3699,5,,55.08,1,Inland,Medium,2,RC_Slab
1934,54.4664416474441,-6.86654495264866,Road_River,5448,7550,19.2,10,39.5,B_CLASS,3699,5,,55.87,1,Inland,High,4,RC_Slab
1935,54.4646175193103,-6.87465654041932,Road_River,5449,7551,10.5,10,46.6,B_CLASS,3699,5,,56.09,1,Inland,Medium,2,RC_Slab
1936,54.462505981996,-6.87639319433272,Road_River,5449,7551,12.2,10,53.4,B_CLASS,3699,5,,56,1,Inland,Medium,3,Masonry_Arch
1937,54.4601361092437,-6.87849842451759,Road_River,5449,7552,7.6,10,20.9,B_CLASS,3699,5,,55.91,1,Inland,Low,2,Masonry_Arch
1938,54.4430331915539,-6.91511494246798,Road_River,5450,7616,2.1,10,16.9,B_CLASS,3241,5,,56.31,1,Inland,Low,1,Masonry_Arch
1939,54.4159247040646,-6.97193941816861,Road_River,5451,7734,2.2,10,25.4,B_CLASS,2477,5,,57.2,1,Inland,Low,1,Masonry_Arch
1940,54.4145968122238,-6.972177114196,Road_River,5452,7734,3.2,10,50.1,B_CLASS,2477,5,,57.12,1,Inland,Medium,1,Masonry_Arch
1941,54.4186692270325,-6.94979011086899,Road_River,5454,7721,2,10,24.4,B_CLASS,2477,5,,56.26,1,Inland,Low,1,Masonry_Arch
1942,54.4198406578194,-6.94549065402611,Road_River,5454,7722,7,10,19,B_CLASS,2477,5,,56.13,1,Inland,Low,2,Masonry_Arch
1943,54.4176735520074,-6.95679233558166,Road_River,5454,7732,2.4,10,17.5,B_CLASS,2477,5,,56.55,1,Inland,Low,1,Masonry_Arch
1944,54.4228606938242,-6.80028018895654,Road_River,5456,7711,2.6,10,31.9,B_CLASS,3928,5,,49.43,1,Inland,Low,1,Masonry_Arch
1945,54.4206885528897,-6.79639444662775,Road_River,5463,7704,22.8,10,11.4,B_CLASS,3928,5,,49.08,1,Inland,High,4,Bespoke_Viaduct
1946,54.4256708761228,-6.79695457173292,Road_River,5464,7708,24.1,10,26.9,B_CLASS,3623,5,,49.5,1,Inland,Medium,1,Bespoke_Viaduct
1947,54.4146353749032,-6.80508668670048,Road_River,5465,7710,4.5,10,58.2,B_CLASS,3088,5,,48.99,1,Inland,Low,1,Masonry_Arch
1948,54.4157123388969,-6.78998973982749,Road_River,5467,7700,106.3,10,1.8,B_CLASS,3928,5,,48.39,1,Inland,High,2,Bespoke_Viaduct
1949,54.4129941370589,-6.78824820213717,Road_River,5467,7705,2.1,10,46.8,B_CLASS,3928,5,,48.1,1,Inland,Low,1,Masonry_Arch
1950,54.4027781811255,-6.78295519048282,Road_River,5469,7854,1.8,10,36.5,B_CLASS,3928,5,,47.05,1,Inland,Low,1,Culvert
1951,54.3647344743962,-6.83506724825687,Road_River,5472,8351,2.2,10,34.7,B_CLASS,2324,5,,46.75,1,Inland,Low,1,Masonry_Arch
1952,54.3458691564008,-6.84968346888626,Road_River,5474,8724,3.2,10,39.4,B_CLASS,1866,5,,46.24,1,Inland,Low,1,Masonry_Arch
1953,54.3360700578764,-6.86828569508501,Road_River,5474,8842,8.8,10,63,B_CLASS,1866,5,,46.6,1,Inland,Medium,2,Masonry_Arch
1954,54.3417314842111,-6.82606048932149,Road_River,5475,8966,26.9,10,28.9,B_CLASS,3776,5,,44.74,1,Inland,High,5,Bespoke_Viaduct
1955,54.3202098240938,-6.82609473518484,Road_River,5478,8966,20.4,10,21,B_CLASS,3776,5,,43.37,1,Inland,High,4,Bespoke_Viaduct
1956,54.3040575280375,-6.83868211086883,Road_River,5480,8975,2.3,10,1,B_CLASS,2553,5,,43.09,1,Inland,Low,1,Masonry_Arch
1957,54.4539878669039,-6.89102324969095,Road_River,5481,7558,16.3,10,54.5,B_CLASS,3088,5,,56,1,Inland,Medium,3,RC_Slab
1958,54.458389548168,-6.88047728493436,Road_River,5482,7552,7.7,10,40.7,B_CLASS,3088,5,,55.86,1,Inland,Medium,2,Masonry_Arch
1959,54.456487200341,-6.88390680231063,Road_River,5482,7553,1.9,10,25.9,B_CLASS,3088,5,,55.87,1,Inland,Low,1,Masonry_Arch
1960,54.4317055137715,-6.79461584213352,Road_River,5484,7709,3,10,58.5,B_CLASS,3623,5,,49.89,1,Inland,Low,1,Masonry_Arch
1961,54.4507884186714,-6.8994742107399,Road_River,5485,7559,12.4,10,48.1,B_CLASS,3088,5,,56.15,1,Inland,Medium,3,Masonry_Arch
1962,54.4485007850503,-6.90250007505079,Road_River,5485,7613,4.5,10,4.5,B_CLASS,3088,5,,56.12,1,Inland,Low,1,Masonry_Arch
1963,54.4484194835145,-6.90261382559713,Road_River,5485,7613,14.5,10,75,B_CLASS,3088,5,,56.12,1,Inland,Medium,3,RC_Slab
1964,54.4482149664827,-6.90289996931966,Road_River,5485,7613,5.8,10,40.2,B_CLASS,3088,5,,56.12,1,Inland,Medium,1,RC_Slab
1965,54.4461627434304,-6.90743431930558,Road_River,5485,7615,3.1,10,44.2,B_CLASS,3088,5,,56.18,1,Inland,Medium,1,Masonry_Arch
1966,54.3718660446626,-6.82971280854271,Road_River,5490,8352,3.8,10,36.7,B_CLASS,2324,5,,46.98,1,Inland,Low,1,Masonry_Arch
1967,54.4004277113017,-6.81801920342393,Road_River,5493,8021,2.1,10,61.3,B_CLASS,3088,5,,48.5,1,Inland,Low,1,Masonry_Arch
1968,54.4167129635823,-6.8329512251452,Road_River,5495,7714,2.3,10,5.59999999999999,B_CLASS,3088,5,,50.44,1,Inland,Low,1,Masonry_Arch
1969,54.4160431954556,-6.83737552266916,Road_River,5496,7608,2.8,10,44.1,B_CLASS,3088,5,,50.59,1,Inland,Low,1,Masonry_Arch
1970,54.4146376380391,-6.87815228896384,Road_River,5497,7718,2.7,10,23.8,B_CLASS,2477,5,,52.43,1,Inland,Low,1,Masonry_Arch
1971,54.4224721450081,-6.95796976221645,Road_River,5502,7732,3.5,10,40.5,B_CLASS,2706,5,,56.94,1,Inland,Low,1,Masonry_Arch
1972,54.4314509171741,-6.93972982075847,Road_River,5504,7622,2.7,10,20.2,B_CLASS,3241,5,,56.66,1,Inland,Low,1,Masonry_Arch
1973,54.4223868740365,-6.89626397810456,Road_River,5508,7718,4.8,10,70.2,B_CLASS,2706,5,,53.88,1,Inland,Low,1,RC_Slab
1974,54.4221924531483,-6.88609225753448,Road_River,5510,7718,1.6,10,55.3,B_CLASS,2706,5,,53.37,1,Inland,Low,1,Culvert
1975,54.4137416184287,-6.84335676450761,Road_River,5511,7608,3.2,10,54.2,B_CLASS,2477,5,,50.7,1,Inland,Low,1,Masonry_Arch
1976,54.4131896378705,-6.84836219941551,Road_River,5511,7608,2.3,10,56.9,B_CLASS,2477,5,,50.9,1,Inland,Low,1,Masonry_Arch
1977,54.4154210784045,-6.85387645935668,Road_River,5511,7608,1.8,10,45.2,B_CLASS,2477,5,,51.33,1,Inland,Low,1,Culvert
1978,54.5344001739315,-6.81776085220301,Road_River,5517,7229,1.5,10,0.900000000000006,B_CLASS,3852,5,,58.23,1,Inland,Low,1,Culvert
1979,54.6222126167696,-6.81728074600296,Road_River,5519,7039,1.8,10,2.7,B_CLASS,3546,5,,49.73,1,Inland,Low,1,Culvert
1980,54.6227042821242,-6.81457645179244,Road_River,5522,7038,2.3,10,5.2,B_CLASS,3546,5,,49.74,1,Inland,Low,1,Masonry_Arch
1981,54.6262555946912,-6.80361567020964,Road_River,5522,7041,10.6,10,19.4,B_CLASS,3546,5,,49.59,1,Inland,Low,2,RC_Slab
1982,54.6298844193201,-6.79242952751616,Road_River,5526,7041,8.4,10,2.59999999999999,B_CLASS,2630,5,,49.46,1,Inland,Low,1,RC_Slab
1983,54.6415093326905,-7.03322505828519,Road_River,5532,1953,1.5,10,11.7,B_CLASS,2248,5,,44.78,1,Inland,Low,1,Culvert
1984,54.6297211853811,-7.03544396937756,Road_River,5532,2100,2.4,10,6.90000000000001,B_CLASS,2248,5,,46.07,1,Inland,Low,1,Masonry_Arch
1985,54.6242850743418,-7.03774118241256,Road_River,5532,2101,3.2,10,10.4,B_CLASS,2248,5,,46.66,1,Inland,Low,1,Masonry_Arch
1986,54.607414842501,-7.04700825147255,Road_River,5534,2223,2.9,10,23.1,B_CLASS,2248,5,,48.46,1,Inland,Low,1,Masonry_Arch
1987,54.610529438262,-6.8514188503315,Road_River,5535,7088,2.8,10,26.5,B_CLASS,2553,5,,50.34,1,Inland,Low,1,Masonry_Arch
1988,54.5907949668513,-7.04321760628028,Road_River,5536,2335,1.7,10,28.2,B_CLASS,3241,5,,50.32,1,Inland,Low,1,Culvert
1989,54.6058605378062,-7.04657945983224,Road_River,5539,2224,1.9,10,5.40000000000001,B_CLASS,3241,5,,48.64,1,Inland,Low,1,Masonry_Arch
1990,54.5839777065337,-7.03348577896444,Road_River,5543,2221,1.6,10,19.4,B_CLASS,3241,5,,51.13,1,Inland,Low,1,Culvert
1991,54.5829296819204,-7.03361147962979,Road_River,5544,2330,9.1,10,7.5,B_CLASS,3241,5,,51.25,1,Inland,Low,2,RC_Slab
1992,54.5822918539503,-7.03395269067893,Road_River,5544,2333,2.4,10,14.9,B_CLASS,3241,5,,51.32,1,Inland,Low,1,Masonry_Arch
1993,55.1730738840718,-6.50079093361829,Road_River,5547,10202,2.3,10,9.09999999999999,B_CLASS,2172,5,,5.54,1,Inland,Low,1,Masonry_Arch
1994,55.1304170323645,-6.55505259796287,Road_River,5551,10360,2.1,10,25.5,B_CLASS,2019,5,,8.87,1,Inland,Low,1,Masonry_Arch
1995,55.131516772555,-6.54885296385182,Road_River,5551,10463,2.4,10,0.5,B_CLASS,2019,5,,8.87,1,Inland,Low,1,Masonry_Arch
1996,55.1651960972635,-6.57396050536562,Road_River,5559,10212,1,10,19,B_CLASS,3241,5,,4.83,1,Inland,Low,1,Culvert
1997,55.1615261615049,-6.57498051838319,Road_River,5559,10280,1.6,10,2.7,B_CLASS,3241,5,,5.21,1,Inland,Low,1,Culvert
1998,55.1724064301035,-6.57748676987,Road_River,5563,10212,3.4,10,48.9,B_CLASS,3241,5,,4,1,Coastal,Low,1,Masonry_Arch
1999,54.5859421273256,-7.01344942496398,Road_River,5565,2329,4.6,10,32.4,B_CLASS,1866,5,,51.06,1,Inland,Low,1,RC_Slab
2000,54.5817785456707,-6.78616950184804,Road_River,5575,9890,16.2,10,15.2,B_CLASS,3012,5,,54.63,1,Inland,High,3,RC_Slab
2001,54.6016418935217,-6.91215760861633,Road_River,5583,7091,8.3,10,63.4,B_CLASS,3394,5,,50.39,1,Inland,Medium,2,Masonry_Arch
2002,54.5950856504969,-6.95953627932956,Road_River,5585,7097,2.8,10,24.3,B_CLASS,2401,5,,50.56,1,Inland,Low,1,Masonry_Arch
2003,54.5825763687448,-6.90441367554069,Road_River,5589,7095,2.2,10,6.5,B_CLASS,2553,5,,52.56,1,Inland,Low,1,Masonry_Arch
2004,54.4851174013653,-6.7869827617286,Road_River,5597,2798,1.3,10,26.6,B_CLASS,4157,5,,54.07,1,Inland,Low,1,Culvert
2005,54.4826901126565,-6.81129011545809,Road_River,5598,2801,1.4,10,18.3,B_CLASS,4157,5,,54.84,1,Inland,Low,1,Culvert
2006,54.5521789926983,-6.85058611277934,Road_River,5599,7205,1.8,10,32.8,B_CLASS,2935,5,,56.62,1,Inland,Low,1,Culvert
2007,54.5642860117552,-6.87810759169142,Road_River,5600,7154,2.5,10,15.6,B_CLASS,3546,5,,54.91,1,Inland,Low,1,Masonry_Arch
2008,54.5735461135951,-7.05375481687912,Road_River,5605,2434,11.7,10,11.6,B_CLASS,3241,5,,52.18,1,Inland,Low,1,Bespoke_Viaduct
2009,54.5688018297961,-7.07502256002566,Road_River,5606,2441,1,10,7.09999999999999,B_CLASS,2401,5,,52.6,1,Inland,Low,1,Culvert
2010,54.5645999886663,-6.87927035406469,Road_River,5607,7154,3.9,10,31.8,B_CLASS,2553,5,,54.86,1,Inland,Low,1,Masonry_Arch
2011,54.5647057105716,-6.87971566294372,Road_River,5607,7154,5.5,10,68.7,B_CLASS,2553,5,,54.84,1,Inland,Medium,1,RC_Slab
2012,54.5634575602886,-6.87548101724573,Road_River,5608,7149,4.4,10,23.3,B_CLASS,2935,5,,55.03,1,Inland,Low,1,Masonry_Arch
2013,54.5534566112849,-6.85358491438832,Road_River,5611,7205,1.8,10,47.6,B_CLASS,2935,5,,56.43,1,Inland,Low,1,Culvert
2014,54.5444449781678,-6.83315946660394,Road_River,5613,7200,3.3,10,23.3,B_CLASS,3852,5,,57.73,1,Inland,Low,1,Masonry_Arch
2015,54.5435252444847,-6.83114793592794,Road_River,5613,7230,13.2,10,24.9,B_CLASS,3852,5,,57.86,1,Inland,Low,3,Masonry_Arch
2016,54.5298886136121,-6.80823753679692,Road_River,5618,2804,8.4,10,35.7,B_CLASS,4157,5,,57.69,1,Inland,Low,2,Masonry_Arch
2017,54.5232596750656,-6.79685720039556,Road_River,5619,7298,1.3,10,43,B_CLASS,4157,5,,57.07,1,Inland,Low,1,Culvert
2018,54.5127444969515,-6.78583128344792,Road_River,5620,2800,1.9,10,46.5,B_CLASS,4157,5,,56.46,1,Inland,Low,1,Masonry_Arch
2019,54.5100079130992,-6.781232219671,Road_River,5620,9895,2.7,10,11.6,B_CLASS,4157,5,,56.04,1,Inland,Low,1,Masonry_Arch
2020,54.4975646629864,-6.78069422919297,Road_River,5621,9895,2.8,10,25.5,B_CLASS,4157,5,,54.91,1,Inland,Low,1,Masonry_Arch
2021,54.681577537332,-6.77959303043173,Road_River,5627,6799,1.7,10,39.3,B_CLASS,3012,5,,44.45,1,Inland,Low,1,Culvert
2022,54.6798879032447,-6.7793370446091,Road_River,5627,6854,3.4,10,41.2,B_CLASS,3012,5,,44.63,1,Inland,Low,1,Masonry_Arch
2023,54.6900207127501,-6.78230194102657,Road_River,5629,6800,3.1,10,46.6,B_CLASS,3012,5,,43.53,1,Inland,Low,1,Masonry_Arch
2024,54.6947644555595,-6.78852304653424,Road_River,5631,6801,2.8,10,19.5,B_CLASS,3012,5,,42.88,1,Inland,Low,1,Masonry_Arch
2025,54.7077567439801,-6.80286005121176,Road_River,5633,6756,1.9,10,29.1,B_CLASS,3012,5,,41.19,1,Inland,Low,1,Masonry_Arch
2026,54.71164220834,-6.80733294353506,Road_River,5634,6756,2.8,10,20.6,B_CLASS,2172,5,,40.68,1,Inland,Low,1,Masonry_Arch
2027,54.6707398598387,-7.04187610298672,Road_River,5635,1703,4.1,10,4.8,B_CLASS,2553,5,,41.5,1,Inland,Low,1,Masonry_Arch
2028,54.6842961500666,-7.06264723492526,Road_River,5637,1705,2,10,7.7,B_CLASS,2248,5,,39.88,1,Inland,Low,1,Masonry_Arch
2029,54.7847486573768,-6.81906640316107,Road_River,5638,6299,24.9,10,20.2,B_CLASS,2172,5,,32.97,1,Inland,High,5,Bespoke_Viaduct
2030,54.7828223568536,-6.80853836513989,Road_River,5640,6293,1.9,10,45.5,B_CLASS,2172,5,,33.46,1,Inland,Low,1,Masonry_Arch
2031,54.7819282620444,-6.81054611197926,Road_River,5640,6544,11.5,10,6.5,B_CLASS,2172,5,,33.49,1,Inland,Low,1,Bespoke_Viaduct
2032,54.785821910075,-6.8017961935954,Road_River,5641,6294,2.6,10,27.4,B_CLASS,3164,5,,33.37,1,Inland,Low,1,Masonry_Arch
2033,54.8025489216249,-6.8174849666571,Road_River,5643,6309,3.1,10,38.5,B_CLASS,3623,5,,31.25,1,Inland,Low,1,Masonry_Arch
2034,54.802351284533,-6.82255473715351,Road_River,5645,6309,1.9,10,0,B_CLASS,3623,5,,31.12,1,Inland,Low,1,Masonry_Arch
2035,54.7955690963189,-6.81724342109367,Road_River,5646,6275,4.2,10,20.9,B_CLASS,3623,5,,31.95,1,Inland,Low,1,Masonry_Arch
2036,54.8144030686987,-6.82864411069989,Road_River,5647,6207,6.7,10,6.09999999999999,B_CLASS,3623,5,,29.76,1,Inland,Low,2,Masonry_Arch
2037,54.8080741059409,-6.82551386999779,Road_River,5650,6277,2.3,10,19.7,B_CLASS,3623,5,,30.47,1,Inland,Low,1,Masonry_Arch
2038,54.7767366007101,-6.82224444842123,Road_River,5654,6298,3.8,10,50,B_CLASS,2172,5,,33.68,1,Inland,Medium,1,Masonry_Arch
2039,54.748335957913,-6.82008253670681,Road_River,5656,2781,8,10,65.9,B_CLASS,2172,5,,36.62,1,Inland,Medium,2,Masonry_Arch
2040,54.7703947673479,-6.83951712032049,Road_River,5657,6546,5.1,10,37.8,B_CLASS,2553,5,,33.88,1,Inland,Low,1,RC_Slab
2041,54.7714179481141,-6.84314502742148,Road_River,5657,6547,15.1,10,19.7,B_CLASS,2553,5,,33.68,1,Inland,Medium,1,Bespoke_Viaduct
2042,54.7928166831414,-6.76479783298888,Road_River,5660,6292,1.8,10,25.8,B_CLASS,3546,5,,33.89,1,Inland,Low,1,Culvert
2043,54.7926299401089,-6.75866872678928,Road_River,5661,6291,4.1,10,4.59999999999999,B_CLASS,3546,5,,34.11,1,Inland,Low,1,Masonry_Arch
2044,54.7929118822991,-6.7683981355147,Road_River,5662,6263,2.4,10,33.7,B_CLASS,3164,5,,33.75,1,Inland,Low,1,Masonry_Arch
2045,54.7919256844192,-6.78817991216665,Road_River,5663,6295,4.5,10,53.1,B_CLASS,3164,5,,33.2,1,Inland,Low,1,Masonry_Arch
2046,54.7962414839514,-6.79037472534581,Road_River,5666,6268,2.2,10,11.4,B_CLASS,3164,5,,32.71,1,Inland,Low,1,Masonry_Arch
2047,54.7997242645391,-6.79709327293615,Road_River,5666,6269,26.8,10,27,B_CLASS,3164,5,,32.16,1,Inland,High,5,Bespoke_Viaduct
2048,54.7939450031634,-6.78515193901517,Road_River,5666,6295,2.1,10,8.3,B_CLASS,3164,5,,33.1,1,Inland,Low,1,Masonry_Arch
2049,54.8054698340921,-6.76784902834776,Road_River,5667,6264,3.4,10,48.6,B_CLASS,3164,5,,32.6,1,Inland,Medium,1,Masonry_Arch
2050,54.7947563898946,-6.95331267921555,Road_River,5669,565,1.8,10,12.5,B_CLASS,1561,5,,28.89,1,Inland,Low,1,Culvert
2051,54.7894150806693,-6.91503043363248,Road_River,5669,928,1.7,10,13.9,B_CLASS,1561,5,,30.14,1,Inland,Low,1,Culvert
2052,54.7892178344547,-6.91936137708325,Road_River,5669,929,3.7,10,26.3,B_CLASS,1561,5,,30.07,1,Inland,Low,1,Masonry_Arch
2053,54.7961478254722,-6.95722127167616,Road_River,5671,566,10.4,10,3.2,B_CLASS,1637,5,,28.68,1,Inland,Low,2,RC_Slab
2054,54.7939533704693,-6.99637853976004,Road_River,5671,576,2,10,23.8,B_CLASS,1637,5,,28.39,1,Inland,Low,1,Masonry_Arch
2055,54.7956592523845,-6.97575342031185,Road_River,5671,577,2.4,10,0.299999999999997,B_CLASS,1637,5,,28.48,1,Inland,Low,1,Masonry_Arch
2056,54.7908667375312,-7.01651763257798,Road_River,5672,586,10.7,10,2,B_CLASS,1561,5,,28.53,1,Inland,Low,2,RC_Slab
2057,54.7875189407121,-7.03689594950552,Road_River,5672,588,2.2,10,46.3,B_CLASS,1561,5,,28.69,1,Inland,Low,1,Masonry_Arch
2058,54.7878177746598,-7.02896763502392,Road_River,5672,589,1.8,10,23.8,B_CLASS,1561,5,,28.74,1,Inland,Low,1,Culvert
2059,54.7858214090658,-7.05462657867119,Road_River,5672,956,2.1,10,24.2,B_CLASS,1561,5,,28.71,1,Inland,Low,1,Masonry_Arch
2060,54.7736503145307,-6.85551615348322,Road_River,5673,6307,3.8,10,20.4,B_CLASS,2553,5,,33.13,1,Inland,Low,1,Masonry_Arch
2061,54.9694676425192,-6.77016650603511,Road_River,5677,5096,8.6,10,75,B_CLASS,2248,5,,19.66,1,Inland,Low,2,Masonry_Arch
2062,54.9685122415011,-6.77731721070115,Road_River,5677,5098,6.2,10,52.6,B_CLASS,2248,5,,19.35,1,Inland,Medium,2,Masonry_Arch
2063,54.9698802993155,-6.76574447245669,Road_River,5677,5201,1.9,10,33.6,B_CLASS,2248,5,,19.86,1,Inland,Low,1,Masonry_Arch
2064,54.9788531782476,-6.81052334707097,Road_River,5681,3564,1.7,10,7.5,B_CLASS,2248,5,,16.95,1,Inland,Low,1,Culvert
2065,54.9978946231835,-6.78491227927125,Road_River,5683,795,4.6,10,19.3,B_CLASS,2248,5,,17.15,1,Inland,Low,1,RC_Slab
2066,54.9864827145952,-6.79316809392505,Road_River,5683,3568,2.9,10,48.6,B_CLASS,2248,5,,17.36,1,Inland,Low,1,Masonry_Arch
2067,54.9488566835352,-6.89592745994397,Road_River,5685,3667,3.6,10,47.9,B_CLASS,2095,5,,14.86,1,Inland,Low,1,Masonry_Arch
2068,54.9440304635492,-6.9034601611946,Road_River,5685,3668,1.5,10,17.6,B_CLASS,2095,5,,14.97,1,Inland,Low,1,Culvert
2069,54.960795056367,-6.87296703167986,Road_River,5686,3600,2,10,9.40000000000001,B_CLASS,1942,5,,14.92,1,Inland,Low,1,Masonry_Arch
2070,54.9588400358584,-6.87751519877413,Road_River,5687,3601,2,10,11.5,B_CLASS,2095,5,,14.85,1,Inland,Low,1,Masonry_Arch
2071,54.9624449265447,-6.86914026971044,Road_River,5688,3595,2.8,10,17.8,B_CLASS,1942,5,,14.98,1,Inland,Low,1,Masonry_Arch
2072,54.9618203568363,-6.87059181458861,Road_River,5688,3596,1.1,10,6.59999999999999,B_CLASS,1942,5,,14.95,1,Inland,Low,1,Culvert
2073,54.9645287474858,-6.86442803922057,Road_River,5688,3598,8.4,10,17.6,B_CLASS,1942,5,,15.06,1,Inland,Low,2,Masonry_Arch
2074,54.9710926236046,-6.84879506300299,Road_River,5690,705,1.9,10,12.4,B_CLASS,2248,5,,15.41,1,Inland,Low,1,Masonry_Arch
2075,54.9671086072312,-6.85841967052508,Road_River,5690,3589,1.1,10,10.9,B_CLASS,2248,5,,15.18,1,Inland,Low,1,Culvert
2076,55.0054927970672,-6.94663024902653,Road_River,5692,3514,2.6,10,16.9,B_CLASS,2706,5,,8.08,1,Inland,Low,1,Masonry_Arch
2077,54.9892430553178,-6.94282905535508,Road_River,5696,3508,2.5,10,6.8,B_CLASS,2553,5,,9.49,1,Inland,Low,1,Masonry_Arch
2078,54.9955029945434,-6.94404302040497,Road_River,5696,3509,1.8,10,17.4,B_CLASS,2553,5,,8.94,1,Inland,Low,1,Culvert
2079,54.9990871113284,-6.94471133229689,Road_River,5696,3510,2.9,10,37.4,B_CLASS,2553,5,,8.64,1,Inland,Low,1,Masonry_Arch
2080,54.9825578975966,-6.94157172366181,Road_River,5697,724,1.2,10,13.1,B_CLASS,2553,5,,10.1,1,Inland,Low,1,Culvert
2081,54.9912169255202,-6.92161386397138,Road_River,5698,3499,2,10,3.40000000000001,B_CLASS,2553,5,,10.33,1,Inland,Low,1,Masonry_Arch
2082,54.9956719999988,-6.92203097227599,Road_River,5698,3500,1.4,10,3.5,B_CLASS,2553,5,,10,1,Inland,Low,1,Culvert
2083,54.9722558807619,-6.9392441061142,Road_River,5699,721,1.7,10,12.8,B_CLASS,2553,5,,11.08,1,Inland,Low,1,Culvert
2084,54.9675296489643,-6.92069484464182,Road_River,5700,3606,11.5,10,20.4,B_CLASS,2553,5,,12.24,1,Inland,Low,1,Bespoke_Viaduct
2085,54.9653123657744,-6.93806674014925,Road_River,5703,3609,5.9,10,20.1,B_CLASS,2553,5,,11.75,1,Inland,Low,1,RC_Slab
2086,54.9831279783178,-7.03911144221167,Road_River,5706,734,1.4,10,2.8,B_CLASS,2248,5,,7.28,1,Inland,Low,1,Culvert
2087,55.0162878193458,-7.00101951004238,Road_River,5710,3427,5.4,10,56.9,B_CLASS,2401,5,,4.79,1,Inland,Medium,1,RC_Slab
2088,55.0129518100995,-7.00607737732961,Road_River,5710,3427,3.1,10,35.8,B_CLASS,2401,5,,4.93,1,Inland,Low,1,Masonry_Arch
2089,55.0150059839844,-6.95277878763512,Road_River,5713,3419,5.9,10,66.8,B_CLASS,3699,5,,7.12,1,Inland,Low,1,RC_Slab
2090,55.0095857315083,-6.92328276769653,Road_River,5714,3411,2.8,10,19.4,B_CLASS,2706,5,,9.05,1,Inland,Low,1,Masonry_Arch
2091,54.9546458304116,-6.94314583213709,Road_River,5716,3611,5.3,10,0.700000000000003,B_CLASS,3470,5,,12.56,1,Inland,Low,1,RC_Slab
2092,54.9292749805652,-6.92779674049243,Road_River,5721,2668,1.6,10,33.8,B_CLASS,3470,5,,15.5,1,Inland,Low,1,Culvert
2093,54.9273158368359,-6.92068625775443,Road_River,5722,2668,2.2,10,7.2,B_CLASS,2477,5,,15.91,1,Inland,Low,1,Masonry_Arch
2094,54.9489205695354,-6.9167992809423,Road_River,5726,3672,2.7,10,9.5,B_CLASS,3470,5,,14.03,1,Inland,Low,1,Masonry_Arch
2095,54.9348347395501,-6.92095595064076,Road_River,5727,3671,12,10,10.7,B_CLASS,3470,5,,15.18,1,Inland,Low,2,RC_Slab
2096,54.9339239302768,-6.91772410839784,Road_River,5728,3671,12.5,10,19.6,B_CLASS,3470,5,,15.38,1,Inland,Low,3,Masonry_Arch
2097,54.9310777381011,-6.93523495814018,Road_River,5730,3725,24.3,10,32.1,B_CLASS,3470,5,,15.09,1,Inland,High,5,Bespoke_Viaduct
2098,54.9050715997993,-6.97227284647775,Road_River,5733,3826,2.5,10,5.7,B_CLASS,2935,5,,16.79,1,Inland,Low,1,Masonry_Arch
2099,54.8932823280091,-7.03595801987865,Road_River,5735,4039,1.8,10,26.7,B_CLASS,2019,5,,17.1,1,Inland,Low,1,Culvert
2100,54.8951472533594,-7.05283383107211,Road_River,5737,4033,3.2,10,50.7,B_CLASS,2019,5,,16.74,1,Inland,Low,1,Masonry_Arch
2101,54.8953513154505,-7.05421710700186,Road_River,5737,4038,10.4,10,64.7,B_CLASS,2019,5,,16.7,1,Inland,Medium,1,Bespoke_Viaduct
2102,54.8655767577982,-7.04116737308121,Road_River,5738,4242,2,10,12.3,B_CLASS,2172,5,,20.1,1,Inland,Low,1,Masonry_Arch
2103,54.9019328957023,-6.98021366340967,Road_River,5740,4025,2.6,10,4.2,B_CLASS,2935,5,,16.96,1,Inland,Low,1,Masonry_Arch
2104,54.8975647817242,-6.99371963125247,Road_River,5741,4022,39.8,10,56.5,B_CLASS,2172,5,,17.19,1,Inland,High,7,Bespoke_Viaduct
2105,54.8991943196784,-6.98868097763781,Road_River,5741,4026,1.8,10,7.8,B_CLASS,2172,5,,17.1,1,Inland,Low,1,Culvert
2106,54.8999182057618,-6.97719613889207,Road_River,5743,4025,5.8,10,69.3,B_CLASS,2935,5,,17.23,1,Inland,Low,1,RC_Slab
2107,54.8867413037792,-7.01256536480492,Road_River,5744,4028,4.2,10,3.3,B_CLASS,1637,5,,18.09,1,Inland,Low,1,Masonry_Arch
2108,54.8874750068097,-7.01443885905198,Road_River,5744,4029,5.7,10,10.2,B_CLASS,1637,5,,17.99,1,Inland,Low,1,RC_Slab
2109,54.8895613874872,-6.99866176465448,Road_River,5745,4021,7.2,10,6.09999999999999,B_CLASS,2172,5,,17.98,1,Inland,Low,2,Masonry_Arch
2110,54.8765246524444,-6.98344687919754,Road_River,5747,3931,14.2,10,32.9,B_CLASS,1637,5,,19.61,1,Inland,Low,3,RC_Slab
2111,54.8823034877129,-6.99347458522902,Road_River,5747,3934,1.6,10,8,B_CLASS,1637,5,,18.84,1,Inland,Low,1,Culvert
2112,54.8822939780619,-6.99759571652872,Road_River,5747,4024,3.6,10,11.8,B_CLASS,1637,5,,18.78,1,Inland,Low,1,Masonry_Arch
2113,54.9971361428014,-7.02506554582788,Road_River,5748,3517,5.2,10,35.8,B_CLASS,2248,5,,6.03,1,Inland,Low,1,RC_Slab
2114,54.9797319394465,-6.92066129148071,Road_River,5749,715,3.6,10,42.4,B_CLASS,2553,5,,11.24,1,Inland,Low,1,Masonry_Arch
2115,54.9623066242468,-6.94062843090074,Road_River,5750,3613,2.1,10,12.2,B_CLASS,3470,5,,11.93,1,Inland,Low,1,Masonry_Arch
2116,54.9736243082249,-7.0518480156463,Road_River,5751,731,5.3,10,22.1,B_CLASS,2248,5,,8.13,1,Inland,Low,1,RC_Slab
2117,54.9287046826677,-6.92500363669758,Road_River,5753,2668,1,10,5.3,B_CLASS,3470,5,,15.64,1,Inland,Low,1,Culvert
2118,54.8702296792037,-6.97042466831203,Road_River,5758,3924,20.9,10,15.8,B_CLASS,1561,5,,20.51,1,Inland,Medium,1,Bespoke_Viaduct
2119,54.8623758055459,-6.95536998616097,Road_River,5758,3925,2,10,20,B_CLASS,1561,5,,21.63,1,Inland,Low,1,Masonry_Arch
2120,54.8445228063298,-6.89824668025736,Road_River,5758,4186,8.2,10,57.7,B_CLASS,1561,5,,24.82,1,Inland,Medium,2,Masonry_Arch
2121,54.8428769261886,-6.89280399424488,Road_River,5758,4187,7.8,10,73.3,B_CLASS,1561,5,,25.13,1,Inland,Low,2,Masonry_Arch
2122,54.849201696509,-6.91025102035977,Road_River,5758,4198,4.4,10,37.3,B_CLASS,1561,5,,24.03,1,Inland,Low,1,Masonry_Arch
2123,54.8536408011685,-6.91984633579772,Road_River,5758,4204,3.2,10,19.1,B_CLASS,1561,5,,23.34,1,Inland,Low,1,Masonry_Arch
2124,54.8546499535532,-6.92148577148445,Road_River,5758,4207,1.6,10,33.1,B_CLASS,1561,5,,23.19,1,Inland,Low,1,Culvert
2125,54.8572745197215,-6.93157289541493,Road_River,5758,4208,2.6,10,2.3,B_CLASS,1561,5,,22.68,1,Inland,Low,1,Masonry_Arch
2126,54.8457624722498,-6.90117343666526,Road_River,5758,4284,3.3,10,17,B_CLASS,1561,5,,24.62,1,Inland,Low,1,Masonry_Arch
2127,55.0247313467151,-6.95772795063421,Road_River,5765,3417,1,10,13.6,B_CLASS,3699,5,,6.28,1,Inland,Low,1,Culvert
2128,55.036349910486,-6.96342641669438,Road_River,5766,3359,2.3,10,17.1,B_CLASS,3699,5,,5.28,1,Inland,Low,1,Masonry_Arch
2129,55.033328115427,-6.97658572741908,Road_River,5769,3366,9.8,10,33.7,B_CLASS,3699,5,,4.77,1,Coastal,Low,1,RC_Slab
2130,55.0345205968973,-6.97492552581485,Road_River,5769,3367,1.1,10,23.7,B_CLASS,3699,5,,4.81,1,Coastal,Low,1,Culvert
2131,55.0779056574386,-6.90754047066936,Road_River,5776,3275,2.6,10,13.9,B_CLASS,1942,5,,6.38,1,Inland,Low,1,Masonry_Arch
2132,55.0586830916744,-6.93331750211079,Road_River,5785,3324,15,10,2.90000000000001,B_CLASS,4157,5,,5.58,1,Inland,High,3,RC_Slab
2133,55.0638637373661,-6.93031883165588,Road_River,5786,3307,13.4,10,11.8,B_CLASS,4157,5,,5.58,1,Inland,Medium,1,Bespoke_Viaduct
2134,55.0787503366185,-6.90085701239188,Road_River,5788,3254,1.4,10,38.7,B_CLASS,1866,5,,6.7,1,Inland,Low,1,Culvert
2135,55.0966665925633,-6.84961799294703,Road_River,5790,3249,2.5,10,8.90000000000001,B_CLASS,1790,5,,7.61,1,Inland,Low,1,Masonry_Arch
2136,55.1008103320365,-6.83620708740774,Road_River,5790,3250,2.4,10,22.9,B_CLASS,1790,5,,7.2,1,Inland,Low,1,Masonry_Arch
2137,55.1101851230014,-6.77258146472517,Road_River,5794,4523,2.1,10,0.900000000000006,B_CLASS,1866,5,,6.02,1,Inland,Low,1,Masonry_Arch
2138,55.0482389997552,-6.8574185486769,Road_River,5797,3318,1.3,10,39.5,B_CLASS,1942,5,,10.58,1,Inland,Low,1,Culvert
2139,55.0524961555473,-6.82192885163482,Road_River,5798,3315,1.5,10,19.2,B_CLASS,1561,5,,12.56,1,Inland,Low,1,Culvert
2140,55.0446368762844,-6.77880872374709,Road_River,5799,4724,1.9,10,40.5,B_CLASS,1637,5,,13.3,1,Inland,Low,1,Masonry_Arch
2141,55.0475274250292,-6.79689765369838,Road_River,5799,4733,4.5,10,21.9,B_CLASS,1637,5,,13.09,1,Inland,Low,1,Masonry_Arch
2142,55.0456780713247,-6.78697708105681,Road_River,5799,4734,1.8,10,14.9,B_CLASS,1637,5,,13.22,1,Inland,Low,1,Culvert
2143,55.1646334276203,-6.9211271794083,Road_River,5800,3195,2.3,10,5.7,B_CLASS,1790,5,,1.15,1,Coastal,Low,1,Masonry_Arch
2144,55.162009641561,-6.92354347739286,Road_River,5800,3196,2,10,8.8,B_CLASS,1790,5,,1.48,1,Coastal,Low,1,Masonry_Arch
2145,55.1175008625681,-6.75066363314103,Road_River,5801,4474,2.5,10,19.5,B_CLASS,2706,5,,5.32,1,Inland,Low,1,Masonry_Arch
2146,55.1640364791701,-6.78804051670559,Road_River,5803,4376,1.2,10,20,B_CLASS,3394,5,,0.38,1,Marine,Low,1,Culvert
2147,55.1558987952648,-6.78866725018587,Road_River,5804,9873,3.7,10,44.2,B_CLASS,3394,5,,1.27,1,Marine,Low,1,Masonry_Arch
2148,55.1852957830157,-6.961132279054,Road_River,5806,4375,3.5,10,46.5,B_CLASS,1561,5,,0.02,1,Marine,Low,1,Masonry_Arch
2149,54.1150481451629,-6.58444816794689,Road_River,5809,13339,10,10,9,B_CLASS,2783,5,,20.51,1,Inland,High,2,RC_Slab
2150,54.1020538797927,-6.52779041971195,Road_River,5812,13405,8.8,10,28.3,B_CLASS,3546,5,,16.81,1,Inland,Low,2,Masonry_Arch
2151,54.0586727504457,-6.64655652783839,Road_River,5816,12645,28.9,10,2.09999999999999,B_CLASS,1790,5,,24.96,1,Inland,High,5,Bespoke_Viaduct
2152,54.0863097468727,-6.5768775672977,Road_River,5818,13154,20.4,10,2.2,B_CLASS,3012,5,,20.06,1,Inland,High,4,Bespoke_Viaduct
2153,54.0834805716771,-6.61001110389218,Road_River,5830,13165,1.4,10,17.9,B_CLASS,3088,5,,22.22,1,Inland,Low,1,Culvert
2154,54.2650218771974,-6.48195065640772,Road_River,5837,9135,3.4,10,16.3,B_CLASS,4157,5,,22.71,1,Inland,Low,1,Masonry_Arch
2155,54.2249880793186,-6.48637965724078,Road_River,5839,9552,11.3,10,38.9,B_CLASS,4157,5,,19.59,1,Inland,Low,2,RC_Slab
2156,54.2577104949525,-6.73660995032176,Road_River,5842,9375,2.2,10,24.9,B_CLASS,3852,5,,34.81,1,Inland,Low,1,Masonry_Arch
2157,54.2330697193419,-6.77475970061927,Road_River,5850,9898,3.6,10,37,B_CLASS,4157,5,,35.78,1,Inland,Low,1,Masonry_Arch
2158,54.2356021479153,-6.75035410727849,Road_River,5851,9484,1.9,10,31.3,B_CLASS,4157,5,,34.46,1,Inland,Low,1,Masonry_Arch
2159,54.2357230723227,-6.73997761435968,Road_River,5852,9483,2.3,10,38,B_CLASS,4157,5,,33.87,1,Inland,Low,1,Masonry_Arch
2160,54.1348763003639,-6.48819982747169,Road_River,5853,12583,6.3,10,64.4,B_CLASS,3394,5,,14.69,1,Inland,Medium,2,Masonry_Arch
2161,54.1647650549349,-6.58266309374572,Road_River,5854,12907,1.2,10,28.5,B_CLASS,3241,5,,21.48,1,Inland,Low,1,Culvert
2162,54.2076942201944,-6.56565591839303,Road_River,5857,12749,2,10,32.1,B_CLASS,4157,5,,22.49,1,Inland,Low,1,Masonry_Arch
2163,54.2279774906584,-6.59050109789391,Road_River,5859,12513,3.1,10,23,B_CLASS,2401,5,,25.05,1,Inland,Low,1,Masonry_Arch
2164,54.2507746123102,-6.47257667056195,Road_River,5870,9307,1.9,10,4.7,B_CLASS,4157,5,,21.09,1,Inland,Low,1,Masonry_Arch
2165,54.2453347127331,-6.50255535100916,Road_River,5875,9450,2.4,10,14.4,B_CLASS,4157,5,,21.92,1,Inland,Low,1,Masonry_Arch
2166,54.2149795666398,-6.48082867543521,Road_River,5880,9642,3.6,10,1.2,B_CLASS,4157,5,,18.57,1,Inland,Low,1,Masonry_Arch
2167,54.2718371359407,-6.75666981827067,Road_River,5885,9209,23.5,10,62.2,B_CLASS,3852,5,,36.71,1,Inland,High,4,Bespoke_Viaduct
2168,54.2754557147769,-6.75974991704297,Road_River,5888,9210,1,10,11.6,B_CLASS,3852,5,,37.09,1,Inland,Low,1,Culvert
2169,54.2768521176788,-6.49119879572164,Road_River,5892,9130,1.3,10,1.7,B_CLASS,4157,5,,24.12,1,Inland,Low,1,Culvert
2170,54.2702885366528,-6.48574611963859,Road_River,5894,9141,7.9,10,14.1,B_CLASS,4157,5,,23.32,1,Inland,Low,2,Masonry_Arch
2171,54.2847712199286,-6.49660161166678,Road_River,5895,9012,5.9,10,42.3,B_CLASS,4157,5,,25.03,1,Inland,Medium,1,RC_Slab
2172,54.2958915872556,-6.51320902356165,Road_River,5896,9014,4,10,15.5,B_CLASS,4157,5,,26.66,1,Inland,Low,1,Masonry_Arch
2173,54.2969461809269,-6.52189101814759,Road_River,5900,9014,3.6,10,38.2,B_CLASS,4157,5,,27.09,1,Inland,Low,1,Masonry_Arch
2174,54.2817334867267,-6.51553841840136,Road_River,5908,9011,3,10,32.8,B_CLASS,4157,5,,25.51,1,Inland,Low,1,Masonry_Arch
2175,54.2791993123103,-6.52549225326374,Road_River,5917,9154,1.8,10,24.5,B_CLASS,4157,5,,25.7,1,Inland,Low,1,Culvert
2176,54.2703146872972,-6.5297607943916,Road_River,5918,9145,3,10,41.1,B_CLASS,4157,5,,25.14,1,Inland,Low,1,Masonry_Arch
2177,54.2641572171557,-6.53046596905924,Road_River,5921,9146,3.1,10,10,B_CLASS,4157,5,,24.67,1,Inland,Low,1,Masonry_Arch
2178,54.2680909778513,-6.51233865798181,Road_River,5923,9139,5.6,10,5,B_CLASS,4157,5,,24.21,1,Inland,Low,1,RC_Slab
2179,54.2679721003639,-6.51229646753344,Road_River,5923,9318,3.9,10,44.1,B_CLASS,4157,5,,24.2,1,Inland,Medium,1,Masonry_Arch
2180,54.2583013515579,-6.53581923028827,Road_River,5924,9321,5.6,10,18.7,B_CLASS,4157,5,,24.45,1,Inland,Low,1,RC_Slab
2181,54.2824825434377,-6.56567308056193,Road_River,5925,9155,2.3,10,11,B_CLASS,4157,5,,27.71,1,Inland,Low,1,Masonry_Arch
2182,54.2799893780703,-6.5760207031444,Road_River,5926,9157,1.7,10,26.7,B_CLASS,4157,5,,27.98,1,Inland,Low,1,Culvert
2183,54.2809629439113,-6.57033709421537,Road_River,5928,9156,5.1,10,32.4,B_CLASS,4157,5,,27.8,1,Inland,Low,1,RC_Slab
2184,54.271734657829,-6.60212339050947,Road_River,5933,9164,6.2,10,48.3,B_CLASS,4157,5,,28.6,1,Inland,Medium,2,Masonry_Arch
2185,54.2720739886763,-6.59724223936283,Road_River,5933,9166,6.1,10,48.9,B_CLASS,4157,5,,28.38,1,Inland,Medium,1,RC_Slab
2186,54.2700200889219,-6.6393025456629,Road_River,5942,9341,3.9,10,29.7,B_CLASS,4157,5,,30.33,1,Inland,Low,1,Masonry_Arch
2187,54.2667207784707,-6.62842764534936,Road_River,5943,9343,2.3,10,34.3,B_CLASS,4157,5,,29.55,1,Inland,Low,1,Masonry_Arch
2188,54.2708890239819,-6.65236735431279,Road_River,5944,9183,2.1,10,4.3,B_CLASS,4157,5,,31.06,1,Inland,Low,1,Masonry_Arch
2189,54.265122016422,-6.66560646717865,Road_River,5949,9352,24.3,10,66.2,B_CLASS,3928,5,,31.37,1,Inland,High,1,Bespoke_Viaduct
2190,54.2650755724515,-6.66682446694504,Road_River,5950,9348,6.3,10,41.4,B_CLASS,3928,5,,31.44,1,Inland,Medium,1,RC_Slab
2191,54.2522607076694,-6.61369700180054,Road_River,5956,9345,5,10,60.3,B_CLASS,4157,5,,27.83,1,Inland,Low,1,RC_Slab
2192,54.2543340490293,-6.7292178607757,Road_River,5957,9366,1,10,15,B_CLASS,4157,5,,34.21,1,Inland,Low,1,Culvert
2193,54.2535911252085,-6.72343543791551,Road_River,5957,9482,1.5,10,10,B_CLASS,4157,5,,33.84,1,Inland,Low,1,Culvert
2194,54.2466915669758,-6.70588205356405,Road_River,5969,9475,1.9,10,50.6,B_CLASS,4157,5,,32.48,1,Inland,Low,1,Masonry_Arch
2195,54.1960211920773,-6.73014795535259,Road_River,5970,12846,4,10,50,B_CLASS,2095,5,,31.59,1,Inland,Low,1,Masonry_Arch
2196,54.2438332809815,-6.549952981547,Road_River,5973,9456,1.3,10,38.2,B_CLASS,3699,5,,24.03,1,Inland,Low,1,Culvert
2197,54.2417662063269,-6.55135076605027,Road_River,5973,9456,3,10,48.9,B_CLASS,3699,5,,23.95,1,Inland,Low,1,Masonry_Arch
2198,54.2167103398407,-6.56650752961193,Road_River,5976,12509,2.3,10,28.2,B_CLASS,4157,5,,23.07,1,Inland,Low,1,Masonry_Arch
2199,54.222269539216,-6.56388775627426,Road_River,5976,12510,2.8,10,41.3,B_CLASS,4157,5,,23.28,1,Inland,Low,1,Masonry_Arch
2200,54.1885409893206,-6.73405166552082,Road_River,5979,12846,3.3,10,41.2,B_CLASS,2783,5,,31.57,1,Inland,Low,1,Masonry_Arch
2201,54.1325003712315,-6.51025960795719,Road_River,5987,13305,1.7,10,1.3,B_CLASS,3394,5,,16.02,1,Inland,Low,1,Culvert
2202,54.2026875287613,-6.47412147811639,Road_River,5990,9640,15.7,10,47.7,B_CLASS,3699,5,,17.35,1,Inland,Medium,1,Bespoke_Viaduct
2203,54.2990938006452,-6.50468659814777,Road_River,6006,9017,3.1,10,4.2,B_CLASS,4157,5,,26.63,1,Inland,Low,1,Masonry_Arch
2204,54.4262459005881,-6.72574251811451,Road_River,6019,7691,4.2,10,32.3,B_CLASS,3317,5,,46.5,1,Inland,Low,1,Masonry_Arch
2205,54.4285012511965,-6.65739098385283,Road_River,6020,7686,1.3,10,6.8,B_CLASS,4081,5,,44.04,1,Inland,Low,1,Culvert
2206,54.3127263205467,-6.48500788019809,Road_River,6030,8918,7.3,10,75,B_CLASS,4157,5,,27.2,1,Inland,Low,2,Masonry_Arch
2207,54.3123473426867,-6.48545405982813,Road_River,6030,8918,8.4,10,75,B_CLASS,4157,5,,27.18,1,Inland,Low,2,Masonry_Arch
2208,54.3136238021708,-6.64662725358032,Road_River,6035,8938,13.1,10,27,B_CLASS,3394,5,,33.85,1,Inland,Low,3,Masonry_Arch
2209,54.3146600398393,-6.48192125254919,Road_River,6036,8918,4.6,10,68.1,B_CLASS,4157,5,,27.28,1,Inland,Low,1,RC_Slab
2210,54.3086486812418,-6.5275048507867,Road_River,6038,9017,2.2,10,38.2,B_CLASS,4157,5,,28.35,1,Inland,Low,1,Masonry_Arch
2211,54.316142409539,-6.52870025462708,Road_River,6039,8921,2.1,10,37.1,B_CLASS,4157,5,,29.06,1,Inland,Low,1,Masonry_Arch
2212,54.3258513777555,-6.53350340391597,Road_River,6041,8801,2.1,10,11.3,B_CLASS,4157,5,,30.12,1,Inland,Low,1,Masonry_Arch
2213,54.3277551873504,-6.50492404417288,Road_River,6044,8791,2.3,10,1.59999999999999,B_CLASS,3776,5,,29.29,1,Inland,Low,1,Masonry_Arch
2214,54.3262376471884,-6.51032222963309,Road_River,6044,8921,4.9,10,43.5,B_CLASS,3776,5,,29.33,1,Inland,Medium,1,RC_Slab
2215,54.3407364456657,-6.47546404739559,Road_River,6049,8674,2.5,10,52.9,B_CLASS,4157,5,,29.62,1,Inland,Low,1,Masonry_Arch
2216,54.3478867640083,-6.48508352397433,Road_River,6051,8675,5.5,10,38.1,B_CLASS,3776,5,,30.61,1,Inland,Low,1,RC_Slab
2217,54.346206526759,-6.48194782129996,Road_River,6051,8675,7.3,10,65.3,B_CLASS,3776,5,,30.35,1,Inland,Medium,2,Masonry_Arch
2218,54.3460508879722,-6.48155158713135,Road_River,6051,8675,16.9,10,75,B_CLASS,3776,5,,30.32,1,Inland,Medium,3,RC_Slab
2219,54.3457359664393,-6.48074984179354,Road_River,6051,8675,6.6,10,75,B_CLASS,3776,5,,30.27,1,Inland,Medium,1,RC_Slab
2220,54.3554809414639,-6.4809374456498,Road_River,6054,8675,2.4,10,29.2,B_CLASS,3012,5,,31.24,1,Inland,Low,1,Masonry_Arch
2221,54.3578054841923,-6.49895510567457,Road_River,6058,8680,13.7,10,41.9,B_CLASS,3012,5,,32,1,Inland,Medium,3,RC_Slab
2222,54.3636981741467,-6.51128598632246,Road_River,6062,8302,2.9,10,29.1,B_CLASS,3623,5,,32.95,1,Inland,Low,1,Masonry_Arch
2223,54.3685014979508,-6.52907098608171,Road_River,6062,8306,2.5,10,20.4,B_CLASS,3623,5,,33.98,1,Inland,Low,1,Masonry_Arch
2224,54.370427797976,-6.53707527097496,Road_River,6063,8307,1.8,10,36.4,B_CLASS,3623,5,,34.42,1,Inland,Low,1,Culvert
2225,54.3726432576464,-6.54342406422394,Road_River,6063,8308,2,10,10.3,B_CLASS,3623,5,,34.84,1,Inland,Low,1,Masonry_Arch
2226,54.3642391952346,-6.54641837383973,Road_River,6065,8311,2.4,10,0.299999999999997,B_CLASS,3623,5,,34.14,1,Inland,Low,1,Masonry_Arch
2227,54.3552793609272,-6.5461180765352,Road_River,6065,8691,4.5,10,32,B_CLASS,3623,5,,33.29,1,Inland,Low,1,Masonry_Arch
2228,54.3636186739915,-6.71883836012821,Road_River,6070,8332,7.6,10,35.3,B_CLASS,3852,5,,41.06,1,Inland,Low,2,Masonry_Arch
2229,54.3693010309697,-6.74346573987059,Road_River,6071,8334,1.3,10,8.2,B_CLASS,2630,5,,42.63,1,Inland,Low,1,Culvert
2230,54.3694412989568,-6.74645205460141,Road_River,6073,8336,3,10,35.1,B_CLASS,2630,5,,42.78,1,Inland,Low,1,Masonry_Arch
2231,54.3181424066847,-6.6471779890094,Road_River,6076,8944,4.1,10,13.7,B_CLASS,3699,5,,34.22,1,Inland,Low,1,Masonry_Arch
2232,54.3588202395306,-6.69524110163618,Road_River,6080,8329,4.1,10,54.9,B_CLASS,3088,5,,39.61,1,Inland,Low,1,Masonry_Arch
2233,54.3563409192663,-6.68317567563714,Road_River,6080,8703,2,10,16.8,B_CLASS,3088,5,,38.87,1,Inland,Low,1,Masonry_Arch
2234,54.367929028302,-6.64438134782778,Road_River,6081,8324,4.4,10,42.7,B_CLASS,4005,5,,38.17,1,Inland,Medium,1,Masonry_Arch
2235,54.3663037949367,-6.64910505921261,Road_River,6081,8326,3.4,10,46.2,B_CLASS,4005,5,,38.23,1,Inland,Medium,1,Masonry_Arch
2236,54.349668353148,-6.64048214944269,Road_River,6083,8812,9.9,10,14.9,B_CLASS,3699,5,,36.47,1,Inland,Low,2,RC_Slab
2237,54.351927585482,-6.66784460759011,Road_River,6088,8698,59.2,10,39.9,B_CLASS,4157,5,,37.84,1,Inland,High,10,Bespoke_Viaduct
2238,54.3629370807738,-6.65484635597395,Road_River,6091,8812,10,10,41.4,B_CLASS,4005,5,,38.18,1,Inland,Medium,2,RC_Slab
2239,54.4168529307556,-6.48095000855816,Road_River,6095,7672,11.8,10,49.9,B_CLASS,3088,5,,37.48,1,Inland,Medium,2,RC_Slab
2240,54.4156142942996,-6.52132481310148,Road_River,6099,7674,23.3,10,41.9,B_CLASS,3241,5,,38.39,1,Inland,High,4,Bespoke_Viaduct
2241,54.4086540718297,-6.54115023172186,Road_River,6101,7826,7.1,10,28.8,B_CLASS,3241,5,,38.26,1,Inland,Low,1,RC_Slab
2242,54.3888626668226,-6.53916190250826,Road_River,6103,7979,8.9,10,66.8,B_CLASS,3241,5,,36.27,1,Inland,Medium,1,RC_Slab
2243,54.3838290120975,-6.01677690511982,Road_River,6109,11936,2.6,10,14.6,B_CLASS,3241,5,,16.88,1,Inland,Low,1,Masonry_Arch
2244,54.3803561451483,-6.01774021169818,Road_River,6109,11981,3.1,10,35,B_CLASS,3241,5,,16.66,1,Inland,Low,1,Masonry_Arch
2245,54.3625647486574,-6.02405872911537,Road_River,6112,12029,5.9,10,50.5,B_CLASS,3241,5,,15.69,1,Inland,Medium,1,RC_Slab
2246,54.3634501032016,-6.02402430094903,Road_River,6112,12031,9,10,47.4,B_CLASS,3241,5,,15.75,1,Inland,Medium,2,Masonry_Arch
2247,54.3705256176686,-6.01858125257926,Road_River,6113,11985,11.1,10,30.7,B_CLASS,3241,5,,15.97,1,Inland,Low,2,RC_Slab
2248,54.4302559715636,-5.97072370032429,Road_River,6114,11816,1.9,10,0,B_CLASS,2859,5,,19.01,1,Inland,Low,1,Masonry_Arch
2249,54.3776313200298,-6.54099062519641,Road_River,6124,7979,2.5,10,41.1,B_CLASS,3623,5,,35.24,1,Inland,Medium,1,Masonry_Arch
2250,54.3732841440676,-6.47084743926251,Road_River,6125,8673,1.7,10,42,B_CLASS,4157,5,,32.76,1,Inland,Low,1,Culvert
2251,54.3739406189138,-6.55813530298863,Road_River,6128,7982,2.1,10,20.2,B_CLASS,3928,5,,35.46,1,Inland,Low,1,Masonry_Arch
2252,54.3964340900868,-6.68265508590966,Road_River,6130,7835,2,10,8.8,B_CLASS,4157,5,,42.18,1,Inland,Low,1,Masonry_Arch
2253,54.4097496990278,-6.6019524892366,Road_River,6134,7830,1,10,7.5,B_CLASS,3699,5,,40.33,1,Inland,Low,1,Culvert
2254,54.4021729890551,-6.62010791819951,Road_River,6135,7832,4,10,5.7,B_CLASS,3699,5,,40.27,1,Inland,Low,1,Masonry_Arch
2255,54.4177929907475,-6.59228642790167,Road_River,6141,7680,2.3,10,16,B_CLASS,3699,5,,40.76,1,Inland,Low,1,Masonry_Arch
2256,54.4120202926909,-6.70641384979513,Road_River,6142,7834,114.2,10,2.7,B_CLASS,3317,5,,44.49,1,Inland,High,4,Bespoke_Viaduct
2257,54.3837852295866,-6.76811356883297,Road_River,6148,8341,1.8,10,0.400000000000006,B_CLASS,2630,5,,44.89,1,Inland,Low,1,Culvert
2258,54.4142196363354,-6.72585750018544,Road_River,6150,7845,2.2,10,15.7,B_CLASS,3317,5,,45.48,1,Inland,Low,1,Masonry_Arch
2259,54.4147401039746,-6.75335520088041,Road_River,6156,7850,3.7,10,48.1,B_CLASS,3776,5,,46.7,1,Inland,Low,1,Masonry_Arch
2260,54.4236472009463,-6.75542629294673,Road_River,6160,7850,4.1,10,63.1,B_CLASS,3776,5,,47.53,1,Inland,Low,1,Masonry_Arch
2261,54.4192333921258,-6.76419479686779,Road_River,6161,7707,1.5,10,23.5,B_CLASS,3928,5,,47.54,1,Inland,Low,1,Culvert
2262,54.4379540436135,-6.55426852545639,Road_River,6172,7458,26.7,10,6.7,B_CLASS,4157,5,,41.54,1,Inland,Medium,1,Bespoke_Viaduct
2263,54.4378298997531,-6.63429187024424,Road_River,6175,7688,23.5,10,36.9,B_CLASS,4081,5,,44.07,1,Inland,High,4,Bespoke_Viaduct
2264,54.4412011520057,-6.61557719048676,Road_River,6186,7463,1.9,10,36.9,B_CLASS,4157,5,,43.76,1,Inland,Low,1,Masonry_Arch
2265,54.4393046616088,-6.62470341124549,Road_River,6187,7462,27.6,10,16.4,B_CLASS,4081,5,,43.88,1,Inland,Medium,1,Bespoke_Viaduct
2266,54.4410221075884,-6.6808332613387,Road_River,6189,7596,1.6,10,13.9,B_CLASS,3317,5,,46.04,1,Inland,Low,1,Culvert
2267,54.4478917853729,-6.56452941747702,Road_River,6190,7459,2.2,10,49.1,B_CLASS,4157,5,,42.83,1,Inland,Low,1,Masonry_Arch
2268,54.4551905174524,-6.57744129038817,Road_River,6195,7510,1.4,10,36.5,B_CLASS,4157,5,,43.92,1,Inland,Low,1,Culvert
2269,54.4703476057871,-6.67809072243953,Road_River,6202,7391,11.8,10,16.8,B_CLASS,3546,5,,48.64,1,Inland,Low,1,Bespoke_Viaduct
2270,54.4366694594763,-6.71411982414847,Road_River,6206,7598,1.3,10,27.3,B_CLASS,3317,5,,46.94,1,Inland,Low,1,Culvert
2271,54.4317416568572,-6.72153102571772,Road_River,6206,7599,1.5,10,0,B_CLASS,3317,5,,46.8,1,Inland,Low,1,Culvert
2272,54.4287980401912,-6.72518713291634,Road_River,6206,7600,2.8,10,25.5,B_CLASS,3317,5,,46.7,1,Inland,Low,1,Masonry_Arch
2273,54.4471205578724,-6.76267047051341,Road_River,6212,7602,1.8,10,10.6,B_CLASS,4157,5,,49.81,1,Inland,Low,1,Culvert
2274,54.3737254715751,-6.63965736578151,Road_River,6217,8324,3.4,10,8.90000000000001,B_CLASS,4005,5,,38.48,1,Inland,Low,1,Masonry_Arch
2275,54.6145976837754,-6.72813386232456,Road_River,6229,7080,28.6,10,47.1,B_CLASS,3546,5,,52.01,1,Inland,High,5,Bespoke_Viaduct
2276,54.5793905345019,-6.71878400303131,Road_River,6246,7113,2.6,10,35.4,B_CLASS,2706,5,,51.45,1,Inland,Low,1,Masonry_Arch
2277,54.579605588866,-6.72162509179921,Road_River,6246,7116,1.2,10,35.5,B_CLASS,2706,5,,51.63,1,Inland,Low,1,Culvert
2278,54.585710589342,-6.70330136394762,Road_River,6254,7114,3.2,10,54.8,B_CLASS,2706,5,,50.42,1,Inland,Low,1,Masonry_Arch
2279,54.5901924450681,-6.71134388714713,Road_River,6254,7115,1.6,10,10.4,B_CLASS,2706,5,,50.92,1,Inland,Low,1,Culvert
2280,54.6350651228111,-6.53355965667265,Road_River,6263,17031,2.5,10,20.1,B_CLASS,2630,5,,39.63,1,Inland,Low,1,Masonry_Arch
2281,54.5818589833429,-6.58954898126905,Road_River,6272,7110,1.6,10,16.4,B_CLASS,3317,5,,43.11,1,Inland,Low,1,Culvert
2282,54.5792270675477,-6.59416597461198,Road_River,6274,7111,2.9,10,32.6,B_CLASS,3317,5,,43.42,1,Inland,Low,1,Masonry_Arch
2283,54.6038690937362,-6.6595204988969,Road_River,6288,7070,1.6,10,33.9,B_CLASS,2630,5,,47.57,1,Inland,Low,1,Culvert
2284,54.6114000934891,-6.55983289573586,Road_River,6291,7065,2.4,10,34.4,B_CLASS,3394,5,,41.16,1,Inland,Low,1,Masonry_Arch
2285,54.6577494892079,-6.56401072820134,Road_River,6293,6894,51.8,10,13.9,B_CLASS,2859,5,,41.84,1,Inland,High,2,Bespoke_Viaduct
2286,54.6568600285939,-6.56674472122829,Road_River,6294,6897,1,10,16.3,B_CLASS,2859,5,,42.01,1,Inland,Low,1,Culvert
2287,54.6404458828168,-6.55228885837769,Road_River,6302,6966,1,10,10.6,B_CLASS,2859,5,,40.89,1,Inland,Low,1,Culvert
2288,54.6475742436725,-6.65135728299227,Road_River,6304,6902,11.6,10,36.2,B_CLASS,3012,5,,47.32,1,Inland,High,2,RC_Slab
2289,54.6486610883858,-6.62041362544797,Road_River,6311,6969,2.1,10,0.900000000000006,B_CLASS,2706,5,,45.35,1,Inland,Low,1,Masonry_Arch
2290,54.6489198116645,-6.62097969930797,Road_River,6311,6972,38.9,10,8.90000000000001,B_CLASS,2706,5,,45.39,1,Inland,High,7,Bespoke_Viaduct
2291,54.6273244997795,-6.65420285114465,Road_River,6317,7028,2.1,10,28.8,B_CLASS,2630,5,,47.31,1,Inland,Low,1,Masonry_Arch
2292,54.6316499405364,-6.62727654883816,Road_River,6318,6968,3.9,10,3.2,B_CLASS,2630,5,,45.61,1,Inland,Low,1,Masonry_Arch
2293,54.6461227023329,-6.65926610992559,Road_River,6320,6905,10.2,10,28.9,B_CLASS,3012,5,,47.81,1,Inland,Low,2,RC_Slab
2294,54.5515026545507,-6.67199159433189,Road_River,6328,7176,1.1,10,23.4,B_CLASS,4157,5,,48.68,1,Inland,Low,1,Culvert
2295,54.5544063093696,-6.67274184791087,Road_River,6332,7175,1.7,10,52.1,B_CLASS,4157,5,,48.69,1,Inland,Low,1,Culvert
2296,54.5559903306918,-6.67302820574506,Road_River,6332,7175,1.2,10,21.1,B_CLASS,4157,5,,48.69,1,Inland,Low,1,Culvert
2297,54.4878799676836,-6.66418877317905,Road_River,6337,2789,3.9,10,5.5,B_CLASS,3546,5,,49.46,1,Inland,Low,1,Masonry_Arch
2298,54.5491705529516,-6.66652907831658,Road_River,6341,7174,3.8,10,62.3,B_CLASS,4157,5,,48.36,1,Inland,Medium,1,Masonry_Arch
2299,54.5526832296321,-6.68993625915435,Road_River,6344,7176,2.4,10,57.1,B_CLASS,4157,5,,49.82,1,Inland,Low,1,Masonry_Arch
2300,54.5536826468411,-6.61902414566227,Road_River,6345,7137,1.4,10,17.2,B_CLASS,2553,5,,45.26,1,Inland,Low,1,Culvert
2301,54.5548524645754,-6.6131970653899,Road_River,6347,7136,1.2,10,19.8,B_CLASS,2553,5,,44.87,1,Inland,Low,1,Culvert
2302,54.5735561863584,-6.59821370997483,Road_River,6353,7112,2.5,10,15.2,B_CLASS,3317,5,,43.72,1,Inland,Low,1,Masonry_Arch
2303,54.5375521545197,-6.67110050188811,Road_River,6355,7177,2.2,10,2.2,B_CLASS,4157,5,,48.82,1,Inland,Low,1,Masonry_Arch
2304,54.525661515875,-6.67459162217582,Road_River,6357,7217,4.1,10,25.9,B_CLASS,3394,5,,49.24,1,Inland,Low,1,Masonry_Arch
2305,54.5252457076612,-6.67446567595255,Road_River,6357,7218,10.3,10,27,B_CLASS,3394,5,,49.24,1,Inland,Low,2,RC_Slab
2306,54.5261784748136,-6.67444349217504,Road_River,6357,7219,1.8,10,3.59999999999999,B_CLASS,3394,5,,49.22,1,Inland,Low,1,Culvert
2307,54.51588545203,-6.71820767423837,Road_River,6370,7223,1.5,10,4.2,B_CLASS,3852,5,,52.2,1,Inland,Low,1,Culvert
2308,54.4945939233337,-6.70996270449324,Road_River,6379,7395,3.7,10,20.6,B_CLASS,4157,5,,52.01,1,Inland,Low,1,Masonry_Arch
2309,54.5436378004682,-6.70012479894941,Road_River,6380,7178,1.3,10,32.2,B_CLASS,4157,5,,50.58,1,Inland,Low,1,Culvert
2310,54.541751472893,-6.69963681821339,Road_River,6383,7178,1.4,10,30.7,B_CLASS,4157,5,,50.58,1,Inland,Low,1,Culvert
2311,54.5076582412468,-6.56710907571033,Road_River,6384,7275,1.7,10,25.9,B_CLASS,2706,5,,42.86,1,Inland,Low,1,Culvert
2312,54.5044257599521,-6.58348883293955,Road_River,6384,7346,2.7,10,7.59999999999999,B_CLASS,2706,5,,43.97,1,Inland,Low,1,Masonry_Arch
2313,54.4933619917335,-6.67734989842944,Road_River,6390,2790,4.4,10,0.299999999999997,B_CLASS,3546,5,,50.14,1,Inland,Low,1,Masonry_Arch
2314,54.4909288636136,-6.6399227299157,Road_River,6393,2787,57.5,10,29.8,B_CLASS,3394,5,,47.87,1,Inland,High,2,Bespoke_Viaduct
2315,54.5026380438525,-6.55008241154652,Road_River,6395,17036,7.8,10,8.90000000000001,B_CLASS,2172,5,,41.93,1,Inland,Low,2,Masonry_Arch
2316,54.5016166457067,-6.54698782522607,Road_River,6401,7278,2.2,10,21.4,B_CLASS,2172,5,,41.77,1,Inland,Low,1,Masonry_Arch
2317,54.5403560976564,-6.69997924475866,Road_River,6410,7181,4,10,53.4,B_CLASS,4157,5,,50.62,1,Inland,Medium,1,Masonry_Arch
2318,54.5405081013241,-6.70194157057758,Road_River,6412,7181,3.8,10,10.8,B_CLASS,4157,5,,50.74,1,Inland,Low,1,Masonry_Arch
2319,54.7563113476084,-6.45870849796347,Road_River,6416,6498,2,10,15.7,B_CLASS,3546,5,,37.14,1,Inland,Low,1,Masonry_Arch
2320,54.8356157341556,-6.74973035679375,Road_River,6419,5810,4.5,10,52.1,B_CLASS,3394,5,,30.56,1,Inland,Medium,1,Masonry_Arch
2321,54.8088329556241,-6.75754352468667,Road_River,6421,6194,7.4,10,34.3,B_CLASS,3546,5,,32.65,1,Inland,Low,2,Masonry_Arch
2322,54.8121873602987,-6.73235593095801,Road_River,6425,6260,2.3,10,1.09999999999999,B_CLASS,3546,5,,33.3,1,Inland,Low,1,Masonry_Arch
2323,54.8171526512951,-6.71572354574371,Road_River,6426,6176,2.5,10,5,B_CLASS,3012,5,,33.53,1,Inland,Low,1,Masonry_Arch
2324,54.8197978203909,-6.72357074208349,Road_River,6426,6181,4.3,10,31.6,B_CLASS,3012,5,,32.98,1,Inland,Low,1,Masonry_Arch
2325,54.8252072795337,-6.73079970715609,Road_River,6426,6182,31.7,10,0.0999999999999943,B_CLASS,3012,5,,32.22,1,Inland,High,6,Bespoke_Viaduct
2326,54.7924282136823,-6.75155601919348,Road_River,6428,6262,4.9,10,27.4,B_CLASS,3546,5,,34.38,1,Inland,Low,1,RC_Slab
2327,54.7886968801824,-6.72284404271209,Road_River,6429,6288,1.6,10,31.3,B_CLASS,3012,5,,35.77,1,Inland,Low,1,Culvert
2328,54.7807670261348,-6.50847362577545,Road_River,6450,6411,3.6,10,31.7,B_CLASS,2783,5,,40.28,1,Inland,Low,1,Masonry_Arch
2329,54.7742675634089,-6.50717036488864,Road_River,6450,6412,2.6,10,0.299999999999997,B_CLASS,2783,5,,40.62,1,Inland,Low,1,Masonry_Arch
2330,54.6629064671014,-6.61306113150279,Road_River,6455,6900,1.4,10,6.2,B_CLASS,2706,5,,45.02,1,Inland,Low,1,Culvert
2331,54.6881903859004,-6.65889414031848,Road_River,6460,6784,1.4,10,8.7,B_CLASS,2935,5,,47.35,1,Inland,Low,1,Culvert
2332,54.6840728044321,-6.59867767404796,Road_River,6464,6778,13.7,10,33.4,B_CLASS,3012,5,,44.28,1,Inland,Low,1,Bespoke_Viaduct
2333,54.6950606203925,-6.59742505297991,Road_River,6470,6779,1.5,10,45.2,B_CLASS,3012,5,,44.35,1,Inland,Low,1,Culvert
2334,54.7031937527851,-6.59645546934296,Road_River,6471,6737,1.4,10,3.09999999999999,B_CLASS,3012,5,,44.4,1,Inland,Low,1,Culvert
2335,54.7024070565972,-6.57996632179148,Road_River,6472,6735,2.2,10,27.1,B_CLASS,2783,5,,43.34,1,Inland,Low,1,Masonry_Arch
2336,54.7011857131634,-6.58881097311903,Road_River,6473,6737,1.4,10,25.8,B_CLASS,3012,5,,43.88,1,Inland,Low,1,Culvert
2337,54.695929173723,-6.61473106607951,Road_River,6475,6781,4.6,10,41.6,B_CLASS,3012,5,,45.46,1,Inland,Medium,1,RC_Slab
2338,54.705921964851,-6.54667876090485,Road_River,6480,6732,3.9,10,3.3,B_CLASS,2324,5,,41.28,1,Inland,Low,1,Masonry_Arch
2339,54.7067469883523,-6.54026426716442,Road_River,6480,17028,3.1,10,16.7,B_CLASS,2324,5,,40.89,1,Inland,Low,1,Masonry_Arch
2340,54.7073334987275,-6.5321739979301,Road_River,6483,17028,3.5,10,7.7,B_CLASS,2324,5,,40.38,1,Inland,Low,1,Masonry_Arch
2341,54.6960424675032,-6.5309064511543,Road_River,6483,17029,2.4,10,13.6,B_CLASS,2324,5,,40.11,1,Inland,Low,1,Masonry_Arch
2342,54.6869285227578,-6.53727383530056,Road_River,6484,6772,5.9,10,0.0999999999999943,B_CLASS,2324,5,,40.38,1,Inland,Low,1,RC_Slab
2343,54.6756946164568,-6.54588837617338,Road_River,6486,6832,2.2,10,23.2,B_CLASS,2324,5,,40.8,1,Inland,Low,1,Masonry_Arch
2344,54.7540672776111,-6.51535631942262,Road_River,6488,6618,25.8,10,33.8,B_CLASS,2783,5,,40.53,1,Inland,High,5,Bespoke_Viaduct
2345,54.7476605626048,-6.52304241296787,Road_River,6492,6619,8.1,10,2.09999999999999,B_CLASS,3776,5,,40.8,1,Inland,Low,2,Masonry_Arch
2346,54.7267613990129,-6.527002308626,Road_River,6496,6622,4.4,10,25.4,B_CLASS,3394,5,,40.47,1,Inland,Low,1,Masonry_Arch
2347,54.7188706550507,-6.52995484308767,Road_River,6498,17027,4.3,10,10.1,B_CLASS,3394,5,,40.48,1,Inland,Low,1,Masonry_Arch
2348,54.745288097848,-6.59722191311645,Road_River,6499,6631,4.4,10,47.2,B_CLASS,2706,5,,44.54,1,Inland,Medium,1,Masonry_Arch
2349,54.7564210637443,-6.61325521440463,Road_River,6500,6629,1.4,10,2,B_CLASS,4157,5,,42.93,1,Inland,Low,1,Culvert
2350,54.7680925869618,-6.62246388865807,Road_River,6512,6509,2.2,10,20.8,B_CLASS,4157,5,,41.56,1,Inland,Low,1,Masonry_Arch
2351,54.7608757910621,-6.64259486350653,Road_River,6514,6513,13,10,29.1,B_CLASS,3546,5,,41.35,1,Inland,Low,3,Masonry_Arch
2352,54.7333494458444,-6.58967122759065,Road_River,6517,6689,3.3,10,56.2,B_CLASS,2706,5,,44.58,1,Inland,Low,1,Masonry_Arch
2353,54.7194421507997,-6.55385751167522,Road_River,6520,6688,2.8,10,16.5,B_CLASS,2706,5,,42,1,Inland,Low,1,Masonry_Arch
2354,54.7835116309584,-6.64209372012018,Road_River,6522,6424,13.5,10,21.8,B_CLASS,3546,5,,39.44,1,Inland,High,3,Masonry_Arch
2355,54.7826237651857,-6.64088030019253,Road_River,6522,6426,1.3,10,32.7,B_CLASS,3546,5,,39.56,1,Inland,Low,1,Culvert
2356,54.7730397120215,-6.62765328574185,Road_River,6523,6509,1.9,10,42,B_CLASS,3546,5,,40.93,1,Inland,Low,1,Masonry_Arch
2357,54.7868077916189,-6.646422564207,Road_River,6524,6425,8.7,10,34.5,B_CLASS,2172,5,,38.98,1,Inland,Low,2,Masonry_Arch
2358,54.811020229529,-6.70083644059529,Road_River,6527,6175,1.8,10,20.4,B_CLASS,2324,5,,34.66,1,Inland,Low,1,Culvert
2359,55.0146328170022,-6.61735011359039,Road_River,6541,744,14.7,10,5.90000000000001,B_CLASS,3241,5,,18.73,1,Inland,Medium,1,Bespoke_Viaduct
2360,55.0100310989093,-6.6042579932451,Road_River,6543,737,4.2,10,32.5,B_CLASS,3241,5,,19.53,1,Inland,Low,1,Masonry_Arch
2361,55.0112342287887,-6.61096934825514,Road_River,6544,4910,4.8,10,5.2,B_CLASS,3241,5,,19.23,1,Inland,Low,1,RC_Slab
2362,54.8700945510157,-6.65991476071953,Road_River,6550,5717,2.7,10,5,B_CLASS,3317,5,,31.9,1,Inland,Low,1,Masonry_Arch
2363,54.8418315655571,-6.75029769738531,Road_River,6551,5953,2.2,10,49.3,B_CLASS,3394,5,,29.99,1,Inland,Low,1,Masonry_Arch
2364,54.8453670385729,-6.74991574430062,Road_River,6551,5962,1.9,10,39.2,B_CLASS,3394,5,,29.71,1,Inland,Low,1,Masonry_Arch
2365,54.9833683775995,-6.68900742635511,Road_River,6553,4939,1.1,10,14.2,B_CLASS,2630,5,,20.73,1,Inland,Low,1,Culvert
2366,54.9712509650684,-6.75045505838028,Road_River,6554,5095,2,10,10.6,B_CLASS,2095,5,,20.59,1,Inland,Low,1,Masonry_Arch
2367,54.9705419909763,-6.75811216297678,Road_River,6554,5205,1.4,10,10.6,B_CLASS,2095,5,,20.23,1,Inland,Low,1,Culvert
2368,54.9758807103662,-6.69381939791548,Road_River,6560,4936,1.5,10,40,B_CLASS,2630,5,,21.46,1,Inland,Low,1,Culvert
2369,54.9766423513037,-6.69928911353455,Road_River,6560,5088,9.8,10,22.6,B_CLASS,2630,5,,21.31,1,Inland,High,2,RC_Slab
2370,54.9831886692029,-6.68537296454771,Road_River,6562,4935,14.7,10,16,B_CLASS,3164,5,,20.81,1,Inland,High,3,RC_Slab
2371,54.977792172146,-6.66883371113889,Road_River,6565,4933,3.3,10,18.6,B_CLASS,2401,5,,21.68,1,Inland,Low,1,Masonry_Arch
2372,54.9776876345903,-6.66538583474427,Road_River,6565,5189,2.6,10,16,B_CLASS,2401,5,,21.76,1,Inland,Low,1,Masonry_Arch
2373,54.8555458435167,-6.45916883407224,Road_River,6566,846,1.6,10,9.2,B_CLASS,3623,5,,33.43,1,Inland,Low,1,Culvert
2374,54.877458147372,-6.4624243915534,Road_River,6567,5597,4.4,10,54.7,B_CLASS,3623,5,,32.65,1,Inland,Low,1,Masonry_Arch
2375,54.8830839183391,-6.45018848228897,Road_River,6569,5596,3,10,51.6,B_CLASS,3623,5,,31.69,1,Inland,Medium,1,Masonry_Arch
2376,54.8810453380886,-6.47429282685885,Road_River,6571,5597,2.7,10,25.9,B_CLASS,3623,5,,33.22,1,Inland,Low,1,Masonry_Arch
2377,54.8793443873669,-6.63989187156405,Road_River,6576,5617,14.3,10,43.4,B_CLASS,3317,5,,32.29,1,Inland,Medium,3,RC_Slab
2378,54.9638175343757,-6.62296317479898,Road_River,6578,5185,4.9,10,58.7,B_CLASS,2401,5,,23.94,1,Inland,Low,1,RC_Slab
2379,54.964553565774,-6.62722070598764,Road_River,6578,5188,2,10,14.3,B_CLASS,2401,5,,23.78,1,Inland,Low,1,Masonry_Arch
2380,54.9685666141439,-6.6416332462081,Road_River,6578,5311,3.2,10,21,B_CLASS,2401,5,,23.12,1,Inland,Low,1,Masonry_Arch
2381,54.9427659094773,-6.56636556653366,Road_River,6584,5305,2.2,10,42.6,B_CLASS,3241,5,,27.35,1,Inland,Low,1,Masonry_Arch
2382,54.9582530891983,-6.53947656626534,Road_River,6590,5183,56,10,15.7,B_CLASS,2324,5,,26.52,1,Inland,High,2,Bespoke_Viaduct
2383,54.9957081232124,-6.50171819066146,Road_River,6592,5029,2,10,17.8,B_CLASS,2324,5,,24.21,1,Inland,Low,1,Masonry_Arch
2384,54.9877542281849,-6.49943436524783,Road_River,6593,5030,2,10,8.59999999999999,B_CLASS,2324,5,,25.07,1,Inland,Low,1,Masonry_Arch
2385,54.9841406005994,-6.49840924445957,Road_River,6594,5082,1.4,10,22.6,B_CLASS,2324,5,,25.43,1,Inland,Low,1,Culvert
2386,54.9725902794867,-6.49463244531034,Road_River,6595,5078,3.3,10,19.8,B_CLASS,2324,5,,26.63,1,Inland,Low,1,Masonry_Arch
2387,54.9764466273833,-6.49675202209811,Road_River,6595,5081,2.8,10,17,B_CLASS,2324,5,,26.2,1,Inland,Low,1,Masonry_Arch
2388,54.9774476361201,-6.50127148428375,Road_River,6597,5084,3,10,0.400000000000006,B_CLASS,2324,5,,25.94,1,Inland,Low,1,Masonry_Arch
2389,54.9610280734466,-6.52980449107056,Road_River,6599,5181,9.6,10,2.90000000000001,B_CLASS,2324,5,,26.54,1,Inland,Low,2,RC_Slab
2390,54.9581094315334,-6.5079370759577,Road_River,6600,5181,7.3,10,6.40000000000001,B_CLASS,3088,5,,27.52,1,Inland,Low,1,RC_Slab
2391,54.9594666563958,-6.48485958410211,Road_River,6603,5178,1,10,10.4,B_CLASS,3088,5,,28.19,1,Inland,Low,1,Culvert
2392,54.9571327613384,-6.49485904508695,Road_River,6605,5178,1.5,10,18.1,B_CLASS,3088,5,,28.05,1,Inland,Low,1,Culvert
2393,54.9560411326295,-6.49576960774091,Road_River,6609,5180,3.9,10,1.3,B_CLASS,3088,5,,28.12,1,Inland,Low,1,Masonry_Arch
2394,54.9565076080203,-6.49498347855492,Road_River,6610,5178,1.5,10,9.40000000000001,B_CLASS,3088,5,,28.11,1,Inland,Low,1,Culvert
2395,54.9560922095513,-6.49266377821285,Road_River,6610,5179,1.7,10,52.3,B_CLASS,3088,5,,28.23,1,Inland,Low,1,Culvert
2396,54.9256809630869,-6.58659414237575,Road_River,6620,5428,2.2,10,33.5,B_CLASS,2783,5,,28.68,1,Inland,Low,1,Masonry_Arch
2397,54.9214540707085,-6.59072701043794,Road_River,6620,5429,7.5,10,22,B_CLASS,2783,5,,29.04,1,Inland,Low,2,Masonry_Arch
2398,54.890559897533,-6.61544814627667,Road_River,6622,5524,3.2,10,46.6,B_CLASS,2706,5,,31.93,1,Inland,Low,1,Masonry_Arch
2399,54.8930515563787,-6.61162150070659,Road_River,6622,5616,4.1,10,63.1,B_CLASS,2706,5,,31.72,1,Inland,Low,1,Masonry_Arch
2400,54.9022111111603,-6.6044748980153,Road_River,6623,5521,3.9,10,0.799999999999997,B_CLASS,2783,5,,30.85,1,Inland,Low,1,Masonry_Arch
2401,54.951895900609,-6.49168653637496,Road_River,6624,5177,2.5,10,19.1,B_CLASS,3088,5,,28.65,1,Inland,Low,1,Masonry_Arch
2402,54.9395928672976,-6.45933544402433,Road_River,6625,5295,1.2,10,5.3,B_CLASS,2172,5,,29.19,1,Inland,Low,1,Culvert
2403,54.9421147485481,-6.48183142525425,Road_River,6627,5295,1.1,10,3.59999999999999,B_CLASS,3088,5,,29.91,1,Inland,Low,1,Culvert
2404,54.9323632530463,-6.48046046398172,Road_River,6627,5417,4.9,10,36,B_CLASS,3088,5,,30.77,1,Inland,Low,1,RC_Slab
2405,54.9214855042115,-6.47992748957357,Road_River,6628,5411,2.1,10,15.9,B_CLASS,2859,5,,31.33,1,Inland,Low,1,Masonry_Arch
2406,54.890995353081,-6.47405141564934,Road_River,6632,5596,1.5,10,0.799999999999997,B_CLASS,3623,5,,32.83,1,Inland,Low,1,Culvert
2407,54.8956465407017,-6.47410252878684,Road_River,6633,5508,16.9,10,48.6,B_CLASS,2859,5,,32.55,1,Inland,Medium,3,RC_Slab
2408,54.9021929998125,-6.47445991971664,Road_River,6633,5509,2.7,10,47.9,B_CLASS,2859,5,,32.16,1,Inland,Low,1,Masonry_Arch
2409,54.8964773637541,-6.47417867884056,Road_River,6633,5510,2,10,16.5,B_CLASS,2859,5,,32.5,1,Inland,Low,1,Masonry_Arch
2410,54.9147311986884,-6.47629644709052,Road_River,6634,5507,2.9,10,46.9,B_CLASS,2859,5,,31.51,1,Inland,Low,1,Masonry_Arch
2411,55.0035449158651,-6.50317741687381,Road_River,6635,4899,2.8,10,35.9,B_CLASS,2706,5,,23.34,1,Inland,Low,1,Masonry_Arch
2412,55.0106388340508,-6.72901531651854,Road_River,6636,763,2.5,10,15.2,B_CLASS,1942,5,,17.25,1,Inland,Low,1,Masonry_Arch
2413,54.9947609990076,-6.7104264323026,Road_River,6636,772,1.9,10,31.5,B_CLASS,1942,5,,19.19,1,Inland,Low,1,Masonry_Arch
2414,55.0002985439252,-6.71757816524689,Road_River,6636,775,4.7,10,6.90000000000001,B_CLASS,1942,5,,18.5,1,Inland,Low,1,RC_Slab
2415,55.0705200302282,-6.50571099645175,Road_River,6645,4622,29.4,10,40.9,B_CLASS,3928,5,,16.17,1,Inland,High,5,Bespoke_Viaduct
2416,55.1639110978776,-6.60555622734258,Road_River,6661,4416,1.5,10,3.2,B_CLASS,2172,5,,4.62,1,Coastal,Low,1,Culvert
2417,55.1642596659471,-6.67670869226497,Road_River,6664,4423,2.5,10,11.2,B_CLASS,4157,5,,3.23,1,Coastal,Low,1,Masonry_Arch
2418,55.1513792561122,-6.63439751645096,Road_River,6665,4418,2.7,10,17.3,B_CLASS,2859,5,,5.49,1,Inland,Low,1,Masonry_Arch
2419,55.1560256163695,-6.6234026021292,Road_River,6666,4419,2.4,10,4.2,B_CLASS,2172,5,,5.28,1,Inland,Low,1,Masonry_Arch
2420,55.1394151784819,-6.60151456595967,Road_River,6668,4430,1.2,10,3.8,B_CLASS,2324,5,,7.35,1,Inland,Low,1,Culvert
2421,55.1394518179461,-6.60990019196832,Road_River,6669,4431,2,10,16.3,B_CLASS,2324,5,,7.31,1,Inland,Low,1,Masonry_Arch
2422,55.1385106389572,-6.61968066157697,Road_River,6669,4432,2.6,10,16.7,B_CLASS,2324,5,,7.16,1,Inland,Low,1,Masonry_Arch
2423,55.1392510028497,-6.61446471728767,Road_River,6669,4432,1.3,10,42.5,B_CLASS,2324,5,,7.21,1,Inland,Low,1,Culvert
2424,55.1503208609665,-6.66908644057359,Road_River,6680,9902,16.4,10,54.6,B_CLASS,4157,5,,4.38,1,Coastal,Medium,3,RC_Slab
2425,55.1364879457175,-6.66175863458501,Road_River,6682,9903,2.2,10,8,B_CLASS,4157,5,,5.69,1,Inland,Low,1,Masonry_Arch
2426,55.1317796357583,-6.70420820176241,Road_River,6687,4472,3.1,10,26.3,B_CLASS,2630,5,,4.58,1,Coastal,Low,1,Masonry_Arch
2427,55.1312090215125,-6.69032274632327,Road_River,6690,9876,1.6,10,4,B_CLASS,4157,5,,5,1,Inland,Low,1,Culvert
2428,55.16776449337,-6.4989867793952,Road_River,6694,10278,2.9,10,23.7,B_CLASS,2172,5,,6.13,1,Inland,Low,1,Masonry_Arch
2429,55.1482383446756,-6.49438672418478,Road_River,6694,10358,2.1,10,40.9,B_CLASS,2172,5,,8.21,1,Inland,Low,1,Masonry_Arch
2430,55.1840286624279,-6.58157601944659,Road_River,6697,11252,1.8,10,19.4,B_CLASS,3241,5,,2.68,1,Coastal,Low,1,Culvert
2431,55.0808971713078,-6.52508945125637,Road_River,6699,8127,1.6,10,40.7,B_CLASS,3317,5,,14.69,1,Inland,Low,1,Culvert
2432,55.0702917154012,-6.43235011969592,Road_River,6704,4609,8.8,10,41.3,B_CLASS,3546,5,,17.74,1,Inland,Medium,1,RC_Slab
2433,55.0734853738664,-6.45417989211711,Road_River,6707,4611,6.6,10,11.5,B_CLASS,2477,5,,16.88,1,Inland,Low,2,Masonry_Arch
2434,55.084958715515,-6.52784088416618,Road_River,6710,8129,2.6,10,14.3,B_CLASS,3317,5,,14.21,1,Inland,Low,1,Masonry_Arch
2435,55.101464961808,-6.53829106010322,Road_River,6710,10599,1.5,10,23.2,B_CLASS,3317,5,,12.26,1,Inland,Low,1,Culvert
2436,55.0969417327129,-6.53541647657426,Road_River,6710,10600,1.5,10,0.299999999999997,B_CLASS,3317,5,,12.79,1,Inland,Low,1,Culvert
2437,55.0937290051044,-6.53338823042559,Road_River,6710,10601,1.6,10,3.40000000000001,B_CLASS,3317,5,,13.17,1,Inland,Low,1,Culvert
2438,55.1017138062655,-6.44522903007916,Road_River,6713,10589,2.3,10,18.2,B_CLASS,2477,5,,14.23,1,Inland,Low,1,Masonry_Arch
2439,55.1128569027507,-6.4933571470743,Road_River,6716,10458,22.7,10,6.59999999999999,B_CLASS,2172,5,,11.93,1,Inland,High,4,Bespoke_Viaduct
2440,55.0545824156731,-6.47942738870045,Road_River,6718,4894,3.3,10,41.1,B_CLASS,3928,5,,18.41,1,Inland,Low,1,Masonry_Arch
2441,55.0636996212833,-6.51946191364976,Road_River,6719,4627,10.9,10,15.5,B_CLASS,2706,5,,16.62,1,Inland,High,2,RC_Slab
2442,55.1161533880259,-6.54762771909844,Road_River,6727,10464,3.2,10,27.2,B_CLASS,2019,5,,10.52,1,Inland,Low,1,Masonry_Arch
2443,55.1279721741879,-6.46697103019353,Road_River,6730,10276,1,10,21.4,B_CLASS,2401,5,,11,1,Inland,Low,1,Culvert
2444,55.140541671296,-6.51784344777901,Road_River,6733,10357,45.1,10,13.2,B_CLASS,2019,5,,8.56,1,Inland,High,8,Bespoke_Viaduct
2445,55.1394586238991,-6.49899732953156,Road_River,6734,10358,2.2,10,12.6,B_CLASS,2172,5,,9.01,1,Inland,Low,1,Masonry_Arch
2446,55.1397921437771,-6.52258569039955,Road_River,6736,10279,1.3,10,5.40000000000001,B_CLASS,2019,5,,8.58,1,Inland,Low,1,Culvert
2447,55.1330569754789,-6.5381532481807,Road_River,6736,10462,2.1,10,0.5,B_CLASS,2019,5,,8.93,1,Inland,Low,1,Masonry_Arch
2448,55.147801788874,-6.44987786060718,Road_River,6737,10353,3.3,10,13.3,B_CLASS,2401,5,,9.6,1,Inland,Low,1,Masonry_Arch
2449,55.1455857411266,-6.46277833632825,Road_River,6738,10276,2.8,10,28.5,B_CLASS,2401,5,,9.37,1,Inland,Low,1,Masonry_Arch
2450,55.1830417095318,-6.51273399230815,Road_River,6739,10202,2.1,10,27.3,B_CLASS,2172,5,,4.23,1,Coastal,Low,1,Masonry_Arch
2451,55.1850884635961,-6.5551956313335,Road_River,6741,10093,4,10,50.4,B_CLASS,2553,5,,3.21,1,Coastal,Low,1,Masonry_Arch
2452,55.1808270686158,-6.56323848573892,Road_River,6741,10211,1.7,10,4.3,B_CLASS,2553,5,,3.4,1,Coastal,Low,1,Culvert
2453,55.1910392730471,-6.54584225994421,Road_River,6742,10094,1.6,10,11.9,B_CLASS,2859,5,,2.74,1,Coastal,Low,1,Culvert
2454,55.0184200880249,-6.50783140463739,Road_River,6745,4897,1.8,10,7.7,B_CLASS,2706,5,,21.67,1,Inland,Low,1,Culvert
2455,55.0226722706695,-6.50677637262092,Road_River,6746,4801,1.4,10,16.5,B_CLASS,2706,5,,21.23,1,Inland,Low,1,Culvert
2456,55.0263216968065,-6.5050162778486,Road_River,6747,4803,2.6,10,3.59999999999999,B_CLASS,2706,5,,20.87,1,Inland,Low,1,Masonry_Arch
2457,55.0358379555856,-6.50476569762028,Road_River,6749,4800,3.2,10,25.3,B_CLASS,2706,5,,19.86,1,Inland,Low,1,Masonry_Arch
2458,55.0385244226588,-6.50441045634851,Road_River,6750,4685,1.4,10,3.09999999999999,B_CLASS,3928,5,,19.58,1,Inland,Low,1,Culvert
2459,55.041014529165,-6.50414130675215,Road_River,6750,4798,1.8,10,24.1,B_CLASS,3928,5,,19.32,1,Inland,Low,1,Culvert
2460,55.0448098746399,-6.57870089026426,Road_River,6761,4691,97.7,10,9.90000000000001,B_CLASS,2553,5,,16.95,1,Inland,High,4,Bespoke_Viaduct
2461,55.0446268260496,-6.56419862235091,Road_River,6761,4696,2.9,10,55.6,B_CLASS,2553,5,,17.51,1,Inland,Low,1,Masonry_Arch
2462,55.0463435784004,-6.55383275497311,Road_River,6762,4698,2.7,10,40.9,B_CLASS,2553,5,,17.77,1,Inland,Medium,1,Masonry_Arch
2463,55.0296276785255,-6.65265050801288,Road_River,6764,4816,2.4,10,3.09999999999999,B_CLASS,2706,5,,16.39,1,Inland,Low,1,Masonry_Arch
2464,55.0280145331599,-6.65939296943613,Road_River,6767,4824,3.3,10,5.09999999999999,B_CLASS,2706,5,,16.44,1,Inland,Low,1,Masonry_Arch
2465,55.0384453210233,-6.62922035583372,Road_River,6769,4815,1.7,10,23.2,B_CLASS,2019,5,,15.99,1,Inland,Low,1,Culvert
2466,55.0381850673151,-6.62865159976131,Road_River,6769,4817,13.2,10,10.9,B_CLASS,2019,5,,16.03,1,Inland,High,3,Masonry_Arch
2467,55.0509184203011,-6.64945706984208,Road_River,6770,4709,2,10,49.9,B_CLASS,2019,5,,14.22,1,Inland,Low,1,Masonry_Arch
2468,55.0427615695512,-6.63864083608722,Road_River,6770,4710,2,10,20.6,B_CLASS,2019,5,,15.32,1,Inland,Low,1,Masonry_Arch
2469,55.0308856764778,-6.68317962935359,Road_River,6771,4721,7.5,10,2.2,B_CLASS,1942,5,,15.78,1,Inland,Low,2,Masonry_Arch
2470,55.0310703729136,-6.68257993167795,Road_River,6771,4821,2.6,10,31.5,B_CLASS,1942,5,,15.77,1,Inland,Low,1,Masonry_Arch
2471,55.0320176873758,-6.69648439960538,Road_River,6771,4826,1.1,10,22.3,B_CLASS,1942,5,,15.4,1,Inland,Low,1,Culvert
2472,55.0317909287256,-6.69496178100267,Road_River,6771,4827,3.7,10,49.1,B_CLASS,1942,5,,15.46,1,Inland,Low,1,Masonry_Arch
2473,55.0274012695062,-6.74397640200971,Road_River,6772,765,3.8,10,21.4,B_CLASS,2324,5,,15.28,1,Inland,Low,1,Masonry_Arch
2474,55.0154616924957,-6.76169221812325,Road_River,6773,4945,1.2,10,5.90000000000001,B_CLASS,2324,5,,16.53,1,Inland,Low,1,Culvert
2475,55.0112867647419,-6.76723842608754,Road_River,6773,4948,2.6,10,21.6,B_CLASS,2324,5,,16.99,1,Inland,Low,1,Masonry_Arch
2476,55.0101848891687,-6.76872710092494,Road_River,6773,4949,1.9,10,49.6,B_CLASS,2324,5,,17.11,1,Inland,Low,1,Masonry_Arch
2477,55.0043800390838,-6.77642243804457,Road_River,6773,4953,3.3,10,52.3,B_CLASS,2324,5,,17.29,1,Inland,Low,1,Masonry_Arch
2478,55.0385379158695,-6.74735279601619,Road_River,6776,4838,8.4,10,2.7,B_CLASS,2401,5,,14.03,1,Inland,Low,2,Masonry_Arch
2479,55.034342358028,-6.74690555564842,Road_River,6777,4836,2.6,10,40.2,B_CLASS,2324,5,,14.5,1,Inland,Medium,1,Masonry_Arch
2480,55.0500328610338,-6.73532879805616,Road_River,6779,4716,4.1,10,12.4,B_CLASS,2401,5,,12.87,1,Inland,Low,1,Masonry_Arch
2481,55.0468964388804,-6.73708896975239,Road_River,6779,4717,4.6,10,60.3,B_CLASS,2401,5,,13.19,1,Inland,Low,1,RC_Slab
2482,55.0509488364985,-6.5478611443464,Road_River,6783,4699,3.8,10,0.400000000000006,B_CLASS,2706,5,,17.58,1,Inland,Low,1,Masonry_Arch
2483,55.0574029453509,-6.52708677923929,Road_River,6785,4626,1.7,10,13.7,B_CLASS,2706,5,,17.17,1,Inland,Low,1,Culvert
2484,55.064937428412,-6.66807430098187,Road_River,6786,4646,1.7,10,4.40000000000001,B_CLASS,2859,5,,12.35,1,Inland,Low,1,Culvert
2485,55.0608140190042,-6.66238951385839,Road_River,6786,4708,2,10,5.7,B_CLASS,2859,5,,12.91,1,Inland,Low,1,Masonry_Arch
2486,55.0726736049683,-6.67873606333349,Road_River,6789,4645,1.3,10,22,B_CLASS,2859,5,,11.33,1,Inland,Low,1,Culvert
2487,55.0768685210645,-6.72092777355722,Road_River,6790,4657,2.6,10,31.5,B_CLASS,1713,5,,10.18,1,Inland,Low,1,Masonry_Arch
2488,55.0693919267992,-6.72485284274601,Road_River,6790,4658,5.4,10,54.8,B_CLASS,1713,5,,10.91,1,Inland,Medium,1,RC_Slab
2489,55.0731528275655,-6.48188318538177,Road_River,6794,4620,2.3,10,7.7,B_CLASS,2783,5,,16.37,1,Inland,Low,1,Masonry_Arch
2490,55.1997312502362,-6.52853106257072,Road_River,6803,10085,2.7,10,20,B_CLASS,2859,5,,2.11,1,Coastal,Low,1,Masonry_Arch
2491,55.1952393693667,-6.53745622650327,Road_River,6803,10087,2.4,10,21.6,B_CLASS,2859,5,,2.36,1,Coastal,Low,1,Masonry_Arch
2492,55.2370288973031,-6.44145084098649,Road_River,6806,8147,12.9,10,30.9,B_CLASS,2248,5,,0.12,1,Marine,Low,3,Masonry_Arch
2493,55.2150882918202,-6.54822833958148,Road_River,6807,11246,2.6,10,49,B_CLASS,2553,5,,0.07,1,Marine,Medium,1,Masonry_Arch
2494,55.2000542593449,-6.51880099912936,Road_River,6810,10077,5.7,10,16.1,B_CLASS,2859,5,,2.33,1,Coastal,Low,1,RC_Slab
2495,55.2310156808225,-6.51522800758423,Road_River,6814,8158,3.8,10,9.59999999999999,B_CLASS,1790,5,,0.48,1,Marine,Low,1,Masonry_Arch
2496,55.2366444002342,-6.47420077032919,Road_River,6815,9933,2.2,10,12.1,B_CLASS,2172,5,,1.03,1,Coastal,Low,1,Masonry_Arch
2497,55.2355588571793,-6.49200489656363,Road_River,6815,9940,2.3,10,9.5,B_CLASS,2172,5,,1.04,1,Coastal,Low,1,Masonry_Arch
2498,55.2071565651162,-6.52991959614765,Road_River,6817,10003,2.2,10,36.4,B_CLASS,2859,5,,1.35,1,Coastal,Low,1,Masonry_Arch
2499,55.2036305229402,-6.52370533181589,Road_River,6818,10002,33.6,10,15.4,B_CLASS,2859,5,,1.84,1,Coastal,High,6,Bespoke_Viaduct
2500,54.0886737025357,-6.42949499087704,Road_River,6827,13400,3.4,10,9.40000000000001,B_CLASS,3546,5,,10.59,1,Inland,Low,1,Masonry_Arch
2501,54.1038251727093,-6.41168595149099,Road_River,6830,13331,2.9,10,32.1,B_CLASS,1713,5,,9.33,1,Inland,Low,1,Masonry_Arch
2502,54.0892904225928,-6.42716452542917,Road_River,6833,13397,8.1,10,75,B_CLASS,3546,5,,10.44,1,Inland,Low,2,Masonry_Arch
2503,54.0904849640938,-6.44897920262724,Road_River,6843,13400,3.2,10,18.6,B_CLASS,2935,5,,11.81,1,Inland,Low,1,Masonry_Arch
2504,54.3033601703033,-6.47035684738802,Road_River,6848,8917,16.6,10,29.9,B_CLASS,3241,5,,25.82,1,Inland,Medium,1,Bespoke_Viaduct
2505,54.3002248866398,-6.46159514291536,Road_River,6848,9007,2.5,10,29,B_CLASS,3241,5,,25.24,1,Inland,Low,1,Masonry_Arch
2506,54.2885418719788,-6.44660200696722,Road_River,6850,9005,1.6,10,7.59999999999999,B_CLASS,3241,5,,23.63,1,Inland,Low,1,Culvert
2507,54.2861587604202,-6.42978801524158,Road_River,6854,12363,2.5,10,40.1,B_CLASS,3317,5,,22.89,1,Inland,Low,1,Masonry_Arch
2508,54.2821137302962,-6.46158538768212,Road_River,6860,9129,4.8,10,29.1,B_CLASS,4157,5,,23.52,1,Inland,Low,1,RC_Slab
2509,54.2909838847966,-6.3961549745761,Road_River,6864,12365,4.1,10,6.7,B_CLASS,4081,5,,22.47,1,Inland,Low,1,Masonry_Arch
2510,54.2886813086298,-6.40639251757933,Road_River,6865,12363,2.6,10,14.6,B_CLASS,3317,5,,22.49,1,Inland,Low,1,Masonry_Arch
2511,54.2878517629528,-6.41361913333748,Road_River,6865,12363,2.7,10,15.6,B_CLASS,3317,5,,22.6,1,Inland,Low,1,Masonry_Arch
2512,54.2861735398891,-6.41701863784039,Road_River,6865,12363,5.7,10,65.5,B_CLASS,3317,5,,22.52,1,Inland,Low,1,RC_Slab
2513,54.2858093846743,-6.41778479143176,Road_River,6865,12363,3.5,10,75,B_CLASS,3317,5,,22.51,1,Inland,Low,1,Masonry_Arch
2514,54.2851235417384,-6.41917055231071,Road_River,6865,12363,3.5,10,75,B_CLASS,3317,5,,22.48,1,Inland,Low,1,Masonry_Arch
2515,54.2834040324776,-6.42249660702111,Road_River,6865,12363,1.4,10,40.1,B_CLASS,3317,5,,22.4,1,Inland,Low,1,Culvert
2516,54.2951911971403,-6.2650091241254,Road_River,6867,12359,1.4,10,0,B_CLASS,3776,5,,21.34,1,Inland,Low,1,Culvert
2517,54.2829938486209,-6.25383201335668,Road_River,6873,12357,1.3,10,44,B_CLASS,3164,5,,20.01,1,Inland,Low,1,Culvert
2518,54.272938409381,-6.16383446088761,Road_River,6878,9125,2,10,34.3,B_CLASS,3317,5,,18.97,1,Inland,Low,1,Masonry_Arch
2519,54.2667042971326,-6.16276370565746,Road_River,6883,9126,1.5,10,11.8,B_CLASS,3317,5,,18.66,1,Inland,Low,1,Culvert
2520,54.2415704397997,-6.46468883401607,Road_River,6892,9448,27.6,10,47.2,B_CLASS,3546,5,,19.98,1,Inland,High,5,Bespoke_Viaduct
2521,54.2370714198808,-6.44993961402062,Road_River,6894,9447,2.6,10,5.5,B_CLASS,3546,5,,18.99,1,Inland,Low,1,Masonry_Arch
2522,54.2549685792788,-6.20979164343447,Road_River,6903,12366,4.8,10,72.5,B_CLASS,2783,5,,17.1,1,Inland,Low,1,RC_Slab
2523,54.248671286128,-6.19103802936542,Road_River,6903,12400,2.9,10,28.4,B_CLASS,2783,5,,16.52,1,Inland,Low,1,Masonry_Arch
2524,54.2446462506287,-6.18109127717132,Road_River,6903,12423,11.1,10,12.6,B_CLASS,2783,5,,16.15,1,Inland,Low,2,RC_Slab
2525,54.230212475467,-6.17071240589629,Road_River,6907,12468,2.7,10,22.5,B_CLASS,4157,5,,14.68,1,Inland,Low,1,Masonry_Arch
2526,54.2214258225316,-6.18507054029123,Road_River,6908,12474,1.4,10,32.7,B_CLASS,4157,5,,13.56,1,Inland,Low,1,Culvert
2527,54.2181147408264,-6.19384232054824,Road_River,6909,12473,3,10,0.5,B_CLASS,4081,5,,13.12,1,Inland,Low,1,Masonry_Arch
2528,54.2117803296405,-6.20307215220178,Road_River,6911,12477,5,10,35.2,B_CLASS,4081,5,,12.36,1,Inland,Low,1,RC_Slab
2529,54.2068933172843,-6.20747227075944,Road_River,6911,12562,2.2,10,44.1,B_CLASS,4081,5,,11.79,1,Inland,Low,1,Masonry_Arch
2530,54.2051598838571,-6.2100195487887,Road_River,6913,12563,2.3,10,19,B_CLASS,3012,5,,11.58,1,Inland,Low,1,Masonry_Arch
2531,54.1857354244111,-6.46648122792636,Road_River,6914,9752,2.4,10,33.5,B_CLASS,3699,5,,15.81,1,Inland,Low,1,Masonry_Arch
2532,54.1739407533949,-6.45663859916691,Road_River,6916,9826,1.8,10,18.9,B_CLASS,3699,5,,14.55,1,Inland,Low,1,Culvert
2533,54.1617870117836,-6.45017944983108,Road_River,6925,12893,1.8,10,2.8,B_CLASS,3776,5,,13.5,1,Inland,Low,1,Culvert
2534,54.1591576764599,-6.45436457752463,Road_River,6927,12580,5.2,10,32.6,B_CLASS,3776,5,,13.6,1,Inland,Low,1,RC_Slab
2535,54.1411516564915,-6.47150383889327,Road_River,6933,12581,1.9,10,21.4,B_CLASS,3776,5,,13.85,1,Inland,Low,1,Masonry_Arch
2536,54.142813797397,-6.46236586058904,Road_River,6934,12584,2.4,10,9.09999999999999,B_CLASS,3776,5,,13.35,1,Inland,Low,1,Masonry_Arch
2537,54.1513461754374,-6.46177201680395,Road_River,6936,12581,3,10,18.5,B_CLASS,3776,5,,13.66,1,Inland,Low,1,Masonry_Arch
2538,54.1949360592848,-6.390185788247,Road_River,6938,12819,2.5,10,37.2,B_CLASS,4157,5,,12.94,1,Inland,Low,1,Masonry_Arch
2539,54.1938251281154,-6.37581700883185,Road_River,6941,12741,5.7,10,43.6,B_CLASS,4157,5,,12.29,1,Inland,Medium,1,RC_Slab
2540,54.188213493236,-6.36850889456516,Road_River,6945,13459,2.9,10,3.5,B_CLASS,4157,5,,11.51,1,Inland,Low,1,Masonry_Arch
2541,54.1761599759645,-6.41990303819912,Road_River,6950,12821,2.8,10,52.9,B_CLASS,4157,5,,12.78,1,Inland,Low,1,Masonry_Arch
2542,54.1784184810435,-6.28849025912918,Road_River,6951,12814,2.5,10,26.1,B_CLASS,3241,5,,8.49,1,Inland,Low,1,Masonry_Arch
2543,54.1822120507059,-6.30251391923272,Road_River,6959,12812,18.1,10,16.1,B_CLASS,4157,5,,9.09,1,Inland,High,4,RC_Slab
2544,54.1988856481625,-6.38687165507006,Road_River,6962,12740,4.1,10,3.59999999999999,B_CLASS,4157,5,,13.16,1,Inland,Low,1,Masonry_Arch
2545,54.2020242480558,-6.38906077991417,Road_River,6966,12739,5.6,10,71.8,B_CLASS,4157,5,,13.52,1,Inland,Low,1,RC_Slab
2546,54.1958911789714,-6.21689086714974,Road_River,6967,12564,2.1,10,31.9,B_CLASS,3012,5,,10.52,1,Inland,Low,1,Masonry_Arch
2547,54.194779717284,-6.21882195814698,Road_River,6967,12565,1.9,10,21.6,B_CLASS,3012,5,,10.39,1,Inland,Low,1,Masonry_Arch
2548,54.1804791163282,-6.21641202687607,Road_River,6971,12807,1.3,10,12.4,B_CLASS,3012,5,,8.82,1,Inland,Low,1,Culvert
2549,54.17830209605,-6.27482007600021,Road_River,6975,12570,1.8,10,15.8,B_CLASS,3241,5,,8.38,1,Inland,Low,1,Culvert
2550,54.1785774187941,-6.28046967198923,Road_River,6975,12813,12.2,10,32.8,B_CLASS,3241,5,,8.44,1,Inland,High,3,Masonry_Arch
2551,54.1776609499241,-6.24368200198949,Road_River,6979,12808,4.4,10,19.9,B_CLASS,2935,5,,8.43,1,Inland,Low,1,Masonry_Arch
2552,54.1700662556367,-6.23678250363781,Road_River,6980,12883,1.3,10,7.5,B_CLASS,2630,5,,7.63,1,Inland,Low,1,Culvert
2553,54.1697257987092,-6.23720134103674,Road_River,6980,12884,2.8,10,28.1,B_CLASS,2630,5,,7.59,1,Inland,Low,1,Masonry_Arch
2554,54.1807596484313,-6.23026425240379,Road_River,6982,12809,3.8,10,15.5,B_CLASS,2935,5,,8.82,1,Inland,Low,1,Masonry_Arch
2555,54.1583120156054,-6.24668768255051,Road_River,6985,12568,7.2,10,69.9,B_CLASS,2630,5,,6.29,1,Inland,Low,2,Masonry_Arch
2556,54.1547145727514,-6.25078754184719,Road_River,6987,12568,3.5,10,42.6,B_CLASS,2630,5,,5.84,1,Inland,Low,1,Masonry_Arch
2557,54.1558216872572,-6.24925894061052,Road_River,6987,12568,1.3,10,29,B_CLASS,2630,5,,5.98,1,Inland,Low,1,Culvert
2558,54.1478547171727,-6.25975724207893,Road_River,6987,12569,2,10,36.8,B_CLASS,2630,5,,5.01,1,Inland,Low,1,Masonry_Arch
2559,54.1360703566679,-6.36701909448583,Road_River,6990,12615,11.7,10,67.8,B_CLASS,4157,5,,7.42,1,Inland,Medium,2,RC_Slab
2560,54.120067946113,-6.39476603758746,Road_River,6994,13148,3.4,10,0.0999999999999943,B_CLASS,4157,5,,8.45,1,Inland,Low,1,Masonry_Arch
2561,54.1249877896267,-6.38155231680962,Road_River,6995,12618,11.4,10,11.8,B_CLASS,4157,5,,7.78,1,Inland,Low,1,Bespoke_Viaduct
2562,54.1213242413001,-6.26783449897749,Road_River,7004,12614,2.2,10,34.9,B_CLASS,2859,5,,2.04,1,Coastal,Low,1,Masonry_Arch
2563,54.3336440557382,-6.44599357290736,Road_River,7006,8789,2.3,10,47.2,B_CLASS,4157,5,,28.09,1,Inland,Medium,1,Masonry_Arch
2564,54.4608881842481,-6.33149288553945,Road_River,7009,7491,3.5,10,13.3,B_CLASS,4157,5,,30.6,1,Inland,Low,1,Masonry_Arch
2565,54.4155898356865,-6.44402418394417,Road_River,7010,7671,5.9,10,2.2,B_CLASS,3699,5,,36.53,1,Inland,Low,1,RC_Slab
2566,54.3668737665889,-6.42223553501419,Road_River,7021,8296,1.9,10,14.4,B_CLASS,4157,5,,30.96,1,Inland,Low,1,Masonry_Arch
2567,54.3786703361069,-6.17648607532141,Road_River,7029,12004,10.4,10,20.1,B_CLASS,4157,5,,25.01,1,Inland,Low,2,RC_Slab
2568,54.3791333158355,-6.17627951453542,Road_River,7030,12002,4.3,10,39,B_CLASS,4157,5,,25.02,1,Inland,Low,1,Masonry_Arch
2569,54.3795418373052,-6.17609344346042,Road_River,7030,12003,3.2,10,51.9,B_CLASS,4157,5,,25.03,1,Inland,Low,1,Masonry_Arch
2570,54.3078718621427,-6.20821967553433,Road_River,7031,9004,1.7,10,9.90000000000001,B_CLASS,3546,5,,22.97,1,Inland,Low,1,Culvert
2571,54.3187150317225,-6.22821020708547,Road_River,7034,8905,2.5,10,27.7,B_CLASS,4157,5,,24.08,1,Inland,Low,1,Masonry_Arch
2572,54.3647428216858,-6.16761762697175,Road_River,7043,12046,2.9,10,17.1,B_CLASS,4157,5,,23.67,1,Inland,Low,1,Masonry_Arch
2573,54.3593509504042,-6.15757382868591,Road_River,7045,12043,1.2,10,41.7,B_CLASS,4157,5,,22.81,1,Inland,Low,1,Culvert
2574,54.3425283244024,-6.26191311223335,Road_River,7048,8655,2.5,10,37.8,B_CLASS,4157,5,,26.6,1,Inland,Low,1,Masonry_Arch
2575,54.3211256620344,-6.31736867635413,Road_River,7054,12345,2.8,10,20.8,B_CLASS,3928,5,,24.44,1,Inland,Low,1,Masonry_Arch
2576,54.3206628016821,-6.31048125793681,Road_River,7055,12344,1.2,10,27.3,B_CLASS,3928,5,,24.33,1,Inland,Low,1,Culvert
2577,54.3232393744423,-6.33489950567925,Road_River,7056,12346,3.7,10,74.8,B_CLASS,3928,5,,24.84,1,Inland,Low,1,Masonry_Arch
2578,54.3232374800587,-6.33483572061572,Road_River,7056,12346,9.6,10,75,B_CLASS,3928,5,,24.84,1,Inland,Low,2,RC_Slab
2579,54.3222815000419,-6.32839112577319,Road_River,7057,12346,1.6,10,34.7,B_CLASS,3928,5,,24.67,1,Inland,Low,1,Culvert
2580,54.3255187186434,-6.3428190659454,Road_River,7058,12347,1,10,21.3,B_CLASS,3623,5,,25.19,1,Inland,Low,1,Culvert
2581,54.3457199270096,-6.36453655325204,Road_River,7068,8665,3.7,10,50.7,B_CLASS,3623,5,,27.67,1,Inland,Low,1,Masonry_Arch
2582,54.3500352227886,-6.27780100588632,Road_River,7071,8660,1.2,10,18.1,B_CLASS,4081,5,,27.44,1,Inland,Low,1,Culvert
2583,54.3799931110959,-6.46375172093564,Road_River,7072,7974,2.7,10,23.7,B_CLASS,4157,5,,33.27,1,Inland,Low,1,Masonry_Arch
2584,54.3783694580127,-6.46628396270155,Road_River,7072,8301,1.1,10,21.2,B_CLASS,4157,5,,33.16,1,Inland,Low,1,Culvert
2585,54.4239017205226,-6.40048646627242,Road_River,7080,7669,1.9,10,37.8,B_CLASS,4157,5,,36.53,1,Inland,Low,1,Masonry_Arch
2586,54.410237571385,-6.3982099048106,Road_River,7083,7819,3.5,10,18.5,B_CLASS,3623,5,,35.14,1,Inland,Low,1,Masonry_Arch
2587,54.3966232561094,-6.39979520389934,Road_River,7086,7817,2,10,10,B_CLASS,3623,5,,33.71,1,Inland,Low,1,Masonry_Arch
2588,54.3965479014525,-6.39997894386912,Road_River,7086,7820,4.3,10,35.2,B_CLASS,3623,5,,33.7,1,Inland,Low,1,Masonry_Arch
2589,54.3953389384579,-6.40127588526818,Road_River,7086,7821,21,10,9.59999999999999,B_CLASS,3623,5,,33.59,1,Inland,Medium,1,Bespoke_Viaduct
2590,54.3980999494452,-6.39667420141743,Road_River,7086,9856,17,10,8.5,B_CLASS,3623,5,,33.81,1,Inland,High,3,RC_Slab
2591,54.4675590346897,-6.36816865204872,Road_River,7091,7444,1.5,10,39.8,B_CLASS,4157,5,,32.32,1,Inland,Low,1,Culvert
2592,54.4555454273406,-6.35147322725927,Road_River,7096,7444,2.3,10,13.5,B_CLASS,4157,5,,32.01,1,Inland,Low,1,Masonry_Arch
2593,54.4468852728049,-6.3603774800881,Road_River,7100,7445,6,10,68.1,B_CLASS,4157,5,,32.99,1,Inland,Medium,1,RC_Slab
2594,54.4465522657274,-6.36052043646492,Road_River,7102,7445,3.5,10,8.8,B_CLASS,4157,5,,33.02,1,Inland,Low,1,Masonry_Arch
2595,54.4476150863352,-6.35669558565674,Road_River,7103,7445,5.9,10,46.2,B_CLASS,4157,5,,32.75,1,Inland,Medium,1,RC_Slab
2596,54.4430334569042,-6.36709467926301,Road_River,7111,7453,4.8,10,11.1,B_CLASS,4157,5,,33.59,1,Inland,Low,1,RC_Slab
2597,54.4359673600889,-6.37929512191334,Road_River,7113,7452,4.6,10,15.2,B_CLASS,4157,5,,34.67,1,Inland,Low,1,RC_Slab
2598,54.4903132508411,-6.45906201888128,Road_River,7120,7338,1,10,13.5,B_CLASS,2630,5,,36.73,1,Inland,Low,1,Culvert
2599,54.4589873822525,-6.25952674006363,Road_River,7127,11794,2.7,10,26,B_CLASS,2553,5,,26.82,1,Inland,Low,1,Masonry_Arch
2600,54.4588099783084,-6.25950129302192,Road_River,7127,11797,29.2,10,34.5,B_CLASS,2553,5,,26.83,1,Inland,High,5,Bespoke_Viaduct
2601,54.4151648017353,-6.16285052876601,Road_River,7129,11887,1,10,11.8,B_CLASS,4157,5,,25.73,1,Inland,Low,1,Culvert
2602,54.42600595225,-6.22717629702473,Road_River,7132,11827,2,10,19.8,B_CLASS,2935,5,,27.58,1,Inland,Low,1,Masonry_Arch
2603,54.4206614912135,-6.20366924312824,Road_River,7134,11826,2.6,10,2.3,B_CLASS,2859,5,,26.95,1,Inland,Low,1,Masonry_Arch
2604,54.4188359176064,-6.18545072488323,Road_River,7135,8220,2.5,10,5.59999999999999,B_CLASS,4157,5,,26.32,1,Inland,Low,1,Masonry_Arch
2605,54.3001065188979,-6.4562421303412,Road_River,7142,9007,2.4,10,8.7,B_CLASS,3241,5,,25.06,1,Inland,Low,1,Masonry_Arch
2606,54.3298428199955,-6.45358192391763,Road_River,7144,8789,5.6,10,53.8,B_CLASS,4157,5,,27.91,1,Inland,Medium,1,RC_Slab
2607,54.3301192632904,-6.45822921358443,Road_River,7145,8789,4,10,14.1,B_CLASS,4157,5,,28.07,1,Inland,Low,1,Masonry_Arch
2608,54.3203544597358,-6.47374501640885,Road_River,7146,8918,2.4,10,8.09999999999999,B_CLASS,4157,5,,27.57,1,Inland,Low,1,Masonry_Arch
2609,54.3226598651462,-6.44669959572036,Road_River,7148,17205,9.9,10,0.700000000000003,B_CLASS,4157,5,,27,1,Inland,Medium,1,RC_Slab
2610,54.3153030137467,-6.44907512646845,Road_River,7149,8912,9.1,10,75,B_CLASS,3241,5,,26.33,1,Inland,Medium,2,RC_Slab
2611,54.4684447790216,-6.32956002623594,Road_River,7153,7368,3.7,10,19.5,B_CLASS,4157,5,,30.08,1,Inland,Low,1,Masonry_Arch
2612,54.403427164711,-6.35172523319651,Road_River,7164,7664,3.1,10,18.2,B_CLASS,4157,5,,33.8,1,Inland,Low,1,Masonry_Arch
2613,54.4446300495028,-6.27243056033671,Road_River,7192,11795,27.1,10,12,B_CLASS,3088,5,,28.43,1,Inland,High,5,Bespoke_Viaduct
2614,54.325543424618,-6.34133378570445,Road_River,7196,12346,2.9,10,39,B_CLASS,3623,5,,25.17,1,Inland,Low,1,Masonry_Arch
2615,54.3250232621948,-6.33914737949697,Road_River,7196,12346,4.4,10,64.1,B_CLASS,3623,5,,25.09,1,Inland,Low,1,Masonry_Arch
2616,54.3220852660212,-6.44640892672365,Road_River,7200,8912,4.6,10,58.6,B_CLASS,4157,5,,26.94,1,Inland,Medium,1,RC_Slab
2617,54.30722795793,-6.2017128704527,Road_River,7201,8903,3.5,10,49.2,B_CLASS,3546,5,,22.79,1,Inland,Medium,1,Masonry_Arch
2618,54.3069532816946,-6.20127838175261,Road_River,7202,8903,14.5,10,73.4,B_CLASS,3546,5,,22.75,1,Inland,Medium,3,RC_Slab
2619,54.3026958687973,-6.19895010462206,Road_River,7202,8903,3.1,10,21.5,B_CLASS,3546,5,,22.39,1,Inland,Low,1,Masonry_Arch
2620,54.313672291724,-6.22206794320161,Road_River,7204,8906,4.5,10,58.4,B_CLASS,3394,5,,23.57,1,Inland,Low,1,Masonry_Arch
2621,54.3346064505437,-6.25199713895839,Road_River,7206,8659,5,10,68.9,B_CLASS,4157,5,,25.73,1,Inland,Medium,1,RC_Slab
2622,54.341104506254,-6.26150674632448,Road_River,7207,8655,6.3,10,67.2,B_CLASS,4157,5,,26.44,1,Inland,Low,2,Masonry_Arch
2623,54.3407558689388,-6.26127162163142,Road_River,7207,8655,2.5,10,68,B_CLASS,4157,5,,26.4,1,Inland,Low,1,Masonry_Arch
2624,54.3406340285911,-6.26118945121214,Road_River,7207,8655,2.7,10,19.4,B_CLASS,4157,5,,26.39,1,Inland,Low,1,Masonry_Arch
2625,54.4424519634919,-6.26555809898782,Road_River,7215,11829,2.5,10,1,B_CLASS,2553,5,,28.23,1,Inland,Low,1,Masonry_Arch
2626,54.4534410190873,-6.26051922328806,Road_River,7217,11796,3.3,10,23.5,B_CLASS,2553,5,,27.23,1,Inland,Low,1,Masonry_Arch
2627,54.4426997618655,-6.26729762554584,Road_River,7221,11829,1.2,10,23.3,B_CLASS,3088,5,,28.3,1,Inland,Low,1,Culvert
2628,54.4350860460182,-6.26916527693854,Road_River,7221,11840,1.3,10,24.3,B_CLASS,3088,5,,28.92,1,Inland,Low,1,Culvert
2629,54.4276728318348,-6.44374307214982,Road_River,7222,7672,9.7,10,2.5,B_CLASS,4157,5,,37.8,1,Inland,Low,2,RC_Slab
2630,54.415631242475,-6.25712465120175,Road_River,7227,8228,26.1,10,23.1,B_CLASS,2783,5,,29.76,1,Inland,Medium,1,Bespoke_Viaduct
2631,54.5717757155036,-6.24800100362078,Road_River,7239,7106,1.8,10,23.7,B_CLASS,2859,5,,21.28,1,Inland,Low,1,Culvert
2632,54.5934454678931,-6.21451107824289,Road_River,7247,7064,11.2,10,26.4,B_CLASS,4157,5,,18.9,1,Inland,Low,2,RC_Slab
2633,54.4771372432492,-6.38333929861708,Road_River,7257,7444,2.8,10,19.5,B_CLASS,3012,5,,32.74,1,Inland,Low,1,Masonry_Arch
2634,54.4789794978741,-6.37940721927808,Road_River,7257,7491,2.5,10,6.2,B_CLASS,3012,5,,32.42,1,Inland,Low,1,Masonry_Arch
2635,54.4758087609186,-6.38725571937073,Road_River,7257,7498,11.8,10,39.6,B_CLASS,3012,5,,33.03,1,Inland,Low,2,RC_Slab
2636,54.4836618626342,-6.41088892005108,Road_River,7262,17039,2.1,10,43.8,B_CLASS,3317,5,,34.08,1,Inland,Low,1,Masonry_Arch
2637,54.5005808721017,-6.2273171042875,Road_River,7268,7261,2.2,10,4,B_CLASS,2630,5,,22.58,1,Inland,Low,1,Masonry_Arch
2638,54.519265042579,-6.26392823331002,Road_River,7274,7261,3.9,10,3.8,B_CLASS,2630,5,,23.82,1,Inland,Low,1,Masonry_Arch
2639,54.5661594883271,-6.24973488347974,Road_River,7278,7135,2.2,10,9.5,B_CLASS,3164,5,,21.49,1,Inland,Low,1,Masonry_Arch
2640,54.5401979671946,-6.22773184732055,Road_River,7283,7166,2.4,10,17.2,B_CLASS,3164,5,,20.82,1,Inland,Low,1,Masonry_Arch
2641,54.5367003456262,-6.19762223750907,Road_River,7284,7134,2.4,10,35.6,B_CLASS,4157,5,,19.13,1,Inland,Low,1,Masonry_Arch
2642,54.5330861651305,-6.1704401755896,Road_River,7285,7164,2.1,10,37.3,B_CLASS,3164,5,,17.68,1,Inland,Low,1,Masonry_Arch
2643,54.5695567091088,-6.30107682835535,Road_River,7289,17043,4.8,10,4.40000000000001,B_CLASS,1942,5,,24.7,1,Inland,Low,1,RC_Slab
2644,54.5530285459182,-6.30093914005188,Road_River,7290,7170,1.7,10,19.3,B_CLASS,2859,5,,25.01,1,Inland,Low,1,Culvert
2645,54.5400131321636,-6.3216068235349,Road_River,7295,7172,1.8,10,5.90000000000001,B_CLASS,2859,5,,26.64,1,Inland,Low,1,Culvert
2646,54.5195981500415,-6.27337431750145,Road_River,7298,17164,2.4,10,14.9,B_CLASS,3317,5,,24.37,1,Inland,Low,1,Masonry_Arch
2647,54.5120996869799,-6.31063243376128,Road_River,7300,7171,1.8,10,32.8,B_CLASS,2935,5,,26.91,1,Inland,Low,1,Culvert
2648,54.5119524799301,-6.31040553533796,Road_River,7300,7264,1.4,10,5.3,B_CLASS,2935,5,,26.9,1,Inland,Low,1,Culvert
2649,54.5111792451289,-6.30921370548015,Road_River,7300,7265,2,10,10.6,B_CLASS,2935,5,,26.86,1,Inland,Low,1,Masonry_Arch
2650,54.4983704860618,-6.31237136816459,Road_River,7304,7333,3.6,10,41,B_CLASS,2935,5,,27.6,1,Inland,Medium,1,Masonry_Arch
2651,54.5124152330056,-6.28618042035075,Road_River,7311,7263,2.3,10,16.9,B_CLASS,3317,5,,25.43,1,Inland,Low,1,Masonry_Arch
2652,54.5226200082476,-6.26531405423482,Road_River,7317,7216,1.3,10,14.3,B_CLASS,3317,5,,23.76,1,Inland,Low,1,Culvert
2653,54.5487644805533,-6.25172478615196,Road_River,7322,7166,3.5,10,2.90000000000001,B_CLASS,3164,5,,22.03,1,Inland,Low,1,Masonry_Arch
2654,54.6942258934553,-6.16931507878071,Road_River,7333,6767,2,10,30.8,B_CLASS,3776,5,,17.26,1,Inland,Low,1,Masonry_Arch
2655,54.7181617254054,-6.1502334106674,Road_River,7341,6704,3,10,18.5,B_CLASS,3164,5,,17.07,1,Inland,Low,1,Masonry_Arch
2656,54.7571997401344,-6.29611531510194,Road_River,7355,6605,1.3,10,20.6,B_CLASS,2553,5,,27.37,1,Inland,Low,1,Culvert
2657,54.7588035695555,-6.33494479484516,Road_River,7356,6475,1.5,10,31.5,B_CLASS,2553,5,,29.79,1,Inland,Low,1,Culvert
2658,54.7676847558585,-6.34079063143392,Road_River,7357,6385,9.9,10,26.1,B_CLASS,3470,5,,30.48,1,Inland,Low,2,RC_Slab
2659,54.7675635441776,-6.34605532968309,Road_River,7358,6382,2.8,10,34.6,B_CLASS,3470,5,,30.79,1,Inland,Low,1,Masonry_Arch
2660,54.7661235556541,-6.34300850999424,Road_River,7360,6387,1.9,10,9.40000000000001,B_CLASS,3470,5,,30.55,1,Inland,Low,1,Masonry_Arch
2661,54.7666280989194,-6.34412100696121,Road_River,7360,6479,3.2,10,35.2,B_CLASS,3470,5,,30.64,1,Inland,Low,1,Masonry_Arch
2662,54.7507896671468,-6.32314933108448,Road_River,7362,6476,3.7,10,13.2,B_CLASS,2553,5,,28.78,1,Inland,Low,1,Masonry_Arch
2663,54.7619798685028,-6.44771230039967,Road_River,7363,6494,4.6,10,40.1,B_CLASS,3546,5,,36.69,1,Inland,Medium,1,RC_Slab
2664,54.813302387408,-6.40348990793323,Road_River,7366,6153,3.7,10,44.6,B_CLASS,2630,5,,32.66,1,Inland,Low,1,Masonry_Arch
2665,54.8212020138976,-6.41793872457047,Road_River,7367,6152,5.9,10,67,B_CLASS,2248,5,,32.94,1,Inland,Low,1,RC_Slab
2666,54.772161879939,-6.43378859153304,Road_River,7368,6404,3.4,10,10,B_CLASS,2859,5,,36.27,1,Inland,Low,1,Masonry_Arch
2667,54.7793616977858,-6.41331129091999,Road_River,7369,6398,4.4,10,11.8,B_CLASS,2859,5,,35.31,1,Inland,Low,1,Masonry_Arch
2668,54.7755162679736,-6.34533021820782,Road_River,7373,6391,1.7,10,8.40000000000001,B_CLASS,3470,5,,31.07,1,Inland,Low,1,Culvert
2669,54.7866094818759,-6.37981366030544,Road_River,7378,6228,1.5,10,22.1,B_CLASS,2630,5,,33.27,1,Inland,Low,1,Culvert
2670,54.7973710304299,-6.34943893230163,Road_River,7379,6227,2.9,10,24.5,B_CLASS,2324,5,,31.01,1,Inland,Low,1,Masonry_Arch
2671,54.7980957060706,-6.35486263174291,Road_River,7380,6227,2.4,10,19.1,B_CLASS,2324,5,,31.22,1,Inland,Low,1,Masonry_Arch
2672,54.8017126406969,-6.35036477591387,Road_River,7382,6148,3,10,9.2,B_CLASS,2324,5,,30.74,1,Inland,Low,1,Masonry_Arch
2673,54.8126953552045,-6.33282582559143,Road_River,7386,6140,3.6,10,4.2,B_CLASS,2019,5,,29.09,1,Inland,Low,1,Masonry_Arch
2674,54.8124518346323,-6.35522689947979,Road_River,7387,6147,1.8,10,20.1,B_CLASS,2324,5,,30.22,1,Inland,Low,1,Culvert
2675,54.8017934202247,-6.35058284018075,Road_River,7387,6148,4.2,10,51.5,B_CLASS,2324,5,,30.74,1,Inland,Medium,1,Masonry_Arch
2676,54.7642105385299,-6.28223910774036,Road_River,7390,6465,1.3,10,13.8,B_CLASS,2935,5,,26.83,1,Inland,Low,1,Culvert
2677,54.8062879210582,-6.21153475052578,Road_River,7400,6121,1.8,10,26.7,B_CLASS,2553,5,,24.18,1,Inland,Low,1,Culvert
2678,54.8182780786331,-6.25045822442752,Road_River,7402,6128,9.5,10,2.40000000000001,B_CLASS,4157,5,,24.8,1,Inland,High,2,RC_Slab
2679,54.8071480303006,-6.17171379915953,Road_River,7403,6112,3.7,10,37.3,B_CLASS,2630,5,,21.97,1,Inland,Low,1,Masonry_Arch
2680,54.8242743920158,-6.17896976935412,Road_River,7406,5905,1.6,10,17.1,B_CLASS,2172,5,,21.32,1,Inland,Low,1,Culvert
2681,54.7908403026959,-6.1486239009394,Road_River,7407,6095,4,10,48.8,B_CLASS,2248,5,,20.82,1,Inland,Low,1,Masonry_Arch
2682,54.7982918706017,-6.15727127327537,Road_River,7409,6071,4.4,10,44.4,B_CLASS,2630,5,,21.7,1,Inland,Medium,1,Masonry_Arch
2683,54.800973639551,-6.16153849593659,Road_River,7409,6102,2.7,10,23.9,B_CLASS,2630,5,,21.77,1,Inland,Low,1,Masonry_Arch
2684,54.7915191903425,-6.22696874574419,Road_River,7414,6099,2,10,33.8,B_CLASS,2553,5,,25.02,1,Inland,Low,1,Masonry_Arch
2685,54.7940198335431,-6.22331288893407,Road_River,7414,6361,2.3,10,42.1,B_CLASS,2553,5,,24.97,1,Inland,Low,1,Masonry_Arch
2686,54.7902108973736,-6.22809698652123,Road_River,7414,6366,4,10,4.59999999999999,B_CLASS,2553,5,,25.01,1,Inland,Low,1,Masonry_Arch
2687,54.8104609871916,-6.21964361400003,Road_River,7418,6116,2.9,10,19.7,B_CLASS,2553,5,,24.14,1,Inland,Low,1,Masonry_Arch
2688,54.8114399860386,-6.21979894808653,Road_River,7418,6119,23.7,10,38.9,B_CLASS,2553,5,,24.06,1,Inland,Medium,1,Bespoke_Viaduct
2689,54.8094180434697,-6.22003868323614,Road_River,7418,6123,4.3,10,0.700000000000003,B_CLASS,2553,5,,24.25,1,Inland,Low,1,Masonry_Arch
2690,54.8051161621766,-6.2203780335823,Road_River,7419,6363,3.5,10,50.6,B_CLASS,2553,5,,24.63,1,Inland,Low,1,Masonry_Arch
2691,54.7819248200082,-6.24321831362041,Road_River,7420,6366,4,10,36.7,B_CLASS,3394,5,,25.4,1,Inland,Low,1,Masonry_Arch
2692,54.7803332519062,-6.24554663210892,Road_River,7420,6371,6.3,10,45.3,B_CLASS,3394,5,,25.45,1,Inland,Medium,2,Masonry_Arch
2693,54.8490477300304,-6.45456271537174,Road_River,7422,843,2.8,10,30.3,B_CLASS,1790,5,,33.48,1,Inland,Low,1,Masonry_Arch
2694,54.8383312845516,-6.44704852282452,Road_River,7422,5925,2.9,10,23.3,B_CLASS,1790,5,,33.59,1,Inland,Low,1,Masonry_Arch
2695,54.8401966787175,-6.44835778182977,Road_River,7422,5926,2.2,10,18.6,B_CLASS,1790,5,,33.57,1,Inland,Low,1,Masonry_Arch
2696,54.8307313858811,-6.43772821478589,Road_River,7423,5928,2.7,10,7,B_CLASS,3546,5,,33.48,1,Inland,Low,1,Masonry_Arch
2697,54.8198462678037,-6.32034834506008,Road_River,7424,5914,3.3,10,26.8,B_CLASS,3164,5,,27.96,1,Inland,Low,1,Masonry_Arch
2698,54.8239799709205,-6.35719177741737,Road_River,7425,5915,4.6,10,56.6,B_CLASS,3699,5,,29.54,1,Inland,Low,1,RC_Slab
2699,54.8221832863076,-6.35701507657629,Road_River,7425,6145,1.7,10,22.2,B_CLASS,3699,5,,29.65,1,Inland,Low,1,Culvert
2700,54.754056537787,-6.32525477523729,Road_River,7426,6475,1.4,10,29.6,B_CLASS,2553,5,,29.03,1,Inland,Low,1,Culvert
2701,54.8232972946902,-6.25765359471442,Road_River,7432,5907,3.2,10,57.3,B_CLASS,4157,5,,24.73,1,Inland,Low,1,Masonry_Arch
2702,54.8057144350292,-6.20795244711706,Road_River,7435,6122,6,10,58.6,B_CLASS,2553,5,,24.08,1,Inland,Medium,1,RC_Slab
2703,54.8185998691505,-6.19620216805847,Road_River,7438,6118,10.9,10,22.1,B_CLASS,2553,5,,22.49,1,Inland,High,2,RC_Slab
2704,54.8078130721712,-6.22769208459737,Road_River,7439,6363,2.1,10,10.3,B_CLASS,2553,5,,24.7,1,Inland,Low,1,Masonry_Arch
2705,54.7264944111708,-6.20464399585055,Road_River,7440,6673,4.9,10,59,B_CLASS,4157,5,,20.69,1,Inland,Low,1,RC_Slab
2706,54.8392742822261,-6.21170990624147,Road_River,7447,5771,1.2,10,26.3,B_CLASS,2477,5,,21.39,1,Inland,Low,1,Culvert
2707,54.8276883971367,-6.20575615943012,Road_River,7447,5906,1.7,10,7.3,B_CLASS,2477,5,,22.1,1,Inland,Low,1,Culvert
2708,54.8650727291018,-6.15987484013335,Road_River,7448,5663,2.6,10,26.9,B_CLASS,2019,5,,17.02,1,Inland,Low,1,Masonry_Arch
2709,54.8526202045146,-6.14006812583754,Road_River,7449,5767,2.7,10,11.4,B_CLASS,2095,5,,17.3,1,Inland,Low,1,Masonry_Arch
2710,54.8775859386655,-6.18181026336068,Road_River,7450,5565,3.7,10,26.1,B_CLASS,2019,5,,17.02,1,Inland,Low,1,Masonry_Arch
2711,54.8752859244117,-6.17927470003665,Road_River,7451,5564,1.4,10,2,B_CLASS,2019,5,,17.08,1,Inland,Low,1,Culvert
2712,54.8785859931398,-6.18291333194481,Road_River,7452,5565,2.4,10,38.4,B_CLASS,2019,5,,17,1,Inland,Low,1,Masonry_Arch
2713,54.8811447351039,-6.18597193201429,Road_River,7452,5566,3.4,10,21.7,B_CLASS,2019,5,,16.96,1,Inland,Low,1,Masonry_Arch
2714,54.8934058564524,-6.21694634791189,Road_River,7461,5364,2.4,10,6.40000000000001,B_CLASS,3012,5,,17.71,1,Inland,Low,1,Masonry_Arch
2715,54.893176751569,-6.21568603901198,Road_River,7461,5571,24.8,10,14.3,B_CLASS,3012,5,,17.66,1,Inland,High,5,Bespoke_Viaduct
2716,54.9822229485153,-6.21143381145282,Road_River,7466,4995,4,10,7.8,B_CLASS,3088,5,,13.23,1,Inland,Low,1,Masonry_Arch
2717,54.9436468662471,-6.25276922548422,Road_River,7471,5155,2.1,10,9.8,B_CLASS,2553,5,,17.48,1,Inland,Low,1,Masonry_Arch
2718,54.9485820193829,-6.26010031455686,Road_River,7471,5156,29.2,10,50,B_CLASS,2553,5,,17.79,1,Inland,High,5,Bespoke_Viaduct
2719,54.9821291656625,-6.24073568510881,Road_River,7475,822,4.1,10,3.90000000000001,B_CLASS,2172,5,,14.73,1,Inland,Low,1,Masonry_Arch
2720,54.873648628142,-6.31010929752144,Road_River,7477,5681,1.1,10,0.299999999999997,B_CLASS,4157,5,,23.97,1,Inland,Low,1,Culvert
2721,54.9314296333526,-6.4456433740305,Road_River,7479,5292,2.7,10,25,B_CLASS,2248,5,,28.86,1,Inland,Low,1,Masonry_Arch
2722,54.9195027859574,-6.41327366717334,Road_River,7479,5406,2.7,10,19.1,B_CLASS,2248,5,,27.82,1,Inland,Low,1,Masonry_Arch
2723,54.9598148572191,-6.41456458043489,Road_River,7481,5072,1.4,10,24.3,B_CLASS,1942,5,,25.6,1,Inland,Low,1,Culvert
2724,54.9576694269212,-6.40186373821519,Road_River,7481,5173,1.1,10,13.2,B_CLASS,1942,5,,24.98,1,Inland,Low,1,Culvert
2725,54.9623986941009,-6.43611681382228,Road_River,7481,5175,1.9,10,19.8,B_CLASS,1942,5,,26.73,1,Inland,Low,1,Masonry_Arch
2726,54.8818974258089,-6.42898314698627,Road_River,7485,5587,2.4,10,10.5,B_CLASS,2706,5,,30.47,1,Inland,Low,1,Masonry_Arch
2727,54.8805163637444,-6.43777595692977,Road_River,7485,5590,3,10,53.8,B_CLASS,2706,5,,31.05,1,Inland,Low,1,Masonry_Arch
2728,54.833912745171,-6.30482734713602,Road_River,7486,5910,32.4,10,8.8,B_CLASS,3164,5,,26.2,1,Inland,High,6,Bespoke_Viaduct
2729,54.8387698599591,-6.29913049033976,Road_River,7487,5909,2.1,10,32.3,B_CLASS,3699,5,,25.57,1,Inland,Low,1,Masonry_Arch
2730,54.8381467130704,-6.36746828976553,Road_River,7488,837,5.6,10,26.7,B_CLASS,3699,5,,29.19,1,Inland,Low,1,RC_Slab
2731,54.8378704667824,-6.36743792707781,Road_River,7488,5913,1.9,10,5,B_CLASS,3699,5,,29.21,1,Inland,Low,1,Masonry_Arch
2732,54.8832868029661,-6.33804616289857,Road_River,7500,5682,2.9,10,33,B_CLASS,3394,5,,25.06,1,Inland,Low,1,Masonry_Arch
2733,54.8695738467347,-6.29135496638546,Road_River,7506,5680,2.2,10,23.3,B_CLASS,4157,5,,23.18,1,Inland,Low,1,Masonry_Arch
2734,54.8846082595623,-6.37254400139361,Road_River,7507,5583,1.7,10,37,B_CLASS,3394,5,,27,1,Inland,Low,1,Culvert
2735,54.8888124899608,-6.35689844775828,Road_River,7509,5581,48,10,5.3,B_CLASS,3394,5,,25.89,1,Inland,High,8,Bespoke_Viaduct
2736,54.8837167989358,-6.35893862038102,Road_River,7510,5583,1.1,10,18.2,B_CLASS,3394,5,,26.25,1,Inland,Low,1,Culvert
2737,54.9004706572943,-6.3787286448355,Road_River,7512,5378,3.3,10,28.3,B_CLASS,2324,5,,26.7,1,Inland,Low,1,Masonry_Arch
2738,54.8949175411599,-6.36824678621514,Road_River,7513,5377,2.2,10,11.7,B_CLASS,2706,5,,26.29,1,Inland,Low,1,Masonry_Arch
2739,54.8999162422842,-6.36495453451885,Road_River,7514,5377,1.6,10,13.5,B_CLASS,2706,5,,25.89,1,Inland,Low,1,Culvert
2740,54.9002495702097,-6.36498593559016,Road_River,7514,5378,5.4,10,60,B_CLASS,2706,5,,25.88,1,Inland,Medium,1,RC_Slab
2741,54.9219456837645,-6.3653258752825,Road_River,7516,2684,8.7,10,18.9,B_CLASS,2706,5,,25.11,1,Inland,Low,2,Masonry_Arch
2742,54.9096858507845,-6.36954611616283,Road_River,7516,2696,13.2,10,32.3,B_CLASS,2706,5,,25.79,1,Inland,Low,3,Masonry_Arch
2743,54.9530922919004,-6.35126491105791,Road_River,7518,5164,23.1,10,3.7,B_CLASS,3012,5,,22.42,1,Inland,High,4,Bespoke_Viaduct
2744,54.9579350812294,-6.37354891483382,Road_River,7521,5167,1.1,10,16.8,B_CLASS,2172,5,,23.37,1,Inland,Low,1,Culvert
2745,54.9622090060052,-6.27842215165063,Road_River,7526,5158,1.4,10,1.7,B_CLASS,2477,5,,18,1,Inland,Low,1,Culvert
2746,54.9683692669137,-6.36746927870553,Road_River,7527,5070,1.6,10,9.8,B_CLASS,2095,5,,22.47,1,Inland,Low,1,Culvert
2747,54.9599092097067,-6.36309025325514,Road_River,7527,5167,3.5,10,44.8,B_CLASS,2095,5,,22.67,1,Inland,Low,1,Masonry_Arch
2748,54.9718509245508,-6.29864286793881,Road_River,7528,827,1.9,10,30.8,B_CLASS,2248,5,,18.44,1,Inland,Low,1,Masonry_Arch
2749,54.9820661510711,-6.31385438503482,Road_River,7528,5067,1.5,10,24.1,B_CLASS,2248,5,,18.7,1,Inland,Low,1,Culvert
2750,54.9956722730573,-6.3296303812183,Road_River,7533,5014,13.5,10,49.4,B_CLASS,2248,5,,18.96,1,Inland,Medium,3,Masonry_Arch
2751,54.9970751280084,-6.39291251797613,Road_River,7534,5021,2.9,10,3.40000000000001,B_CLASS,2095,5,,22.71,1,Inland,Low,1,Masonry_Arch
2752,54.9995654188207,-6.36121700912874,Road_River,7538,4882,4.9,10,31.7,B_CLASS,2706,5,,20.7,1,Inland,Low,1,RC_Slab
2753,55.0028080567125,-6.36032104685025,Road_River,7538,4884,15.4,10,41.8,B_CLASS,2706,5,,20.52,1,Inland,Medium,3,RC_Slab
2754,54.8553299546933,-6.27665422560064,Road_River,7542,5675,11.2,10,20.1,B_CLASS,3699,5,,23.3,1,Inland,Low,2,RC_Slab
2755,54.9586586575241,-6.32751123228355,Road_River,7546,826,3.7,10,13.5,B_CLASS,2859,5,,20.8,1,Inland,Low,1,Masonry_Arch
2756,54.8683074306071,-6.36486832088558,Road_River,7549,5684,2.4,10,23.4,B_CLASS,3394,5,,27.36,1,Inland,Low,1,Masonry_Arch
2757,54.9604773170062,-6.3215510508904,Road_River,7550,826,4.2,10,2,B_CLASS,2859,5,,20.37,1,Inland,Low,1,Masonry_Arch
2758,54.8830866672827,-6.42363690706283,Road_River,7551,5586,1.8,10,22.7,B_CLASS,2706,5,,30.1,1,Inland,Low,1,Culvert
2759,55.0283265934149,-6.13896626544623,Road_River,7554,10944,2.5,10,8.8,B_CLASS,1866,5,,6.41,1,Inland,Low,1,Masonry_Arch
2760,55.0269760542574,-6.14269358803516,Road_River,7554,10946,0.9,10,12.3,B_CLASS,1866,5,,6.69,1,Inland,Low,1,Culvert
2761,55.0324725288138,-6.13400924794297,Road_River,7554,10948,2.4,10,0.200000000000003,B_CLASS,1866,5,,5.88,1,Inland,Low,1,Masonry_Arch
2762,55.0240356863316,-6.14390870270393,Road_River,7554,10949,1.8,10,2.90000000000001,B_CLASS,1866,5,,6.95,1,Inland,Low,1,Culvert
2763,55.0213963198178,-6.14517796702762,Road_River,7554,10950,1.9,10,34.2,B_CLASS,1866,5,,7.19,1,Inland,Low,1,Masonry_Arch
2764,55.0224122720511,-6.42595249248788,Road_River,7557,4793,1.3,10,7.2,B_CLASS,2477,5,,22.83,1,Inland,Low,1,Culvert
2765,55.0263103993855,-6.43506121493487,Road_River,7557,4796,2,10,19.3,B_CLASS,2477,5,,22.23,1,Inland,Low,1,Masonry_Arch
2766,55.1872350964755,-6.29230015495067,Road_River,7559,10060,1.4,10,8.5,B_CLASS,2935,5,,3.53,1,Coastal,Low,1,Culvert
2767,55.1543188781821,-6.41097235667338,Road_River,7561,10193,11.2,10,24.4,B_CLASS,2019,5,,8.56,1,Inland,High,2,RC_Slab
2768,55.1544449205035,-6.40994138129658,Road_River,7561,10272,1.5,10,45,B_CLASS,2019,5,,8.55,1,Inland,Low,1,Culvert
2769,55.152871648282,-6.42023832528628,Road_River,7563,10273,1.4,10,40.8,B_CLASS,2019,5,,8.77,1,Inland,Low,1,Culvert
2770,55.1316403499201,-6.39789082848324,Road_River,7565,10345,2.3,10,45.1,B_CLASS,2401,5,,11.08,1,Inland,Low,1,Masonry_Arch
2771,55.1286561088663,-6.40403320990536,Road_River,7565,10347,1.9,10,16.5,B_CLASS,2401,5,,11.4,1,Inland,Low,1,Masonry_Arch
2772,55.1228234040536,-6.40877317603431,Road_River,7565,10452,1.7,10,4.3,B_CLASS,2401,5,,12.05,1,Inland,Low,1,Culvert
2773,55.1232706457957,-6.36109613208507,Road_River,7570,10436,4.9,10,30.4,B_CLASS,2859,5,,11.89,1,Inland,Low,1,RC_Slab
2774,55.1251665566699,-6.3557272770583,Road_River,7570,10438,1.6,10,10.1,B_CLASS,2859,5,,11.53,1,Inland,Low,1,Culvert
2775,55.1441537305324,-6.35853727626846,Road_River,7577,8100,5.1,10,15.4,B_CLASS,2324,5,,9.93,1,Inland,Low,1,RC_Slab
2776,55.1532073940797,-6.37611708076214,Road_River,7578,10336,3.3,10,9.59999999999999,B_CLASS,2859,5,,8.86,1,Inland,Low,1,Masonry_Arch
2777,55.1534187202256,-6.3648986715549,Road_River,7579,10267,2.5,10,0.799999999999997,B_CLASS,2324,5,,9.01,1,Inland,Low,1,Masonry_Arch
2778,55.1878498382652,-6.37361128966351,Road_River,7586,10064,6.9,10,8.2,B_CLASS,2859,5,,5.18,1,Inland,Low,2,Masonry_Arch
2779,55.1833045105624,-6.37625501818556,Road_River,7586,10067,1,10,8.7,B_CLASS,2859,5,,5.62,1,Inland,Low,1,Culvert
2780,55.1726391084998,-6.3420136856347,Road_River,7587,10059,1.2,10,12,B_CLASS,2324,5,,6.6,1,Inland,Low,1,Culvert
2781,55.1788046606223,-6.21168003508217,Road_River,7589,10021,1.6,10,51,B_CLASS,2019,5,,3.05,1,Coastal,Low,1,Culvert
2782,55.1604758190586,-6.20980602049305,Road_River,7589,10140,2.3,10,10.9,B_CLASS,2019,5,,5.04,1,Coastal,Low,1,Masonry_Arch
2783,55.144273471066,-6.237989837971,Road_River,7590,8430,1.7,10,2,B_CLASS,1637,5,,6.62,1,Inland,Low,1,Culvert
2784,55.1426395872566,-6.24442186394068,Road_River,7590,8437,2.2,10,17.3,B_CLASS,1637,5,,6.81,1,Inland,Low,1,Masonry_Arch
2785,55.1076390332678,-6.42072294406818,Road_River,7592,10584,3.2,10,46.8,B_CLASS,2935,5,,13.78,1,Inland,Low,1,Masonry_Arch
2786,55.1129841407921,-6.41793036355812,Road_River,7592,10587,19.3,10,0.599999999999994,B_CLASS,2935,5,,13.17,1,Inland,High,4,RC_Slab
2787,55.1192979006241,-6.36934806461432,Road_River,7593,10440,2.2,10,23.1,B_CLASS,2401,5,,12.56,1,Inland,Low,1,Masonry_Arch
2788,55.1160966937962,-6.37610418770398,Road_River,7593,10581,4.4,10,19.1,B_CLASS,2401,5,,12.92,1,Inland,Low,1,Masonry_Arch
2789,55.1814446560884,-6.32031590762325,Road_River,7597,10186,2.5,10,31.5,B_CLASS,1713,5,,5.18,1,Inland,Low,1,Masonry_Arch
2790,55.1822590017003,-6.31638338416745,Road_River,7597,10187,3.4,10,43.1,B_CLASS,1713,5,,4.95,1,Inland,Low,1,Masonry_Arch
2791,55.1403544977767,-6.37953221470023,Road_River,7598,8099,8.8,10,28.4,B_CLASS,2401,5,,10.23,1,Inland,Low,1,RC_Slab
2792,55.1391560095091,-6.27973897109265,Road_River,7600,8077,1.2,10,20.5,B_CLASS,1561,5,,7.68,1,Inland,Low,1,Culvert
2793,55.1386091466502,-6.2890602106321,Road_River,7600,8080,1.1,10,26.9,B_CLASS,1561,5,,7.97,1,Inland,Low,1,Culvert
2794,55.137877219278,-6.29431048699735,Road_River,7600,8084,3.8,10,16.3,B_CLASS,1561,5,,8.19,1,Inland,Low,1,Masonry_Arch
2795,55.1390666725906,-6.28288769172543,Road_River,7600,8086,2.4,10,5.09999999999999,B_CLASS,1561,5,,7.77,1,Inland,Low,1,Masonry_Arch
2796,55.1371240676409,-6.30202747426097,Road_River,7600,8090,9.4,10,0.400000000000006,B_CLASS,1561,5,,8.5,1,Inland,Low,1,RC_Slab
2797,55.1405822587249,-6.26732556345815,Road_River,7600,10319,5.8,10,53.2,B_CLASS,1561,5,,7.29,1,Inland,Medium,1,RC_Slab
2798,55.1407152019516,-6.27169036573147,Road_River,7600,10330,2,10,19.5,B_CLASS,1561,5,,7.35,1,Inland,Low,1,Masonry_Arch
2799,55.1405565744109,-6.27325694557342,Road_River,7600,10331,2.2,10,3,B_CLASS,1561,5,,7.4,1,Inland,Low,1,Masonry_Arch
2800,55.1420215509114,-6.24688286912056,Road_River,7601,8448,3.4,10,27.8,B_CLASS,1637,5,,6.89,1,Inland,Low,1,Masonry_Arch
2801,55.1415306397498,-6.24914952494154,Road_River,7601,10328,1.8,10,8.2,B_CLASS,1637,5,,6.96,1,Inland,Low,1,Culvert
2802,55.1406208395946,-6.26001722366302,Road_River,7601,10329,1.8,10,7.90000000000001,B_CLASS,1637,5,,7.17,1,Inland,Low,1,Culvert
2803,55.1477793950276,-6.21900254594338,Road_River,7602,8431,2.6,10,7.59999999999999,B_CLASS,2019,5,,6.32,1,Inland,Low,1,Masonry_Arch
2804,55.1544893408302,-6.21292311063406,Road_River,7602,8432,1.7,10,22.6,B_CLASS,2019,5,,5.65,1,Inland,Low,1,Culvert
2805,55.1555692569145,-6.21171810985968,Road_River,7602,10248,14.8,10,41.2,B_CLASS,2019,5,,5.55,1,Inland,Medium,1,Bespoke_Viaduct
2806,55.1277078741975,-6.33985668162852,Road_River,7606,10437,1.4,10,19.9,B_CLASS,2859,5,,10.73,1,Inland,Low,1,Culvert
2807,55.0754565190323,-6.38259376850198,Road_River,7609,8124,2.2,10,14.1,B_CLASS,2401,5,,17.05,1,Inland,Low,1,Masonry_Arch
2808,55.0806644368548,-6.37666872271412,Road_River,7609,8125,3.1,10,38.4,B_CLASS,2401,5,,16.36,1,Inland,Low,1,Masonry_Arch
2809,55.0820684197756,-6.4313502450834,Road_River,7616,4536,4.6,10,15.5,B_CLASS,3012,5,,16.59,1,Inland,Low,1,RC_Slab
2810,55.0863507706993,-6.42250611754085,Road_River,7616,4539,1.3,10,8.90000000000001,B_CLASS,3012,5,,16.14,1,Inland,Low,1,Culvert
2811,55.0927755694262,-6.41456071471696,Road_River,7617,4540,2.3,10,1.90000000000001,B_CLASS,3012,5,,15.4,1,Inland,Low,1,Masonry_Arch
2812,55.1023313212224,-6.3989842308909,Road_River,7619,8125,2.3,10,31.4,B_CLASS,2401,5,,14.33,1,Inland,Low,1,Masonry_Arch
2813,55.1094046958399,-6.38834329890655,Road_River,7619,10439,1.6,10,9.09999999999999,B_CLASS,2401,5,,13.58,1,Inland,Low,1,Culvert
2814,55.108552350887,-6.38974246803478,Road_River,7619,10579,8.1,10,4,B_CLASS,2401,5,,13.66,1,Inland,Low,2,Masonry_Arch
2815,55.1054480813524,-6.39406276494385,Road_River,7619,10580,1.8,10,10.8,B_CLASS,2401,5,,13.99,1,Inland,Low,1,Culvert
2816,55.1002201733851,-6.40302479726471,Road_River,7619,10585,3.8,10,25.3,B_CLASS,2401,5,,14.56,1,Inland,Low,1,Masonry_Arch
2817,55.0803746697301,-6.4354419985622,Road_River,7620,4542,10.5,10,18.6,B_CLASS,3012,5,,16.64,1,Inland,Low,2,RC_Slab
2818,55.2362844996643,-6.35496054715278,Road_River,7622,8146,2.4,10,1.90000000000001,B_CLASS,2095,5,,0.52,1,Marine,Low,1,Masonry_Arch
2819,55.1990872299678,-6.43404434036819,Road_River,7623,10076,1.5,10,43.5,B_CLASS,2401,5,,3.95,1,Coastal,Low,1,Culvert
2820,55.1994322900035,-6.40037259690601,Road_River,7624,9992,2.4,10,9.40000000000001,B_CLASS,2401,5,,3.55,1,Coastal,Low,1,Masonry_Arch
2821,55.1989098482112,-6.40817611861377,Road_River,7624,10075,1.6,10,2.09999999999999,B_CLASS,2401,5,,3.61,1,Coastal,Low,1,Culvert
2822,55.2255419173978,-6.32174020799816,Road_River,7630,8154,2.3,10,4.09999999999999,B_CLASS,2019,5,,0.71,1,Marine,Low,1,Masonry_Arch
2823,55.2117280529365,-6.27604309245414,Road_River,7634,9984,2.8,10,64.4,B_CLASS,2935,5,,0.77,1,Marine,Low,1,Masonry_Arch
2824,55.1992341166459,-6.2328178038743,Road_River,7637,9976,15.9,10,46.5,B_CLASS,4157,5,,0.55,1,Marine,High,3,RC_Slab
2825,55.1813776932654,-6.21254020173168,Road_River,7638,10022,4.2,10,3.7,B_CLASS,2401,5,,2.76,1,Coastal,Low,1,Masonry_Arch
2826,55.1833851755101,-6.21407209096653,Road_River,7638,10023,2.5,10,8.8,B_CLASS,2401,5,,2.52,1,Coastal,Low,1,Masonry_Arch
2827,55.1865600251848,-6.2177496145291,Road_River,7638,10025,6,10,41.5,B_CLASS,2401,5,,2.11,1,Coastal,Medium,1,RC_Slab
2828,55.197857654544,-6.36786771633812,Road_River,7642,10072,15.8,10,46.2,B_CLASS,2706,5,,4.28,1,Coastal,Medium,1,Bespoke_Viaduct
2829,55.196083632891,-6.36691636119672,Road_River,7643,10072,4.6,10,19.9,B_CLASS,2706,5,,4.48,1,Coastal,Low,1,RC_Slab
2830,55.1981844724837,-6.38478057138666,Road_River,7645,10071,2.5,10,42,B_CLASS,2401,5,,3.89,1,Coastal,Low,1,Masonry_Arch
2831,55.1972557527753,-6.37829165089121,Road_River,7645,10073,2.8,10,11.6,B_CLASS,2401,5,,4.09,1,Coastal,Low,1,Masonry_Arch
2832,55.2054858696774,-6.34126039181749,Road_River,7646,9986,3.6,10,32.5,B_CLASS,2706,5,,3.23,1,Coastal,Low,1,Masonry_Arch
2833,54.0857510155885,-6.0215827764355,Road_River,7651,13101,2.5,10,6.09999999999999,B_CLASS,2859,5,,3.18,1,Coastal,Low,1,Masonry_Arch
2834,54.0667886495372,-6.0073971600807,Road_River,7656,13429,1.9,10,23,B_CLASS,3623,5,,0.96,1,Marine,Low,1,Masonry_Arch
2835,54.2723824322117,-6.16143866581465,Road_River,7665,9125,2.7,10,3.09999999999999,B_CLASS,3317,5,,18.8,1,Inland,Low,1,Masonry_Arch
2836,54.2725879855844,-6.12722927429793,Road_River,7669,9122,28.1,10,24.5,B_CLASS,3394,5,,16.78,1,Inland,High,5,Bespoke_Viaduct
2837,54.2842383988098,-6.09338518806671,Road_River,7675,8996,10,10,31.9,B_CLASS,3546,5,,15.46,1,Inland,Low,1,RC_Slab
2838,54.2533560380641,-5.85557135768095,Road_River,7680,12334,7.5,10,7.8,B_CLASS,3699,5,,0.13,1,Marine,Low,1,RC_Slab
2839,54.2519576535514,-5.85918458048308,Road_River,7681,12335,1.5,10,12.6,B_CLASS,3699,5,,0.19,1,Marine,Low,1,Culvert
2840,54.1897372595193,-6.16703222694655,Road_River,7688,9745,2.3,10,18.9,B_CLASS,2630,5,,10.33,1,Inland,Low,1,Masonry_Arch
2841,54.1946082174573,-6.14686618289336,Road_River,7689,9630,1,10,17.6,B_CLASS,3317,5,,11.21,1,Inland,Low,1,Culvert
2842,54.1984243353543,-6.14618625395979,Road_River,7694,9627,2.7,10,10.6,B_CLASS,3317,5,,11.63,1,Inland,Low,1,Masonry_Arch
2843,54.1964838743423,-6.13551588603837,Road_River,7696,9628,25.7,10,4.8,B_CLASS,3317,5,,11.66,1,Inland,Medium,1,Bespoke_Viaduct
2844,54.2251479717452,-6.07488147283179,Road_River,7699,9532,1.9,10,12,B_CLASS,2706,5,,11.93,1,Inland,Low,1,Masonry_Arch
2845,54.2274714084426,-6.06180112409343,Road_River,7701,9430,2.1,10,31.4,B_CLASS,2706,5,,11.16,1,Inland,Low,1,Masonry_Arch
2846,54.2200389868425,-6.08668008406392,Road_River,7707,9534,3.1,10,16.8,B_CLASS,3012,5,,12.6,1,Inland,Low,1,Masonry_Arch
2847,54.2160374313931,-6.03283577121498,Road_River,7712,9531,4.1,10,53.2,B_CLASS,2783,5,,9.1,1,Inland,Medium,1,Masonry_Arch
2848,54.214649671003,-5.89827227062772,Road_River,7728,12448,12.5,10,21.9,B_CLASS,4157,5,,0.71,1,Marine,Low,3,Masonry_Arch
2849,54.2112713749339,-5.89727360375092,Road_River,7728,12449,4.9,10,23.8,B_CLASS,4157,5,,0.49,1,Marine,Low,1,RC_Slab
2850,54.2144960909661,-5.89294019386564,Road_River,7730,12381,8.1,10,2,B_CLASS,4157,5,,0.43,1,Marine,Low,1,RC_Slab
2851,54.2404755270579,-5.88719255004827,Road_River,7735,12194,2.9,10,22.5,B_CLASS,2477,5,,1.76,1,Marine,Low,1,Masonry_Arch
2852,54.2391515815973,-5.90154636352329,Road_River,7738,12190,2.9,10,2.5,B_CLASS,4157,5,,2.68,1,Coastal,Low,1,Masonry_Arch
2853,54.2341230322193,-5.9177933748498,Road_River,7740,12381,7.8,10,17.1,B_CLASS,2859,5,,3.03,1,Coastal,Low,2,Masonry_Arch
2854,54.2279900938337,-5.93692617541963,Road_River,7742,12411,1.3,10,10.8,B_CLASS,2859,5,,3.6,1,Coastal,Low,1,Culvert
2855,54.2225719784157,-5.97909876000701,Road_River,7743,12464,1.7,10,41.3,B_CLASS,3088,5,,5.87,1,Inland,Low,1,Culvert
2856,54.222358035412,-5.91438758145307,Road_River,7746,12409,3,10,37.2,B_CLASS,2859,5,,2.05,1,Coastal,Low,1,Masonry_Arch
2857,54.182571254434,-6.14289770932637,Road_River,7747,9742,9.9,10,6.2,B_CLASS,3317,5,,10.05,1,Inland,Low,2,RC_Slab
2858,54.1651983409883,-6.14708138438765,Road_River,7749,9815,2,10,22.5,B_CLASS,1866,5,,8.17,1,Inland,Low,1,Masonry_Arch
2859,54.1634943590618,-6.14804799922755,Road_River,7749,9816,4,10,1.7,B_CLASS,1866,5,,7.97,1,Inland,Low,1,Masonry_Arch
2860,54.1258390190867,-6.16962165495921,Road_River,7749,12603,4.5,10,48.1,B_CLASS,1866,5,,3.62,1,Inland,Medium,1,Masonry_Arch
2861,54.1384392521109,-6.16336427388028,Road_River,7749,13085,2,10,19.3,B_CLASS,1866,5,,5.04,1,Inland,Low,1,Masonry_Arch
2862,54.1891733487702,-6.07887445597314,Road_River,7750,9620,2.2,10,17.2,B_CLASS,2324,5,,12.12,1,Inland,Low,1,Masonry_Arch
2863,54.1945770955584,-6.1018342673635,Road_River,7750,9623,3.3,10,1.59999999999999,B_CLASS,2324,5,,12.41,1,Inland,Low,1,Masonry_Arch
2864,54.1792693685713,-6.05692184679046,Road_River,7751,9723,1.2,10,2.90000000000001,B_CLASS,1713,5,,10.96,1,Inland,Low,1,Culvert
2865,54.1828101585992,-6.06621087977135,Road_River,7751,9725,17.1,10,75,B_CLASS,1713,5,,11.45,1,Inland,High,1,Bespoke_Viaduct
2866,54.18228828589,-6.06553875249433,Road_River,7751,9725,36.6,10,75,B_CLASS,1713,5,,11.42,1,Inland,High,7,Bespoke_Viaduct
2867,54.1811672837245,-6.06412664510314,Road_River,7751,9725,34.3,10,75,B_CLASS,1713,5,,11.36,1,Inland,High,6,Bespoke_Viaduct
2868,54.1810530447218,-6.06398274113568,Road_River,7751,9725,22.2,10,75,B_CLASS,1713,5,,11.35,1,Inland,High,1,Bespoke_Viaduct
2869,54.1777448837129,-6.05002751538667,Road_River,7751,9726,1.8,10,23.3,B_CLASS,1713,5,,10.57,1,Inland,Low,1,Culvert
2870,54.1757646673083,-6.04689804514521,Road_River,7751,9727,2.7,10,41.1,B_CLASS,1713,5,,10.43,1,Inland,Low,1,Masonry_Arch
2871,54.1739239843816,-6.04558039779334,Road_River,7752,9728,2.1,10,26.8,B_CLASS,1713,5,,10.4,1,Inland,Low,1,Masonry_Arch
2872,54.1711376660089,-6.04783874900939,Road_River,7752,9731,1.2,10,13.7,B_CLASS,1713,5,,10.64,1,Inland,Low,1,Culvert
2873,54.1694357151396,-6.04939796665341,Road_River,7752,9732,1.2,10,9.59999999999999,B_CLASS,1713,5,,10.79,1,Inland,Low,1,Culvert
2874,54.1633459601053,-6.05295070945239,Road_River,7752,9802,1,10,30.4,B_CLASS,1713,5,,10.99,1,Inland,Low,1,Culvert
2875,54.1471770181026,-6.05689312108286,Road_River,7756,12975,2.6,10,50.4,B_CLASS,1713,5,,9.67,1,Inland,Low,1,Masonry_Arch
2876,54.1474962318829,-6.05684248361938,Road_River,7756,12975,5.3,10,70.5,B_CLASS,1713,5,,9.71,1,Inland,Low,1,RC_Slab
2877,54.1504815927137,-6.05643794595711,Road_River,7756,12975,4.6,10,75,B_CLASS,1713,5,,10.03,1,Inland,Low,1,RC_Slab
2878,54.15163190547,-6.05641584421175,Road_River,7756,12975,8.1,10,75,B_CLASS,1713,5,,10.16,1,Inland,Low,1,RC_Slab
2879,54.1553294072898,-6.05603021723698,Road_River,7756,12975,3.6,10,75,B_CLASS,1713,5,,10.56,1,Inland,Low,1,Masonry_Arch
2880,54.1554009266536,-6.05601314566176,Road_River,7756,12975,2.3,10,60.7,B_CLASS,1713,5,,10.57,1,Inland,Low,1,Masonry_Arch
2881,54.1595326471954,-6.05483345795915,Road_River,7756,12975,10.1,10,75,B_CLASS,1713,5,,10.99,1,Inland,Low,2,RC_Slab
2882,54.1270775020128,-6.03748279284885,Road_River,7756,13052,4.5,10,7.2,B_CLASS,1713,5,,7.74,1,Inland,Low,1,Masonry_Arch
2883,54.3217604766643,-6.159310081721,Road_River,7760,8771,4.8,10,26.7,B_CLASS,2935,5,,20.98,1,Inland,Low,1,RC_Slab
2884,54.3571213503765,-6.03213131979449,Road_River,7762,12033,2.8,10,50.2,B_CLASS,3241,5,,15.76,1,Inland,Low,1,Masonry_Arch
2885,54.340699427079,-6.05435894816506,Road_River,7765,12081,4.1,10,9.59999999999999,B_CLASS,2553,5,,16.09,1,Inland,Low,1,Masonry_Arch
2886,54.4078395625368,-5.906769500841,Road_River,7768,11870,1.5,10,29.3,B_CLASS,3776,5,,14.84,1,Inland,Low,1,Culvert
2887,54.4024834898373,-5.9354651537785,Road_River,7772,11872,3.1,10,39.7,B_CLASS,3776,5,,15.2,1,Inland,Low,1,Masonry_Arch
2888,54.4025932455285,-5.93659726460229,Road_River,7772,11935,2.4,10,1.90000000000001,B_CLASS,3776,5,,15.24,1,Inland,Low,1,Masonry_Arch
2889,54.398993519827,-5.94995310928218,Road_River,7773,11935,2.5,10,35.2,B_CLASS,2630,5,,15.36,1,Inland,Low,1,Masonry_Arch
2890,54.398741882456,-5.93729857186584,Road_River,7775,11935,0.9,10,5.5,B_CLASS,3776,5,,14.9,1,Inland,Low,1,Culvert
2891,54.39081149659,-5.8607934836465,Road_River,7776,11929,7.3,10,14.6,B_CLASS,3928,5,,11.52,1,Inland,Low,2,Masonry_Arch
2892,54.3938382288488,-5.87899210915862,Road_River,7776,11933,13.4,10,33.3,B_CLASS,3928,5,,12.74,1,Inland,Low,3,Masonry_Arch
2893,54.3973555152872,-5.85829303945471,Road_River,7777,11811,2.4,10,26.9,B_CLASS,3928,5,,11.52,1,Inland,Low,1,Masonry_Arch
2894,54.3994534970606,-5.8652345075511,Road_River,7777,11931,3.5,10,40.5,B_CLASS,3928,5,,12.01,1,Inland,Medium,1,Masonry_Arch
2895,54.2954997100514,-5.90591591494156,Road_River,7787,12151,3.7,10,21.5,B_CLASS,3241,5,,5.3,1,Inland,Low,1,Masonry_Arch
2896,54.3599933976568,-5.9005030709173,Road_River,7788,12204,2.5,10,25.3,B_CLASS,2935,5,,10,1,Inland,Low,1,Masonry_Arch
2897,54.3548118177919,-5.89579734538446,Road_River,7789,12202,3.6,10,25.9,B_CLASS,2935,5,,9.35,1,Inland,Low,1,Masonry_Arch
2898,54.304856624524,-5.8929055939374,Road_River,7794,12076,3.3,10,37.2,B_CLASS,3012,5,,5.09,1,Inland,Low,1,Masonry_Arch
2899,54.4355295474369,-5.99497062872844,Road_River,7804,11820,5,10,36.7,B_CLASS,3241,5,,18.83,1,Inland,Low,1,RC_Slab
2900,54.4143272966935,-6.15133773850551,Road_River,7807,11888,14.1,10,2.2,B_CLASS,4157,5,,25.36,1,Inland,High,3,RC_Slab
2901,54.4126613361901,-6.12405840971039,Road_River,7813,11823,2.1,10,5.8,B_CLASS,4157,5,,24.2,1,Inland,Low,1,Masonry_Arch
2902,54.3013388971301,-6.14304677786124,Road_River,7814,8895,17.4,10,27.5,B_CLASS,2935,5,,19.18,1,Inland,High,3,RC_Slab
2903,54.3164573979433,-6.06351031135218,Road_River,7816,8893,2.9,10,24.6,B_CLASS,2553,5,,15.16,1,Inland,Low,1,Masonry_Arch
2904,54.2995314969896,-5.90113418718079,Road_River,7824,12150,1.1,10,19.4,B_CLASS,3012,5,,5.21,1,Inland,Low,1,Culvert
2905,54.4002894281182,-5.89920212367921,Road_River,7832,11932,7.7,10,39.1,B_CLASS,3928,5,,13.94,1,Inland,Low,2,Masonry_Arch
2906,54.4169549275771,-5.93138381043161,Road_River,7834,11875,10.7,10,11.5,B_CLASS,3776,5,,16.49,1,Inland,Low,1,Bespoke_Viaduct
2907,54.4590911040331,-6.08704815000885,Road_River,7849,8200,1.1,10,5.59999999999999,B_CLASS,3928,5,,18.91,1,Inland,Low,1,Culvert
2908,54.4583627082079,-6.09974071357039,Road_River,7850,11785,3.8,10,36.3,B_CLASS,3928,5,,19.45,1,Inland,Low,1,Masonry_Arch
2909,54.4559951347355,-6.10194982400055,Road_River,7852,11785,8.2,10,61.4,B_CLASS,3928,5,,19.75,1,Inland,Medium,2,Masonry_Arch
2910,54.4491362211816,-6.10563052554893,Road_River,7853,11785,4.2,10,27.5,B_CLASS,3928,5,,20.51,1,Inland,Low,1,Masonry_Arch
2911,54.446054338993,-6.10747417357408,Road_River,7853,11786,1.2,10,12,B_CLASS,3928,5,,20.85,1,Inland,Low,1,Culvert
2912,54.4114426216662,-6.07644701330935,Road_River,7856,11881,1.7,10,5.8,B_CLASS,3546,5,,21.78,1,Inland,Low,1,Culvert
2913,54.5081658027773,-6.02275271955884,Road_River,7863,8612,2.1,10,44.6,B_CLASS,4157,5,,12.08,1,Inland,Low,1,Masonry_Arch
2914,54.5080879647753,-6.02233791664719,Road_River,7863,8612,2,10,29.9,B_CLASS,4157,5,,12.08,1,Inland,Low,1,Masonry_Arch
2915,54.514784551973,-5.88871292458905,Road_River,7877,8607,2.2,10,27,B_CLASS,3546,5,,9.65,1,Inland,Low,1,Masonry_Arch
2916,54.4960009398355,-5.93962429082665,Road_River,7884,11721,1.2,10,1,B_CLASS,2630,5,,11.57,1,Inland,Low,1,Culvert
2917,54.5146325006519,-5.99371619317931,Road_River,7892,8584,4.2,10,2.90000000000001,B_CLASS,3164,5,,10.53,1,Inland,Low,1,Masonry_Arch
2918,54.5144260956117,-6.09459381726007,Road_River,7893,11684,5,10,46.9,B_CLASS,4157,5,,14.64,1,Inland,Medium,1,RC_Slab
2919,54.5113920899302,-5.99794256050051,Road_River,7895,8613,1.2,10,6,B_CLASS,3164,5,,10.98,1,Inland,Low,1,Culvert
2920,54.4773518657458,-6.00683226433008,Road_River,7904,11724,5.5,10,54.8,B_CLASS,3241,5,,14.66,1,Inland,Medium,1,RC_Slab
2921,54.4797276299112,-5.99488489808432,Road_River,7904,11725,4,10,49.7,B_CLASS,3241,5,,14.14,1,Inland,Low,1,Masonry_Arch
2922,54.4752367937685,-6.01109991897985,Road_River,7905,11726,11,10,21.7,B_CLASS,3241,5,,14.98,1,Inland,Low,2,RC_Slab
2923,54.4741504983619,-6.01587273819155,Road_River,7906,11783,2.1,10,0.200000000000003,B_CLASS,3470,5,,15.21,1,Inland,Low,1,Masonry_Arch
2924,54.4708211142531,-6.04036329611605,Road_River,7906,11784,1.9,10,21.8,B_CLASS,3470,5,,16.23,1,Inland,Low,1,Masonry_Arch
2925,54.5214661184868,-6.12484283419401,Road_River,7909,8590,1.4,10,4.5,B_CLASS,4157,5,,15.73,1,Inland,Low,1,Culvert
2926,54.4785314070876,-5.9300485010721,Road_River,7913,11769,3.4,10,17.1,B_CLASS,3317,5,,13.46,1,Inland,Low,1,Masonry_Arch
2927,54.5260220233661,-5.96781945130471,Road_River,7932,11673,1.4,10,6.3,B_CLASS,3241,5,,8.71,1,Inland,Low,1,Culvert
2928,54.5243301008617,-5.97437127160981,Road_River,7932,11674,1.7,10,27.7,B_CLASS,3241,5,,9.04,1,Inland,Low,1,Culvert
2929,54.5471974567086,-6.02806003150952,Road_River,7937,11618,2.8,10,24.9,B_CLASS,4157,5,,9.02,1,Inland,Low,1,Masonry_Arch
2930,54.5353336528554,-5.98304453984734,Road_River,7938,11649,49.4,10,11.2,B_CLASS,4157,5,,8.18,1,Inland,High,9,Bespoke_Viaduct
2931,54.5554403840879,-6.02646875409635,Road_River,7942,11621,2.5,10,22.2,B_CLASS,4157,5,,8.37,1,Inland,Low,1,Masonry_Arch
2932,54.5334059947452,-6.01738419906828,Road_River,7944,12197,26.2,10,12,B_CLASS,4157,5,,9.62,1,Inland,High,5,Bespoke_Viaduct
2933,54.5443903464862,-5.93051625300308,Road_River,7946,11640,2.2,10,19.9,B_CLASS,4157,5,,6.17,1,Inland,Low,1,Masonry_Arch
2934,54.5354669219208,-5.9441154094464,Road_River,7947,11643,1.8,10,6.40000000000001,B_CLASS,4157,5,,7.28,1,Inland,Low,1,Culvert
2935,54.5483825099107,-5.94948639504876,Road_River,7948,11640,6.1,10,56.4,B_CLASS,4157,5,,5.98,1,Inland,Medium,1,RC_Slab
2936,54.5383782478569,-5.9453755439735,Road_River,7948,11643,2.6,10,4.8,B_CLASS,4157,5,,6.98,1,Inland,Low,1,Masonry_Arch
2937,54.5282355610005,-5.95675354553916,Road_River,7949,11672,2.1,10,11.3,B_CLASS,3241,5,,8.26,1,Inland,Low,1,Masonry_Arch
2938,54.5661851664529,-6.01412200257061,Road_River,7967,11619,21.8,10,42.7,B_CLASS,4157,5,,7.04,1,Inland,High,4,Bespoke_Viaduct
2939,54.5629319060568,-6.02040779555525,Road_River,7968,11620,2.6,10,30.4,B_CLASS,4157,5,,7.58,1,Inland,Low,1,Masonry_Arch
2940,54.5924351239412,-6.04350558465975,Road_River,7974,11558,3.2,10,41.8,B_CLASS,3546,5,,7.91,1,Inland,Low,1,Masonry_Arch
2941,54.5930541330956,-6.05256727271235,Road_River,7974,11563,2.2,10,24.4,B_CLASS,3546,5,,8.49,1,Inland,Low,1,Masonry_Arch
2942,54.5868120822059,-6.03439149149987,Road_River,7975,11557,1.2,10,26.6,B_CLASS,2324,5,,7.43,1,Inland,Low,1,Culvert
2943,54.5920781490629,-6.04032257720106,Road_River,7975,11559,25.8,10,6.7,B_CLASS,2324,5,,7.71,1,Inland,High,5,Bespoke_Viaduct
2944,54.5844088237853,-6.0315965733312,Road_River,7975,11595,1.7,10,1.2,B_CLASS,2324,5,,7.31,1,Inland,Low,1,Culvert
2945,54.5891736977579,-5.99782043872892,Road_River,7976,11592,3.1,10,5.09999999999999,B_CLASS,2324,5,,5.07,1,Inland,Low,1,Masonry_Arch
2946,54.5824696624191,-5.97942887774109,Road_River,7980,11592,2,10,19.4,B_CLASS,4157,5,,4.2,1,Coastal,Low,1,Masonry_Arch
2947,54.6425107113425,-5.83224193982704,Road_River,7982,12258,2.7,10,6.59999999999999,B_CLASS,1790,5,,0.21,1,Marine,Low,1,Masonry_Arch
2948,54.6147173662689,-5.86182637293582,Road_River,7986,11413,8.6,10,62.8,B_CLASS,4157,5,,1.63,1,Coastal,Medium,1,RC_Slab
2949,54.6180873982433,-5.9368470011434,Road_River,8015,12263,3,10,41.9,B_CLASS,4157,5,,1.31,1,Marine,Medium,1,Masonry_Arch
2950,54.6153950190262,-5.92613088795724,Road_River,8017,12263,4.5,10,22.2,B_CLASS,4157,5,,0.56,1,Marine,Low,1,Masonry_Arch
2951,54.6022671931073,-5.96770124578239,Road_River,8022,8583,10,10,13.6,B_CLASS,4157,5,,2.98,1,Coastal,Low,1,RC_Slab
2952,54.594064993845,-5.93698948489354,Road_River,8037,12269,16.1,10,10.2,B_CLASS,4157,5,,1.19,1,Coastal,High,3,RC_Slab
2953,54.6464469426348,-6.06682685998003,Road_River,8044,6886,7.7,10,39.4,B_CLASS,2859,5,,9.77,1,Inland,Low,1,RC_Slab
2954,54.6422655162319,-6.05767807373231,Road_River,8044,6887,2.4,10,19.3,B_CLASS,2859,5,,9.17,1,Inland,Low,1,Masonry_Arch
2955,54.6181161173956,-6.12653483567538,Road_River,8051,7020,11,10,22.8,B_CLASS,4157,5,,13.34,1,Inland,Low,2,RC_Slab
2956,54.6219976894724,-6.10412179084014,Road_River,8054,6955,4.6,10,17,B_CLASS,3012,5,,11.97,1,Inland,Low,1,RC_Slab
2957,54.6151591165356,-6.11892275012122,Road_River,8057,7019,3.6,10,5.2,B_CLASS,3012,5,,12.81,1,Inland,Low,1,Masonry_Arch
2958,54.5837434669228,-6.14078386635246,Road_River,8059,7102,3.8,10,27.3,B_CLASS,3394,5,,14.25,1,Inland,Low,1,Masonry_Arch
2959,54.5890966838489,-6.11639303806938,Road_River,8061,7059,7,10,57.6,B_CLASS,3317,5,,12.63,1,Inland,Medium,2,Masonry_Arch
2960,54.5624812266072,-6.09229697271833,Road_River,8063,7100,4.5,10,7.90000000000001,B_CLASS,2859,5,,11.77,1,Inland,Low,1,Masonry_Arch
2961,54.5722086805257,-6.09953129062829,Road_River,8064,7103,1.9,10,33.2,B_CLASS,3317,5,,11.88,1,Inland,Low,1,Masonry_Arch
2962,54.5815961338619,-6.07662082786639,Road_River,8065,7101,1.4,10,7.5,B_CLASS,3546,5,,10.21,1,Inland,Low,1,Culvert
2963,54.6087737355168,-6.1023949782357,Road_River,8071,7017,3.8,10,49.6,B_CLASS,3012,5,,11.69,1,Inland,Low,1,Masonry_Arch
2964,54.7999014856254,-5.8306278310325,Road_River,8077,11374,10.5,10,2.8,B_CLASS,3470,5,,3.18,1,Coastal,Low,2,RC_Slab
2965,54.6867554173029,-6.0320708664498,Road_River,8079,6763,1.9,10,22.9,B_CLASS,3546,5,,8.78,1,Inland,Low,1,Masonry_Arch
2966,54.6856889209989,-6.02743072558305,Road_River,8079,6764,2.5,10,45.4,B_CLASS,3546,5,,8.46,1,Inland,Medium,1,Masonry_Arch
2967,54.7753612656373,-6.02659194994818,Road_River,8084,6340,9.8,10,29.5,B_CLASS,2859,5,,13.96,1,Inland,Low,2,RC_Slab
2968,54.7508345980106,-5.99800019332325,Road_River,8089,6443,12.4,10,6.3,B_CLASS,3623,5,,10.7,1,Inland,High,3,Masonry_Arch
2969,54.7498374329509,-5.99097466204874,Road_River,8091,6441,4.6,10,48.2,B_CLASS,3623,5,,10.32,1,Inland,Medium,1,RC_Slab
2970,54.7498284336033,-5.97045096717518,Road_River,8092,6440,1.5,10,1.5,B_CLASS,3623,5,,9.44,1,Inland,Low,1,Culvert
2971,54.7489159072492,-5.97358150543666,Road_River,8093,6440,1.9,10,39.1,B_CLASS,3623,5,,9.5,1,Inland,Low,1,Masonry_Arch
2972,54.7484789516326,-5.97787896579473,Road_River,8093,6583,2.5,10,26.6,B_CLASS,3623,5,,9.64,1,Inland,Low,1,Masonry_Arch
2973,54.7496545498172,-5.99688059358918,Road_River,8099,6441,3.4,10,25.5,B_CLASS,3623,5,,10.55,1,Inland,Low,1,Masonry_Arch
2974,54.7382650425159,-6.04703004517642,Road_River,8103,6591,23.4,10,6.7,B_CLASS,3012,5,,12.08,1,Inland,Medium,1,Bespoke_Viaduct
2975,54.7309931343276,-6.0357298670799,Road_River,8106,6590,13,10,12.8,B_CLASS,2783,5,,11.02,1,Inland,High,3,Masonry_Arch
2976,54.7390399069227,-5.9859163423778,Road_River,8111,6587,2.1,10,0.299999999999997,B_CLASS,3317,5,,9.21,1,Inland,Low,1,Masonry_Arch
2977,54.7205909370119,-6.00481667855188,Road_River,8113,6661,1.7,10,16.8,B_CLASS,3317,5,,8.73,1,Inland,Low,1,Culvert
2978,54.712772099699,-6.00029337732172,Road_River,8116,6660,2.4,10,5.40000000000001,B_CLASS,4157,5,,8,1,Inland,Low,1,Masonry_Arch
2979,54.713361222425,-5.99345876984008,Road_River,8117,6660,2.6,10,34,B_CLASS,3317,5,,7.67,1,Inland,Low,1,Masonry_Arch
2980,54.7576978164952,-5.92103785857853,Road_River,8122,9848,4.4,10,6.59999999999999,B_CLASS,2630,5,,7.81,1,Inland,Low,1,Masonry_Arch
2981,54.7646661633768,-5.91175381234445,Road_River,8123,9849,1.3,10,36.7,B_CLASS,2630,5,,8.03,1,Inland,Low,1,Culvert
2982,54.7345079316084,-5.81952358520065,Road_River,8124,8535,2.5,10,2.2,B_CLASS,4157,5,,2.32,1,Coastal,Low,1,Masonry_Arch
2983,54.7346493183407,-5.81741221198818,Road_River,8124,8536,2,10,22,B_CLASS,4157,5,,2.25,1,Coastal,Low,1,Masonry_Arch
2984,54.7331549540933,-5.8303589827686,Road_River,8124,8543,2,10,9.5,B_CLASS,4157,5,,2.61,1,Coastal,Low,1,Masonry_Arch
2985,54.7339583845476,-5.82598700557724,Road_River,8124,11467,2.4,10,1,B_CLASS,4157,5,,2.52,1,Coastal,Low,1,Masonry_Arch
2986,54.7310128993222,-5.83566318687127,Road_River,8125,8550,1.6,10,50.8,B_CLASS,2401,5,,2.45,1,Coastal,Low,1,Culvert
2987,54.7315205399631,-5.83452161693518,Road_River,8125,8550,2.6,10,20,B_CLASS,2401,5,,2.48,1,Coastal,Low,1,Masonry_Arch
2988,54.7288229803022,-5.83821239225929,Road_River,8127,11468,5.4,10,15.9,B_CLASS,2401,5,,2.27,1,Coastal,Low,1,RC_Slab
2989,54.753963117724,-5.8714767115472,Road_River,8133,8526,2.7,10,11,B_CLASS,2401,5,,5.67,1,Inland,Low,1,Masonry_Arch
2990,54.7120802819609,-5.84862391686951,Road_River,8134,11470,2,10,7.09999999999999,B_CLASS,2401,5,,0.93,1,Coastal,Low,1,Masonry_Arch
2991,54.7304419979732,-5.83917195584189,Road_River,8135,8544,5.3,10,59.2,B_CLASS,2401,5,,2.46,1,Coastal,Low,1,RC_Slab
2992,54.7302485857822,-5.83847004178505,Road_River,8135,8548,3.1,10,6.59999999999999,B_CLASS,2401,5,,2.42,1,Coastal,Low,1,Masonry_Arch
2993,54.7459670634833,-5.86973238566075,Road_River,8135,11451,2.8,10,16,B_CLASS,2401,5,,4.83,1,Coastal,Low,1,Masonry_Arch
2994,54.7389287366483,-5.86163560685804,Road_River,8135,11458,1.4,10,24.7,B_CLASS,2401,5,,3.9,1,Coastal,Low,1,Culvert
2995,54.6810041213609,-6.00842342755752,Road_River,8141,6760,2.7,10,10.9,B_CLASS,4157,5,,7.14,1,Inland,Low,1,Masonry_Arch
2996,54.6793679025158,-5.97679953999218,Road_River,8150,6762,2.6,10,33,B_CLASS,4157,5,,5.16,1,Inland,Low,1,Masonry_Arch
2997,54.6992792172425,-5.98337370788333,Road_River,8153,11488,1,10,7.59999999999999,B_CLASS,4157,5,,6.3,1,Inland,Low,1,Culvert
2998,54.6937879701937,-5.97289724293857,Road_River,8154,11486,2.5,10,27.5,B_CLASS,4157,5,,5.43,1,Inland,Low,1,Masonry_Arch
2999,54.6938465913214,-5.94108330760088,Road_River,8157,11483,4.2,10,48.6,B_CLASS,4157,5,,3.66,1,Coastal,Medium,1,Masonry_Arch
3000,54.8617642509523,-5.8678767795255,Road_River,8161,11239,4.1,10,16.5,B_CLASS,2401,5,,2.85,1,Coastal,Low,1,Masonry_Arch
3001,55.0587782224347,-6.09798322335217,Road_River,8164,10707,1.6,10,10.4,B_CLASS,1713,5,,2.53,1,Coastal,Low,1,Culvert
3002,55.0573996502544,-6.1015928358805,Road_River,8164,10708,1.7,10,29.6,B_CLASS,1713,5,,2.79,1,Coastal,Low,1,Culvert
3003,55.0561584212208,-6.10342332057741,Road_River,8164,10713,4.5,10,53.2,B_CLASS,1713,5,,2.94,1,Coastal,Low,1,Masonry_Arch
3004,55.0521481852631,-6.11478597914638,Road_River,8164,10714,2.2,10,11.5,B_CLASS,1713,5,,3.77,1,Coastal,Low,1,Masonry_Arch
3005,55.0492755607204,-6.12047693356073,Road_River,8164,10830,1.7,10,11.4,B_CLASS,1713,5,,4.23,1,Coastal,Low,1,Culvert
3006,55.117535600449,-6.06358275062792,Road_River,8165,10372,1.1,10,2.8,B_CLASS,2477,5,,1.61,1,Coastal,Low,1,Culvert
3007,55.1180658438033,-6.06226442634048,Road_River,8165,10373,2.2,10,3.2,B_CLASS,2477,5,,1.51,1,Coastal,Low,1,Masonry_Arch
3008,55.1113855824584,-6.07407626046204,Road_River,8166,10364,2.1,10,4.7,B_CLASS,2477,5,,2.53,1,Coastal,Low,1,Masonry_Arch
3009,55.1152724763208,-6.06861284346568,Road_River,8167,10377,1,10,1.5,B_CLASS,2477,5,,2.02,1,Coastal,Low,1,Culvert
3010,55.1216482460077,-6.05559081907203,Road_River,8168,10363,1.1,10,6.8,B_CLASS,2477,5,,0.95,1,Marine,Low,1,Culvert
3011,55.125019422001,-6.04252825474494,Road_River,8170,11265,43.1,10,51.8,B_CLASS,1561,5,,0.05,1,Marine,High,8,Bespoke_Viaduct
3012,55.1273743426454,-6.06062875398639,Road_River,8171,10281,1.9,10,22.8,B_CLASS,2477,5,,1.17,1,Coastal,Low,1,Masonry_Arch
3013,55.129088305245,-6.06284220705722,Road_River,8171,10281,1.1,10,31.9,B_CLASS,2477,5,,1.32,1,Coastal,Low,1,Culvert
3014,55.1320056247761,-6.06805295386287,Road_River,8171,10281,2.4,10,65.8,B_CLASS,2477,5,,1.68,1,Coastal,Low,1,Masonry_Arch
3015,55.1262823284127,-6.06342756047364,Road_River,8171,10282,1.2,10,12.5,B_CLASS,2477,5,,1.36,1,Coastal,Low,1,Culvert
3016,55.1268096674938,-6.06420533376398,Road_River,8171,10282,2.7,10,21.7,B_CLASS,2477,5,,1.4,1,Coastal,Low,1,Masonry_Arch
3017,54.279673157432,-5.67222518697584,Road_River,8172,12163,3.5,10,35.2,B_CLASS,2859,5,,2.79,1,Coastal,Low,1,Masonry_Arch
3018,54.28068135998,-5.64423541289842,Road_River,8173,12157,1.9,10,6.40000000000001,B_CLASS,3317,5,,1.94,1,Coastal,Low,1,Masonry_Arch
3019,54.2708975254115,-5.63287342353887,Road_River,8177,12181,8.6,10,22,B_CLASS,2324,5,,0.85,1,Marine,Low,2,Masonry_Arch
3020,54.2658349917602,-5.65786508844461,Road_River,8178,12180,1,10,1.7,B_CLASS,2859,5,,1.2,1,Marine,Low,1,Culvert
3021,54.3542291847211,-5.73976334459445,Road_River,8181,12006,3.1,10,35.8,B_CLASS,3317,5,,4.03,1,Coastal,Low,1,Masonry_Arch
3022,54.4034023845238,-5.65525566403654,Road_River,8182,11850,1.6,10,26.9,B_CLASS,3164,5,,0.7,1,Marine,Low,1,Culvert
3023,54.4086163286528,-5.6609871457289,Road_River,8183,11851,6.3,10,13.6,B_CLASS,3164,5,,0.75,1,Marine,Low,2,Masonry_Arch
3024,54.4051722788697,-5.82687167671089,Road_River,8186,11863,3.7,10,28.6,B_CLASS,2783,5,,9.85,1,Inland,Low,1,Masonry_Arch
3025,54.3830284918476,-5.84705093323554,Road_River,8187,11927,24.9,10,45.1,B_CLASS,2706,5,,10.52,1,Inland,Medium,1,Bespoke_Viaduct
3026,54.3884700333996,-5.85535743664276,Road_River,8187,11928,9.9,10,45.5,B_CLASS,2706,5,,11.13,1,Inland,Medium,2,RC_Slab
3027,54.4029822332306,-5.8105349027188,Road_River,8192,11861,10.5,10,28.8,B_CLASS,2783,5,,8.78,1,Inland,Low,1,Bespoke_Viaduct
3028,54.3999027699998,-5.71830811262947,Road_River,8198,11921,2.6,10,10.1,B_CLASS,2553,5,,3.63,1,Coastal,Low,1,Masonry_Arch
3029,54.4001264428631,-5.7144471173847,Road_River,8199,11855,2.2,10,25.5,B_CLASS,3012,5,,3.49,1,Coastal,Low,1,Masonry_Arch
3030,54.4009686023064,-5.68958217848246,Road_River,8202,8249,2.6,10,23.2,B_CLASS,3012,5,,2.55,1,Coastal,Low,1,Masonry_Arch
3031,54.3633651767891,-5.77156520170777,Road_River,8206,12010,25.4,10,13.7,B_CLASS,2553,5,,5.67,1,Inland,High,5,Bespoke_Viaduct
3032,54.3680447590651,-5.78783084527088,Road_River,8207,11971,1.9,10,27,B_CLASS,2553,5,,6.65,1,Inland,Low,1,Masonry_Arch
3033,54.4644113003902,-5.79128529058302,Road_River,8210,11755,4.3,10,9,B_CLASS,3241,5,,8.15,1,Inland,Low,1,Masonry_Arch
3034,54.463898448973,-5.78982873612494,Road_River,8211,11753,2.9,10,30.3,B_CLASS,3012,5,,8.09,1,Inland,Low,1,Masonry_Arch
3035,54.4299370522252,-5.70929796323201,Road_River,8219,8213,3.7,10,57.3,B_CLASS,2401,5,,4.16,1,Coastal,Low,1,Masonry_Arch
3036,54.4242669269817,-5.69320859420119,Road_River,8220,8213,1.6,10,37.3,B_CLASS,2401,5,,3,1,Coastal,Low,1,Culvert
3037,54.4604531640314,-5.83980981954821,Road_River,8224,11761,2,10,23,B_CLASS,3623,5,,11.19,1,Inland,Low,1,Masonry_Arch
3038,54.4630159871814,-5.81999612299258,Road_River,8226,11758,2.2,10,40.1,B_CLASS,3241,5,,9.9,1,Inland,Medium,1,Masonry_Arch
3039,54.3021649219476,-5.7002964090566,Road_River,8233,12135,3,10,34.5,B_CLASS,3164,5,,5.61,1,Inland,Low,1,Masonry_Arch
3040,54.2989522644464,-5.69471050878274,Road_River,8233,12136,4.2,10,66,B_CLASS,3164,5,,5.25,1,Inland,Low,1,Masonry_Arch
3041,54.4060849117394,-5.67427137785645,Road_River,8236,11851,11.9,10,45.1,B_CLASS,3164,5,,1.65,1,Coastal,Medium,1,Bespoke_Viaduct
3042,54.3120531680267,-5.67461995473451,Road_River,8263,12101,2,10,14.7,B_CLASS,3012,5,,5.62,1,Inland,Low,1,Masonry_Arch
3043,54.3002506755175,-5.65756349133775,Road_River,8264,12132,2.3,10,22.9,B_CLASS,3012,5,,4.26,1,Coastal,Low,1,Masonry_Arch
3044,54.6111371067729,-5.82929452181815,Road_River,8269,11409,1.6,10,5,B_CLASS,2172,5,,2.95,1,Coastal,Low,1,Culvert
3045,54.6195748455257,-5.78637066152098,Road_River,8277,11404,1.2,10,32,B_CLASS,2553,5,,3.97,1,Coastal,Low,1,Culvert
3046,54.6316217080284,-5.73949729345094,Road_River,8280,11514,1.8,10,18.4,B_CLASS,2248,5,,4.1,1,Coastal,Low,1,Culvert
3047,54.6358667279754,-5.72354371235942,Road_River,8281,11511,1.4,10,46.5,B_CLASS,2248,5,,3.45,1,Coastal,Low,1,Culvert
3048,54.6048559862777,-5.5903519365355,Road_River,8287,11401,2.3,10,8,B_CLASS,2630,5,,3.98,1,Coastal,Low,1,Masonry_Arch
3049,54.6446528037931,-5.82643802386242,Road_River,8290,12259,1.1,10,30.1,B_CLASS,3852,5,,0.2,1,Marine,Low,1,Culvert
3050,54.5378836684159,-5.5541260901936,Road_River,8294,12282,2.7,10,12.4,B_CLASS,2324,5,,0.66,1,Marine,Low,1,Masonry_Arch
3051,54.5225600295039,-5.8452116585135,Road_River,8298,11668,2.3,10,13.9,B_CLASS,3317,5,,7.17,1,Inland,Low,1,Masonry_Arch
3052,54.5367974790623,-5.77878566774016,Road_River,8301,11633,2.6,10,10.1,B_CLASS,2706,5,,2.6,1,Coastal,Low,1,Masonry_Arch
3053,54.6084247845984,-5.53188910307891,Road_River,8302,12265,6,10,59.8,B_CLASS,2859,5,,0.28,1,Coastal,Medium,1,RC_Slab
3054,54.8191118689442,-5.73520225081994,Road_River,8304,11337,2.5,10,58.3,B_CLASS,1866,5,,0.41,1,Marine,Low,1,Masonry_Arch
3055,54.8139152613199,-5.72568908222599,Road_River,8308,11336,1.4,10,3,B_CLASS,1866,5,,0.54,1,Marine,Low,1,Culvert
3056,54.7604224522048,-5.71820007258284,Road_River,8313,8189,2.3,10,1.59999999999999,B_CLASS,4157,5,,1.01,1,Marine,Low,1,Masonry_Arch
3057,54.6753929921805,-5.62408505737589,Road_River,8315,12241,5.2,10,30.1,B_CLASS,3317,5,,0.24,1,Marine,Low,1,RC_Slab
3058,54.7394013729511,-5.80314045850262,Road_River,8316,8538,2.8,10,22,B_CLASS,3394,5,,2.21,1,Coastal,Low,1,Masonry_Arch
3059,54.7457682594837,-5.78193045313217,Road_River,8316,12229,3.8,10,8.09999999999999,B_CLASS,3394,5,,2.51,1,Coastal,Low,1,Masonry_Arch
3060,54.6630568244763,-5.66810993287204,Road_River,8323,12255,2.8,10,49.1,B_CLASS,4157,5,,0.1,1,Marine,Medium,1,Masonry_Arch
3061,54.661074114502,-5.66248497891746,Road_River,8324,12255,4.3,10,39.7,B_CLASS,4157,5,,0.52,1,Marine,Low,1,Masonry_Arch
3062,54.6603017445998,-5.6891211876209,Road_River,8341,12245,1.9,10,30.3,B_CLASS,3776,5,,0.53,1,Marine,Low,1,Masonry_Arch
3063,54.6605210443558,-5.70767676102223,Road_River,8342,12248,2.3,10,19.4,B_CLASS,3776,5,,0.78,1,Marine,Low,1,Masonry_Arch
3064,54.6587071913926,-5.72708162667139,Road_River,8346,11496,2.6,10,30,B_CLASS,2783,5,,1,1,Coastal,Low,1,Masonry_Arch
3065,54.6573127943628,-5.74479954936537,Road_River,8350,11499,1.1,10,17.4,B_CLASS,2783,5,,1.74,1,Coastal,Low,1,Culvert
3066,54.6570065249702,-5.75195760017249,Road_River,8350,11513,2,10,32.2,B_CLASS,2783,5,,1.54,1,Coastal,Low,1,Masonry_Arch
3067,54.6513813146394,-5.58410521958689,Road_River,8354,11523,2.1,10,7.2,B_CLASS,3164,5,,1.69,1,Coastal,Low,1,Masonry_Arch
3068,54.6518925498036,-5.60720475805486,Road_River,8355,11507,1.9,10,11.8,B_CLASS,3164,5,,2.55,1,Coastal,Low,1,Masonry_Arch
3069,54.6587247091618,-5.63702191643813,Road_River,8357,12254,1.9,10,25.2,B_CLASS,3317,5,,0.89,1,Marine,Low,1,Masonry_Arch
3070,54.6646033906654,-5.64083836112031,Road_River,8360,12254,2.5,10,32.5,B_CLASS,3317,5,,0.2,1,Marine,Low,1,Masonry_Arch
3071,54.7536961522376,-5.75704507105881,Road_River,8366,8190,6.3,10,51,B_CLASS,3164,5,,2.31,1,Coastal,Medium,2,Masonry_Arch
3072,54.756237662179,-5.75255737644137,Road_River,8366,11439,1.8,10,36.3,B_CLASS,3164,5,,2.36,1,Coastal,Low,1,Culvert
3073,54.7190199635936,-5.8221333197489,Road_River,8372,11464,3.5,10,39.2,B_CLASS,4157,5,,0.99,1,Marine,Low,1,Masonry_Arch
3074,54.7223006352502,-5.82895772494285,Road_River,8374,8543,9.6,10,75,B_CLASS,4157,5,,1.4,1,Coastal,Low,2,RC_Slab
3075,54.7224025749536,-5.82910225039454,Road_River,8374,8543,8.3,10,75,B_CLASS,4157,5,,1.42,1,Coastal,Low,2,Masonry_Arch
3076,54.7869648808071,-5.80930121057178,Road_River,8375,8166,1.4,10,9.90000000000001,B_CLASS,2553,5,,3.81,1,Coastal,Low,1,Culvert
3077,54.7778883348827,-5.79808729883652,Road_River,8376,8167,2.5,10,22.5,B_CLASS,1866,5,,4.09,1,Coastal,Low,1,Masonry_Arch
3078,54.7662034199573,-5.78539150399246,Road_River,8376,11422,1.5,10,20,B_CLASS,1866,5,,4.03,1,Coastal,Low,1,Culvert
3079,54.7767408777957,-5.7313906135357,Road_River,8384,12226,2.5,10,23.5,B_CLASS,3164,5,,0.38,1,Marine,Low,1,Masonry_Arch
3080,54.7884220276236,-5.71579695425078,Road_River,8385,11389,1,10,24.9,B_CLASS,2324,5,,0.22,1,Marine,Low,1,Culvert
3081,54.786550115434,-5.715338632751,Road_River,8385,11390,1.6,10,0.599999999999994,B_CLASS,2324,5,,0.18,1,Marine,Low,1,Culvert
3082,54.7840281577665,-5.71477532232554,Road_River,8385,12223,2.5,10,46.9,B_CLASS,2324,5,,0.22,1,Marine,Low,1,Masonry_Arch
3083,54.8519879954769,-5.76505020352617,Road_River,8394,12209,1.4,10,2.2,B_CLASS,2172,5,,0.02,1,Marine,Low,1,Culvert
3084,54.8276054709974,-5.72371602481255,Road_River,8400,12209,1.5,10,16.3,B_CLASS,2553,5,,1.04,1,Coastal,Low,1,Culvert
3085,54.8356029455147,-5.72679481652006,Road_River,8401,12210,2.9,10,62.4,B_CLASS,2553,5,,0.82,1,Marine,Low,1,Masonry_Arch
3086,54.8353074745527,-5.73678266620706,Road_River,8403,12209,2.6,10,6.90000000000001,B_CLASS,2553,5,,1.36,1,Coastal,Low,1,Masonry_Arch
3087,54.8374669008892,-5.72856587118099,Road_River,8404,12210,2.5,10,6.90000000000001,B_CLASS,2553,5,,0.79,1,Coastal,Low,1,Masonry_Arch
3088,54.8249093778881,-5.74981014508941,Road_River,8405,12214,2.7,10,4.5,B_CLASS,2553,5,,0.03,1,Marine,Low,1,Masonry_Arch
3089,54.4646140593298,-5.49068881525604,Road_River,8410,11686,2.9,10,1,B_CLASS,2172,5,,2.69,1,Coastal,Low,1,Masonry_Arch
3090,54.4689218268771,-5.49937204038351,Road_River,8410,11688,2.1,10,24.9,B_CLASS,2172,5,,2.1,1,Coastal,Low,1,Masonry_Arch
3091,54.4742085820538,-5.50913212587354,Road_River,8411,11742,2,10,27.6,B_CLASS,2553,5,,1.41,1,Coastal,Low,1,Masonry_Arch
3092,54.4811255070925,-5.52357387119034,Road_River,8412,12299,2.7,10,58.6,B_CLASS,2553,5,,0.49,1,Marine,Low,1,Masonry_Arch
3093,54.5364708116582,-5.5310202228564,Road_River,8413,11627,2.7,10,1.09999999999999,B_CLASS,2630,5,,1.88,1,Coastal,Low,1,Masonry_Arch
3094,54.539219371548,-5.50761593679882,Road_River,8416,12281,1.4,10,29.6,B_CLASS,2401,5,,1.53,1,Marine,Low,1,Culvert
3095,54.5147556018645,-7.45909811470934,Road_River,8417,2951,13.1,10,71.8,B_CLASS,4157,5,,60.26,1,Inland,Medium,3,Masonry_Arch
3096,54.4736502275153,-6.39116010070854,Road_River,8433,7498,4.3,10,6.40000000000001,B_CLASS,3012,5,,33.36,1,Inland,Low,1,Masonry_Arch
3097,54.3468636074213,-6.26715423462469,Road_River,8435,8661,1.5,10,7.40000000000001,B_CLASS,4081,5,,27.08,1,Inland,Low,1,Culvert
3098,54.6851834548336,-6.15021026835297,Road_River,8438,6767,2.4,10,22.2,B_CLASS,3546,5,,15.79,1,Inland,Low,1,Masonry_Arch
3099,54.5083219427602,-6.0229353597852,Road_River,8443,8612,2.1,10,7,B_CLASS,4157,5,,12.07,1,Inland,Low,1,Masonry_Arch
3100,54.4405115057772,-8.14319074174223,Road_River,15940,17018,1.3,5,17,CL_MINOR,418,5,,87.85,0,Inland,Low,1,Culvert
3101,54.4357521122468,-8.12640823864458,Road_River,15940,17019,4.6,5,18.5,CL_MINOR,418,5,,87.57,0,Inland,Low,1,RC_Slab
3102,54.4307905310723,-8.11257879071076,Road_River,15940,17020,3.2,5,8.5,CL_MINOR,418,5,,87.44,0,Inland,Low,1,Masonry_Arch
3103,54.4790096354517,-8.02211987424919,Road_River,15941,13918,1.4,5,4.3,CL_MINOR,660,5,,79.63,0,Inland,Low,1,Culvert
3104,54.4759710127752,-8.02135183758876,Road_River,15941,17260,88.4,5,12.6,CL_MINOR,660,5,,79.86,0,Inland,High,3,Bespoke_Viaduct
3105,54.4617844737937,-8.0239729113963,Road_River,15946,13988,4.4,5,13.6,CL_MINOR,660,5,,81.22,0,Inland,Low,1,Masonry_Arch
3106,54.4180180951821,-8.04128023650304,Road_River,15948,14069,2.5,5,3.40000000000001,CL_MINOR,399,5,,85.79,0,Inland,Low,1,Masonry_Arch
3107,54.4645802820917,-8.04971716644989,Road_River,15950,13994,1.8,5,12.7,CL_MINOR,530,5,,81.98,0,Inland,Low,1,Culvert
3108,54.4638825765521,-8.05508597437408,Road_River,15950,14087,7.3,5,67.2,CL_MINOR,530,5,,82.26,0,Inland,Medium,2,Masonry_Arch
3109,54.3782323453764,-8.03006880170321,Road_River,15951,13236,4.9,5,60.2,CL_MINOR,437,5,,89.02,0,Inland,Medium,1,RC_Slab
3110,54.3835538069068,-8.02519124539534,Road_River,15951,13237,1.7,5,53.7,CL_MINOR,437,5,,88.35,0,Inland,Low,1,Culvert
3111,54.2684490398993,-7.73013774285684,Road_River,15952,15272,2.3,5,12.7,CL_MINOR,716,5,,91.38,0,Inland,Low,1,Masonry_Arch
3112,54.2981792987519,-7.70936873591656,Road_River,15958,14920,1.4,5,38.2,CL_MINOR,641,5,,87.82,0,Inland,Low,1,Culvert
3113,54.2925887983778,-7.70145075849928,Road_River,15958,15167,1.9,5,36,CL_MINOR,641,5,,88.24,0,Inland,Low,1,Masonry_Arch
3114,54.3002622674739,-7.8652226166602,Road_River,15961,14961,1.6,5,6.5,CL_MINOR,623,5,,91.37,0,Inland,Low,1,Culvert
3115,54.2977505832008,-7.85838675421697,Road_River,15962,14961,3.3,5,40,CL_MINOR,623,5,,91.44,0,Inland,Low,1,Masonry_Arch
3116,54.2752946843488,-7.82019250061537,Road_River,15965,17065,1.1,5,27.6,CL_MINOR,437,5,,92.74,0,Inland,Low,1,Culvert
3117,54.305825539644,-7.87369774233585,Road_River,15967,14965,14.3,5,41.1,CL_MINOR,623,5,,91.05,0,Inland,Medium,3,RC_Slab
3118,54.2127588794372,-7.71489230781036,Road_River,15968,15615,1.6,5,25.3,CL_MINOR,455,5,,94.12,0,Inland,Low,1,Culvert
3119,54.2102894806041,-7.70892828183558,Road_River,15968,15617,3,5,42.4,CL_MINOR,455,5,,93.71,0,Inland,Medium,1,Masonry_Arch
3120,54.2172389582921,-7.71353847187051,Road_River,15969,15623,2,5,29.7,CL_MINOR,455,5,,94.1,0,Inland,Low,1,Masonry_Arch
3121,54.2132902710114,-7.71569087957544,Road_River,15970,15624,4.4,5,59.4,CL_MINOR,455,5,,94.18,0,Inland,Low,1,Masonry_Arch
3122,54.2560692379712,-7.7011551835808,Road_River,15971,15375,3.3,5,67.6,CL_MINOR,530,5,,92.09,0,Inland,Low,1,Masonry_Arch
3123,54.258556641523,-7.71356727463839,Road_River,15972,15266,6.3,5,24.2,CL_MINOR,716,5,,92.07,0,Inland,Low,2,Masonry_Arch
3124,54.2696602461407,-7.76984591304299,Road_River,15979,15279,10.1,5,74.7,CL_MINOR,567,5,,92.12,0,Inland,Low,1,Bespoke_Viaduct
3125,54.2772225114914,-7.76762030709673,Road_River,15979,15280,4,5,34.1,CL_MINOR,567,5,,91.28,0,Inland,Low,1,Masonry_Arch
3126,54.2703760332696,-7.76966659878484,Road_River,15979,15280,2.7,5,26.8,CL_MINOR,567,5,,92.04,0,Inland,Low,1,Masonry_Arch
3127,54.2673959434732,-7.77036294350241,Road_River,15979,15281,6.1,5,64.4,CL_MINOR,567,5,,92.37,0,Inland,Low,2,Masonry_Arch
3128,54.2613296731213,-7.77134551234732,Road_River,15979,15281,3.7,5,47.8,CL_MINOR,567,5,,93.02,0,Inland,Low,1,Masonry_Arch
3129,54.2602229381492,-7.77518394652281,Road_River,15980,15281,1.4,5,30.5,CL_MINOR,437,5,,93.22,0,Inland,Low,1,Culvert
3130,54.270134395816,-7.80388632804409,Road_River,15980,15288,9.3,5,13.1,CL_MINOR,437,5,,92.87,0,Inland,High,2,RC_Slab
3131,54.2574531619526,-7.76168586752317,Road_River,15981,15385,3.6,5,4.5,CL_MINOR,567,5,,93.21,0,Inland,Low,1,Masonry_Arch
3132,54.2907383731378,-7.70138214358882,Road_River,15982,15167,2.8,5,29.7,CL_MINOR,641,5,,88.44,0,Inland,Low,1,Masonry_Arch
3133,54.2852403113488,-7.73107147498009,Road_River,15983,15173,22.3,5,14.1,CL_MINOR,641,5,,89.64,0,Inland,High,4,Bespoke_Viaduct
3134,54.2865502215684,-7.72480981568223,Road_River,15984,15181,2,5,34.1,CL_MINOR,641,5,,89.37,0,Inland,Low,1,Masonry_Arch
3135,54.27623829157,-7.81935016017169,Road_River,15986,17065,2,5,3.90000000000001,CL_MINOR,437,5,,92.62,0,Inland,Low,1,Masonry_Arch
3136,54.2772264494372,-7.8109706235033,Road_River,15986,17066,3.4,5,15.7,CL_MINOR,437,5,,92.31,0,Inland,Low,1,Masonry_Arch
3137,54.2838497212099,-7.74118619969904,Road_River,15988,15183,8.5,5,17.2,CL_MINOR,641,5,,90,0,Inland,Low,2,Masonry_Arch
3138,54.2781678063832,-7.80307446880455,Road_River,15989,15004,1.1,5,31.1,CL_MINOR,530,5,,92.02,0,Inland,Low,1,Culvert
3139,54.2815009812307,-7.76873336088218,Road_River,15989,15280,4.1,5,29.1,CL_MINOR,530,5,,90.87,0,Inland,Low,1,Masonry_Arch
3140,54.2801593429415,-7.78356928303961,Road_River,15989,15285,2.8,5,19.7,CL_MINOR,530,5,,91.35,0,Inland,Low,1,Masonry_Arch
3141,54.2788187541143,-7.79749551532488,Road_River,15989,15288,25.7,5,15.6,CL_MINOR,530,5,,91.82,0,Inland,High,5,Bespoke_Viaduct
3142,54.2508560929981,-7.81731025993547,Road_River,15990,15388,6.8,5,43.4,CL_MINOR,437,5,,95.18,0,Inland,Medium,2,Masonry_Arch
3143,54.2517131837925,-7.82222909019678,Road_River,15990,15389,7.3,5,21.4,CL_MINOR,437,5,,95.21,0,Inland,Low,1,RC_Slab
3144,54.252549479582,-7.81202774429056,Road_River,15990,15479,8.7,5,47.1,CL_MINOR,437,5,,94.87,0,Inland,Medium,2,Masonry_Arch
3145,54.3007769418935,-7.78487283971359,Road_River,15992,14944,4.1,5,38.7,CL_MINOR,530,5,,89.25,0,Inland,Low,1,Masonry_Arch
3146,54.3043531259512,-7.78752147122309,Road_River,15993,14943,2.1,5,18.8,CL_MINOR,530,5,,88.95,0,Inland,Low,1,Masonry_Arch
3147,54.3023703649466,-7.80590824907722,Road_River,15993,14947,1.7,5,32.9,CL_MINOR,530,5,,89.61,0,Inland,Low,1,Culvert
3148,54.3022998982659,-7.80157043203753,Road_River,15993,14948,2.3,5,1.09999999999999,CL_MINOR,530,5,,89.51,0,Inland,Low,1,Masonry_Arch
3149,54.302913327524,-7.7948964171972,Road_River,15993,14949,6.7,5,69.6,CL_MINOR,530,5,,89.28,0,Inland,Low,2,Masonry_Arch
3150,54.3019666611919,-7.84023836113398,Road_River,15994,14960,2.7,5,29.9,CL_MINOR,623,5,,90.53,0,Inland,Low,1,Masonry_Arch
3151,54.3021803317243,-7.84299367972966,Road_River,15994,14963,1.5,5,7.5,CL_MINOR,623,5,,90.58,0,Inland,Low,1,Culvert
3152,54.3115499185185,-7.71512736920586,Road_River,15996,14923,2.1,5,62.2,CL_MINOR,641,5,,86.54,0,Inland,Low,1,Masonry_Arch
3153,54.3941056979055,-7.72347145046203,Road_River,16001,14254,4.4,5,35.2,CL_MINOR,492,5,,78.17,0,Inland,Low,1,Masonry_Arch
3154,54.4265145173813,-7.8061618276225,Road_River,16002,14141,6.1,5,64.1,CL_MINOR,567,5,,77.1,0,Inland,Low,1,RC_Slab
3155,54.4052096561062,-7.85182308744776,Road_River,16003,14210,1.6,5,42.8,CL_MINOR,641,5,,80.56,0,Inland,Low,1,Culvert
3156,54.3946961750488,-7.84737511911242,Road_River,16003,14268,1.9,5,12.6,CL_MINOR,641,5,,81.46,0,Inland,Low,1,Masonry_Arch
3157,54.4359151531,-8.01155398341487,Road_River,16006,14069,3.2,5,36.4,CL_MINOR,399,5,,83.06,0,Inland,Low,1,Masonry_Arch
3158,54.4394595253878,-8.02605442558809,Road_River,16006,14088,3,5,12.3,CL_MINOR,399,5,,83.29,0,Inland,Low,1,Masonry_Arch
3159,54.4249941424483,-7.97723656671857,Road_River,16006,14156,3.3,5,41.6,CL_MINOR,399,5,,82.81,0,Inland,Low,1,Masonry_Arch
3160,54.4307708546035,-7.98636181513068,Road_River,16006,14159,2.4,5,0,CL_MINOR,399,5,,82.61,0,Inland,Low,1,Masonry_Arch
3161,54.3640980656438,-7.72317113019768,Road_River,16007,14474,1.5,5,35.8,CL_MINOR,753,5,,81.25,0,Inland,Low,1,Culvert
3162,54.3637915047603,-7.72069492673514,Road_River,16007,14474,1.4,5,12.4,CL_MINOR,753,5,,81.23,0,Inland,Low,1,Culvert
3163,54.3636708741309,-7.73193777812128,Road_River,16009,14474,1,5,3.40000000000001,CL_MINOR,753,5,,81.51,0,Inland,Low,1,Culvert
3164,54.4550738843021,-7.83094591105256,Road_River,16010,14043,2.1,5,16.8,CL_MINOR,492,5,,75.05,0,Inland,Low,1,Masonry_Arch
3165,54.3914064127391,-7.83470646795172,Road_River,16011,14262,10.3,5,5.5,CL_MINOR,641,5,,81.41,0,Inland,Low,2,RC_Slab
3166,54.4393928329314,-7.86775950372239,Road_River,16012,14046,20.1,5,25,CL_MINOR,381,5,,77.73,0,Inland,Medium,1,Bespoke_Viaduct
3167,54.4386855477305,-7.86968531201272,Road_River,16012,14054,1.5,5,49.5,CL_MINOR,381,5,,77.86,0,Inland,Low,1,Culvert
3168,54.440506888111,-7.88722092578733,Road_River,16012,14055,14.4,5,34.1,CL_MINOR,381,5,,78.26,0,Inland,Low,3,RC_Slab
3169,54.4368009870832,-7.9067065945267,Road_River,16012,14151,12.1,5,48.4,CL_MINOR,381,5,,79.26,0,Inland,Medium,3,Masonry_Arch
3170,54.4331315954526,-7.91795936013238,Road_River,16012,14151,8.9,5,41.3,CL_MINOR,381,5,,79.99,0,Inland,Medium,2,Masonry_Arch
3171,54.4266804162262,-7.94762948419225,Road_River,16012,14155,3.2,5,67.8,CL_MINOR,381,5,,81.61,0,Inland,Low,1,Masonry_Arch
3172,54.4396277920828,-7.83248706518065,Road_River,16013,14048,22.9,5,27.5,CL_MINOR,492,5,,76.6,0,Inland,High,4,Bespoke_Viaduct
3173,54.4031470824761,-7.8116075012879,Road_River,16014,14206,24.5,5,37.9,CL_MINOR,641,5,,79.58,0,Inland,High,5,Bespoke_Viaduct
3174,54.4117440119684,-7.85828290680601,Road_River,16016,14209,7.1,5,58,CL_MINOR,381,5,,80.11,0,Inland,Medium,2,Masonry_Arch
3175,54.4314226031182,-7.83891386690132,Road_River,16017,14137,1.3,5,28.8,CL_MINOR,492,5,,77.6,0,Inland,Low,1,Culvert
3176,54.4213040324598,-7.82306802165933,Road_River,16018,14138,18.3,5,32.4,CL_MINOR,641,5,,78.11,0,Inland,High,4,RC_Slab
3177,54.363095860354,-7.73587204073804,Road_River,16025,14473,1.2,5,12,CL_MINOR,623,5,,81.66,0,Inland,Low,1,Culvert
3178,54.3621586111185,-7.74451800495931,Road_River,16025,14476,4.1,5,5.3,CL_MINOR,623,5,,81.96,0,Inland,Low,1,Masonry_Arch
3179,54.3566984754695,-7.80086771758269,Road_River,16026,14488,1.5,5,9.59999999999999,CL_MINOR,455,5,,83.95,0,Inland,Low,1,Culvert
3180,54.3625163447494,-7.81845528289869,Road_River,16027,14492,2.3,5,4.2,CL_MINOR,437,5,,83.84,0,Inland,Low,1,Masonry_Arch
3181,54.3786947309597,-7.8280330909501,Road_River,16028,13215,1.7,5,29.2,CL_MINOR,437,5,,82.48,0,Inland,Low,1,Culvert
3182,54.3868946283736,-7.83362828139209,Road_River,16028,14263,3.9,5,3.40000000000001,CL_MINOR,437,5,,81.83,0,Inland,Low,1,Masonry_Arch
3183,54.373390439684,-7.81422439988769,Road_River,16029,13213,3.2,5,20.1,CL_MINOR,455,5,,82.63,0,Inland,Low,1,Masonry_Arch
3184,54.3737786399505,-7.81734520525102,Road_River,16029,13214,1.9,5,3.59999999999999,CL_MINOR,455,5,,82.68,0,Inland,Low,1,Masonry_Arch
3185,54.3486665887728,-7.97463252186164,Road_River,16032,14512,2.7,5,25.7,CL_MINOR,399,5,,89.9,0,Inland,Low,1,Masonry_Arch
3186,54.3220647111495,-7.85936560065886,Road_River,16033,14781,3.8,5,12.2,CL_MINOR,399,5,,89.02,0,Inland,Low,1,Masonry_Arch
3187,54.3359611084989,-7.83436667653264,Road_River,16034,14627,2.7,5,38.7,CL_MINOR,381,5,,86.94,0,Inland,Low,1,Masonry_Arch
3188,54.3432020943284,-7.81448512715835,Road_River,16034,14779,1.2,5,8.59999999999999,CL_MINOR,381,5,,85.68,0,Inland,Low,1,Culvert
3189,54.3295136288748,-7.85259969047554,Road_River,16034,14780,5.3,5,69.2,CL_MINOR,381,5,,88.09,0,Inland,Low,1,RC_Slab
3190,54.3285780665557,-7.86073846737161,Road_River,16034,14782,4.4,5,5.2,CL_MINOR,381,5,,88.41,0,Inland,Low,1,Masonry_Arch
3191,54.3590921737215,-7.7594163300329,Road_River,16035,14478,3.4,5,12.4,CL_MINOR,623,5,,82.64,0,Inland,Low,1,Masonry_Arch
3192,54.3604591392118,-7.75924281777837,Road_River,16035,14479,23.7,5,5.5,CL_MINOR,623,5,,82.5,0,Inland,High,4,Bespoke_Viaduct
3193,54.3535931492881,-7.7677670878374,Road_River,16035,14481,2.7,5,8.3,CL_MINOR,623,5,,83.41,0,Inland,Low,1,Masonry_Arch
3194,54.3518687554547,-7.77759438191914,Road_River,16035,14482,5.6,5,41.8,CL_MINOR,623,5,,83.84,0,Inland,Medium,1,RC_Slab
3195,54.3483426726572,-7.79033023069737,Road_River,16035,14621,2.2,5,9.7,CL_MINOR,623,5,,84.52,0,Inland,Low,1,Masonry_Arch
3196,54.3540479633872,-7.70875239934226,Road_River,16037,14464,1.2,5,38.4,CL_MINOR,753,5,,81.97,0,Inland,Low,1,Culvert
3197,54.3549587376221,-7.70690926312019,Road_River,16037,14464,2.9,5,53.4,CL_MINOR,753,5,,81.83,0,Inland,Low,1,Masonry_Arch
3198,54.356915794779,-7.70448314725396,Road_River,16037,14464,1.1,5,28.9,CL_MINOR,753,5,,81.57,0,Inland,Low,1,Culvert
3199,54.3519937236955,-7.72406449252108,Road_River,16038,14469,25.8,5,47.2,CL_MINOR,753,5,,82.53,0,Inland,High,5,Bespoke_Viaduct
3200,54.3526275647517,-7.71860285592301,Road_River,16039,14465,2.7,5,14,CL_MINOR,753,5,,82.34,0,Inland,Low,1,Masonry_Arch
3201,54.3195717062407,-7.71587625457002,Road_River,16040,14768,1.8,5,40.5,CL_MINOR,437,5,,85.72,0,Inland,Low,1,Culvert
3202,54.299980351871,-7.72777229091491,Road_River,16041,14924,1.7,5,17.9,CL_MINOR,641,5,,88.02,0,Inland,Low,1,Culvert
3203,54.4138050657767,-7.84177448465559,Road_River,16042,14211,2.4,5,44.8,CL_MINOR,641,5,,79.41,0,Inland,Low,1,Masonry_Arch
3204,54.3515356512214,-7.7297429548668,Road_River,16045,14466,11.2,5,17.4,CL_MINOR,381,5,,82.71,0,Inland,Low,2,RC_Slab
3205,54.3473819071782,-7.74851013843303,Road_River,16045,14607,2.5,5,17.1,CL_MINOR,381,5,,83.58,0,Inland,Low,1,Masonry_Arch
3206,54.3464769985601,-7.75792787301349,Road_River,16045,14612,4.8,5,53.7,CL_MINOR,381,5,,83.9,0,Inland,Medium,1,RC_Slab
3207,54.343965538921,-7.78020518519834,Road_River,16045,14613,1.7,5,16.5,CL_MINOR,381,5,,84.71,0,Inland,Low,1,Culvert
3208,54.345527800828,-7.76482600218522,Road_River,16045,14614,2.6,5,12.5,CL_MINOR,381,5,,84.17,0,Inland,Low,1,Masonry_Arch
3209,54.3475137764447,-7.79160219984514,Road_River,16045,14621,3.8,5,12.5,CL_MINOR,381,5,,84.64,0,Inland,Low,1,Masonry_Arch
3210,54.3842756548245,-8.00589357639855,Road_River,16046,13234,2.5,5,26.6,CL_MINOR,399,5,,87.6,0,Inland,Low,1,Masonry_Arch
3211,54.393138621032,-7.93589033977687,Road_River,16046,14273,2.8,5,21.8,CL_MINOR,399,5,,84.38,0,Inland,Low,1,Masonry_Arch
3212,54.3956595465629,-7.9212840224883,Road_River,16046,14273,1.8,5,6.59999999999999,CL_MINOR,399,5,,83.66,0,Inland,Low,1,Culvert
3213,54.3857182409849,-7.99943139663216,Road_River,16046,14278,12.6,5,34.7,CL_MINOR,399,5,,87.24,0,Inland,Low,1,Bespoke_Viaduct
3214,54.3857719104084,-7.99879227693771,Road_River,16046,14278,25,5,72.3,CL_MINOR,399,5,,87.21,0,Inland,High,1,Bespoke_Viaduct
3215,54.3842081352604,-7.98148216330834,Road_River,16046,14278,41.7,5,75,CL_MINOR,399,5,,86.76,0,Inland,High,7,Bespoke_Viaduct
3216,54.3843523937977,-7.98085431453257,Road_River,16046,14278,19.3,5,68.4,CL_MINOR,399,5,,86.73,0,Inland,High,1,Bespoke_Viaduct
3217,54.3911295293828,-7.94394380301117,Road_River,16046,14279,2.3,5,13.7,CL_MINOR,399,5,,84.84,0,Inland,Low,1,Masonry_Arch
3218,54.3855900584755,-8.00061624923275,Road_River,16046,14284,41.2,5,49.8,CL_MINOR,399,5,,87.3,0,Inland,High,7,Bespoke_Viaduct
3219,54.349337582918,-7.79512220457772,Road_River,16049,14489,8.4,5,11.8,CL_MINOR,437,5,,84.55,0,Inland,Low,2,Masonry_Arch
3220,54.417628366292,-7.81881387199781,Road_River,16052,14206,16.8,5,6.09999999999999,CL_MINOR,641,5,,78.35,0,Inland,High,3,RC_Slab
3221,54.4243308745784,-7.98254687564087,Road_River,16053,14156,3.2,5,66.9,CL_MINOR,437,5,,83.06,0,Inland,Low,1,Masonry_Arch
3222,54.4217167887397,-8.00060080243186,Road_River,16053,14159,1.8,5,33.1,CL_MINOR,437,5,,83.95,0,Inland,Low,1,Culvert
3223,54.5296400891218,-7.9893296541118,Road_River,16059,13798,1.9,5,16,CL_MINOR,567,5,,73.91,0,Inland,Low,1,Masonry_Arch
3224,54.5257977516529,-7.98161474672784,Road_River,16060,13796,1.7,5,21.5,CL_MINOR,567,5,,73.93,0,Inland,Low,1,Culvert
3225,54.5155163792077,-7.97326186315719,Road_River,16060,13835,1.5,5,13,CL_MINOR,567,5,,74.49,0,Inland,Low,1,Culvert
3226,54.5585015895414,-7.71330171548867,Road_River,16061,13701,11.9,5,55.4,CL_MINOR,716,5,,61.34,0,Inland,Medium,1,Bespoke_Viaduct
3227,54.5629268750673,-7.71011242211645,Road_River,16061,13703,6.3,5,51.4,CL_MINOR,716,5,,60.81,0,Inland,Medium,2,Masonry_Arch
3228,54.5503090940513,-7.71958970941331,Road_River,16062,13705,2,5,24.2,CL_MINOR,716,5,,62.33,0,Inland,Low,1,Masonry_Arch
3229,54.5692850705262,-7.76392741099466,Road_River,16070,13711,3.1,5,6.2,CL_MINOR,474,5,,61.91,0,Inland,Low,1,Masonry_Arch
3230,54.5627933914483,-7.78000582438111,Road_River,16070,13713,2.5,5,21.9,CL_MINOR,474,5,,63.07,0,Inland,Low,1,Masonry_Arch
3231,54.5607229520138,-7.78343781686184,Road_River,16070,13714,1.7,5,47.8,CL_MINOR,474,5,,63.38,0,Inland,Low,1,Culvert
3232,54.5538277823669,-7.80095932338772,Road_River,16071,13712,2.2,5,22.6,CL_MINOR,474,5,,64.63,0,Inland,Low,1,Masonry_Arch
3233,54.5473776178415,-7.8121392421459,Road_River,16072,13716,3.7,5,46.5,CL_MINOR,474,5,,65.62,0,Inland,Medium,1,Masonry_Arch
3234,54.5465261180355,-7.74071463651682,Road_River,16073,13767,15.3,5,11.8,CL_MINOR,623,5,,63.35,0,Inland,High,3,RC_Slab
3235,54.5534885002995,-7.76086421175494,Road_River,16074,13710,3.4,5,15.9,CL_MINOR,623,5,,63.32,0,Inland,Low,1,Masonry_Arch
3236,54.568247678455,-7.76259886465305,Road_River,16074,13711,4.8,5,32.1,CL_MINOR,623,5,,61.97,0,Inland,Low,1,RC_Slab
3237,54.551880192616,-7.75780216769792,Road_River,16074,13770,6.8,5,34.8,CL_MINOR,623,5,,63.38,0,Inland,Low,1,RC_Slab
3238,54.4942214623214,-7.72687428506069,Road_River,16075,17075,2.7,5,39.3,CL_MINOR,474,5,,68.1,0,Inland,Low,1,Masonry_Arch
3239,54.4840364973676,-8.01520781096607,Road_River,16077,13920,2.7,5,23,CL_MINOR,660,5,,78.91,0,Inland,Low,1,Masonry_Arch
3240,54.5127223027055,-7.73197752659832,Road_River,16081,13873,1.3,5,13.1,CL_MINOR,790,5,,66.41,0,Inland,Low,1,Culvert
3241,54.505019301144,-7.74422368397832,Road_River,16081,13874,1.5,5,21.1,CL_MINOR,790,5,,67.53,0,Inland,Low,1,Culvert
3242,54.560681029982,-7.73479914150738,Road_River,16084,13707,1.8,5,11.6,CL_MINOR,623,5,,61.79,0,Inland,Low,1,Culvert
3243,54.5708137508738,-7.71164444133456,Road_River,16085,13706,11.1,5,2.09999999999999,CL_MINOR,716,5,,60.09,0,Inland,Low,1,Bespoke_Viaduct
3244,54.6634528442821,-7.73637681919567,Road_River,16087,1881,8.1,5,8.8,CL_MINOR,437,5,,52.2,0,Inland,Low,2,Masonry_Arch
3245,54.6727339222354,-7.70523990375413,Road_River,16090,1790,14.2,5,10.6,CL_MINOR,511,5,,50.21,0,Inland,Medium,1,Bespoke_Viaduct
3246,54.5764742240141,-7.74209686063832,Road_River,16091,13625,1.9,5,13.3,CL_MINOR,437,5,,60.51,0,Inland,Low,1,Masonry_Arch
3247,54.6690931823525,-7.71777293017674,Road_River,16094,1875,3.2,5,2.40000000000001,CL_MINOR,511,5,,51,0,Inland,Low,1,Masonry_Arch
3248,54.6688310312371,-7.71408342704153,Road_River,16094,1876,1.6,5,0.799999999999997,CL_MINOR,511,5,,50.89,0,Inland,Low,1,Culvert
3249,54.6684979077348,-7.70988399287973,Road_River,16094,1878,0.9,5,10.8,CL_MINOR,511,5,,50.76,0,Inland,Low,1,Culvert
3250,54.6684718720016,-7.70956037584502,Road_River,16094,1879,3.4,5,50.3,CL_MINOR,511,5,,50.76,0,Inland,Low,1,Masonry_Arch
3251,54.6810521225832,-7.78442053165818,Road_River,16096,1800,1.8,5,8.5,CL_MINOR,437,5,,52.54,0,Inland,Low,1,Culvert
3252,54.6778228097541,-7.72539762917027,Road_River,16099,1795,2.8,5,18.5,CL_MINOR,511,5,,50.49,0,Inland,Low,1,Masonry_Arch
3253,54.6807155754469,-7.69763359460352,Road_River,16101,1789,1.7,5,8.8,CL_MINOR,809,5,,49.2,0,Inland,Low,1,Culvert
3254,54.7014350682488,-7.75003984148761,Road_River,16105,1673,2,5,38.1,CL_MINOR,530,5,,49.38,0,Inland,Low,1,Masonry_Arch
3255,54.7080126222017,-7.77345960918972,Road_River,16106,1668,1.3,5,9.2,CL_MINOR,399,5,,49.8,0,Inland,Low,1,Culvert
3256,54.706076380632,-7.76606529134335,Road_River,16106,1669,1.3,5,7.2,CL_MINOR,399,5,,49.65,0,Inland,Low,1,Culvert
3257,54.707192292876,-7.77021375438848,Road_River,16106,1670,2.8,5,30.9,CL_MINOR,399,5,,49.73,0,Inland,Low,1,Masonry_Arch
3258,54.7027376287564,-7.75445507400029,Road_River,16106,1671,1.6,5,8.59999999999999,CL_MINOR,399,5,,49.45,0,Inland,Low,1,Culvert
3259,54.7032786350401,-7.75628756313857,Road_River,16106,1672,1,5,16.9,CL_MINOR,399,5,,49.48,0,Inland,Low,1,Culvert
3260,54.7127649635882,-7.78567041616622,Road_River,16107,1534,1.6,5,2.90000000000001,CL_MINOR,437,5,,49.92,0,Inland,Low,1,Culvert
3261,54.2223425868875,-7.41396878456253,Road_River,16112,15564,24.3,5,18.9,CL_MINOR,660,5,,75.11,0,Inland,High,5,Bespoke_Viaduct
3262,54.2192519030205,-7.42150195818594,Road_River,16112,15578,1.2,5,2,CL_MINOR,660,5,,75.53,0,Inland,Low,1,Culvert
3263,54.2274574060754,-7.44425084072902,Road_River,16113,13276,26.8,5,18.2,CL_MINOR,660,5,,77.13,0,Inland,Medium,1,Bespoke_Viaduct
3264,54.2071084411198,-7.4128267278341,Road_River,16116,15567,1.6,5,23.2,CL_MINOR,548,5,,74.76,0,Inland,Low,1,Culvert
3265,54.2098913141225,-7.41645848581988,Road_River,16116,15577,3.5,5,45.1,CL_MINOR,548,5,,75.04,0,Inland,Medium,1,Masonry_Arch
3266,54.2270489634873,-7.42964507805203,Road_River,16117,13276,12.7,5,3.90000000000001,CL_MINOR,660,5,,76.2,0,Inland,High,3,Masonry_Arch
3267,54.246811054928,-7.42786934993495,Road_River,16122,13271,23.1,5,8.40000000000001,CL_MINOR,1014,5,,76.51,0,Inland,High,4,Bespoke_Viaduct
3268,54.2540439802614,-7.4209771055055,Road_River,16127,13270,10.5,5,11.2,CL_MINOR,1014,5,,76.25,0,Inland,High,2,RC_Slab
3269,54.2639503509348,-7.42781199517055,Road_River,16129,15212,3.4,5,40.5,CL_MINOR,1014,5,,76.93,0,Inland,Low,1,Masonry_Arch
3270,54.2702210843018,-7.43478655271702,Road_River,16130,15220,4.6,5,75,CL_MINOR,1014,5,,77.53,0,Inland,Low,1,RC_Slab
3271,54.2689403351303,-7.44296469676179,Road_River,16130,15221,1.9,5,41.8,CL_MINOR,1014,5,,78.01,0,Inland,Low,1,Masonry_Arch
3272,54.27623995236,-7.45285000032301,Road_River,16132,15109,11.6,5,35.4,CL_MINOR,809,5,,78.82,0,Inland,Low,2,RC_Slab
3273,54.282789222852,-7.45600529617168,Road_River,16132,15117,1.2,5,1.3,CL_MINOR,809,5,,79.2,0,Inland,Low,1,Culvert
3274,54.2974252391542,-7.50476456792415,Road_River,16134,14888,2,5,24.8,CL_MINOR,511,5,,82.65,0,Inland,Low,1,Masonry_Arch
3275,54.3005600448499,-7.52786742687762,Road_River,16135,14889,2.6,5,32.7,CL_MINOR,511,5,,84.18,0,Inland,Low,1,Masonry_Arch
3276,54.3005057181374,-7.52522816137486,Road_River,16135,14890,2.7,5,15.5,CL_MINOR,511,5,,84.02,0,Inland,Low,1,Masonry_Arch
3277,54.2828933865966,-7.54034728362884,Road_River,16138,15135,2.3,5,17.9,CL_MINOR,623,5,,84.48,0,Inland,Low,1,Masonry_Arch
3278,54.2813966429053,-7.68214639727412,Road_River,16144,15164,46.1,5,18.2,CL_MINOR,530,5,,89.04,0,Inland,High,2,Bespoke_Viaduct
3279,54.2718564237129,-7.69013540155961,Road_River,16144,15375,1.6,5,1.5,CL_MINOR,530,5,,90.2,0,Inland,Low,1,Culvert
3280,54.2909993609769,-7.67342957204567,Road_River,16146,15161,1.4,5,16.1,CL_MINOR,492,5,,87.85,0,Inland,Low,1,Culvert
3281,54.2892850687878,-7.42501505259896,Road_River,16157,15090,3.1,5,3.5,CL_MINOR,884,5,,77.46,0,Inland,Low,1,Masonry_Arch
3282,54.2843665120497,-7.42623283408343,Road_River,16157,15091,1.3,5,13.8,CL_MINOR,884,5,,77.39,0,Inland,Low,1,Culvert
3283,54.2842837280492,-7.42849905017043,Road_River,16158,15092,4.1,5,11.7,CL_MINOR,884,5,,77.53,0,Inland,Low,1,Masonry_Arch
3284,54.2846854369548,-7.43744136275551,Road_River,16159,15093,3.4,5,52.5,CL_MINOR,884,5,,78.1,0,Inland,Low,1,Masonry_Arch
3285,54.2806379188862,-7.42791649267507,Road_River,16160,15095,2.4,5,0.0999999999999943,CL_MINOR,1014,5,,77.39,0,Inland,Low,1,Masonry_Arch
3286,54.2723563884282,-7.43048368216563,Road_River,16160,15219,3.7,5,50.6,CL_MINOR,1014,5,,77.32,0,Inland,Low,1,Masonry_Arch
3287,54.2713540096194,-7.68923182018921,Road_River,16161,15375,2.5,5,45.5,CL_MINOR,548,5,,90.24,0,Inland,Low,1,Masonry_Arch
3288,54.2649715949663,-7.65437393125869,Road_River,16161,15376,3.2,5,40.2,CL_MINOR,548,5,,90.27,0,Inland,Medium,1,Masonry_Arch
3289,54.2528371692878,-7.66105600480804,Road_River,16163,15366,2.6,5,35.2,CL_MINOR,548,5,,91.39,0,Inland,Low,1,Masonry_Arch
3290,54.252564171056,-7.63791532938226,Road_River,16163,15367,5.9,5,40.7,CL_MINOR,548,5,,89.92,0,Inland,Medium,1,RC_Slab
3291,54.254868319988,-7.68430843176052,Road_River,16164,15376,4.8,5,38.2,CL_MINOR,530,5,,91.89,0,Inland,Low,1,RC_Slab
3292,54.2365642286862,-7.66278414098997,Road_River,16165,13292,15.4,5,75,CL_MINOR,586,5,,91.19,0,Inland,Medium,3,RC_Slab
3293,54.2297110080689,-7.65342311224928,Road_River,16165,13295,3.7,5,10.9,CL_MINOR,586,5,,90.47,0,Inland,Low,1,Masonry_Arch
3294,54.2414655883944,-7.66798925871793,Road_River,16165,15372,2.1,5,22.1,CL_MINOR,586,5,,91.61,0,Inland,Low,1,Masonry_Arch
3295,54.2535503601248,-7.68656197755558,Road_River,16165,15376,3.8,5,2.3,CL_MINOR,586,5,,92.07,0,Inland,Low,1,Masonry_Arch
3296,54.2214139626048,-7.61976811810069,Road_River,16166,15602,10.4,5,39.6,CL_MINOR,474,5,,88.18,0,Inland,Low,2,RC_Slab
3297,54.1892135861902,-7.50961632137022,Road_River,16167,15762,5.9,5,46.2,CL_MINOR,474,5,,80.67,0,Inland,Medium,1,RC_Slab
3298,54.1898533442605,-7.51143986070249,Road_River,16167,15764,1.7,5,3.7,CL_MINOR,474,5,,80.79,0,Inland,Low,1,Culvert
3299,54.1653045277762,-7.51069868207399,Road_River,16168,16140,4.4,5,5,CL_MINOR,641,5,,80.47,0,Inland,Low,1,Masonry_Arch
3300,54.1621353807149,-7.5144236452568,Road_River,16168,16141,2.8,5,49.9,CL_MINOR,641,5,,80.68,0,Inland,Medium,1,Masonry_Arch
3301,54.2490729080901,-7.40825729383668,Road_River,16173,13260,3.4,5,21.7,CL_MINOR,530,5,,75.33,0,Inland,Low,1,Masonry_Arch
3302,54.2500112614264,-7.40139885881734,Road_River,16173,13261,3.3,5,60.7,CL_MINOR,530,5,,74.92,0,Inland,Low,1,Masonry_Arch
3303,54.1930664400083,-7.40202196920702,Road_River,16175,15743,1.2,5,18.7,CL_MINOR,548,5,,73.84,0,Inland,Low,1,Culvert
3304,54.1991801568683,-7.40853488683733,Road_River,16175,15747,5.1,5,43.9,CL_MINOR,548,5,,74.35,0,Inland,Medium,1,RC_Slab
3305,54.2822333141083,-7.48865603813996,Road_River,16176,15126,20,5,0.700000000000003,CL_MINOR,809,5,,81.22,0,Inland,High,4,Bespoke_Viaduct
3306,54.2786403119605,-7.52793597296913,Road_River,16177,15129,4.5,5,30.6,CL_MINOR,697,5,,83.59,0,Inland,Low,1,Masonry_Arch
3307,54.278031745076,-7.51529146450618,Road_River,16177,15132,4,5,37.6,CL_MINOR,697,5,,82.78,0,Inland,Low,1,Masonry_Arch
3308,54.2775605301891,-7.51102117399956,Road_River,16177,15133,3.6,5,48.4,CL_MINOR,697,5,,82.5,0,Inland,Low,1,Masonry_Arch
3309,54.2302673846949,-7.4278094484023,Road_River,16178,13276,20.9,5,22.3,CL_MINOR,660,5,,76.15,0,Inland,High,4,Bespoke_Viaduct
3310,54.2745292463223,-7.57187244628059,Road_River,16182,15139,3,5,31.2,CL_MINOR,418,5,,86.24,0,Inland,Low,1,Masonry_Arch
3311,54.2704666922713,-7.58181156284184,Road_River,16182,15245,2.5,5,7,CL_MINOR,418,5,,86.77,0,Inland,Low,1,Masonry_Arch
3312,54.2658099868675,-7.59533895725642,Road_River,16182,15253,2,5,25.6,CL_MINOR,418,5,,87.51,0,Inland,Low,1,Masonry_Arch
3313,54.2650939408608,-7.44714739587487,Road_River,16183,15228,3.6,5,49.6,CL_MINOR,1014,5,,78.17,0,Inland,Low,1,Masonry_Arch
3314,54.2686668273943,-7.70400892225189,Road_River,16185,15267,8.6,5,25.5,CL_MINOR,530,5,,90.82,0,Inland,Low,2,Masonry_Arch
3315,54.2787376207218,-7.404097045736,Road_River,16186,15079,5.7,5,65.2,CL_MINOR,530,5,,75.85,0,Inland,Low,1,RC_Slab
3316,54.2828927436191,-7.41759478880136,Road_River,16186,15091,3,5,60.4,CL_MINOR,530,5,,76.81,0,Inland,Low,1,Masonry_Arch
3317,54.2975198008505,-7.47847702757521,Road_River,16187,15126,28.6,5,21.8,CL_MINOR,809,5,,81.02,0,Inland,High,5,Bespoke_Viaduct
3318,54.298189032602,-7.45506637185355,Road_River,16188,14879,14,5,1.7,CL_MINOR,884,5,,79.59,0,Inland,High,3,RC_Slab
3319,54.2769757841948,-7.63859789764193,Road_River,16189,15148,23.2,5,30,CL_MINOR,548,5,,88.71,0,Inland,High,4,Bespoke_Viaduct
3320,54.2648126508697,-7.69147651253989,Road_River,16193,15375,2.7,5,34.8,CL_MINOR,530,5,,90.98,0,Inland,Low,1,Masonry_Arch
3321,54.2512926325585,-7.69431442440299,Road_River,16194,15376,4.8,5,33.5,CL_MINOR,586,5,,92.46,0,Inland,Low,1,RC_Slab
3322,54.2282001774162,-7.69309265623428,Road_River,16194,15462,3.3,5,38.9,CL_MINOR,586,5,,92.97,0,Inland,Low,1,Masonry_Arch
3323,54.2388131714502,-7.69469465895513,Road_River,16194,15463,2.9,5,31.7,CL_MINOR,586,5,,93.26,0,Inland,Low,1,Masonry_Arch
3324,54.2356478580682,-7.69403330185913,Road_River,16194,15466,9.1,5,75,CL_MINOR,586,5,,93.16,0,Inland,Low,1,RC_Slab
3325,54.2234633028956,-7.42598798584585,Road_River,16197,15564,29.5,5,50.7,CL_MINOR,660,5,,75.9,0,Inland,High,5,Bespoke_Viaduct
3326,54.2204656310628,-7.42324081424123,Road_River,16197,15578,2.2,5,37,CL_MINOR,660,5,,75.66,0,Inland,Low,1,Masonry_Arch
3327,54.2194912403519,-7.59632221065881,Road_River,16198,15596,4.7,5,31.8,CL_MINOR,492,5,,86.66,0,Inland,Low,1,RC_Slab
3328,54.2877908668737,-7.45448825864548,Road_River,16200,17014,4.4,5,3.40000000000001,CL_MINOR,809,5,,79.25,0,Inland,Low,1,Masonry_Arch
3329,54.2589623609224,-7.4290852262872,Road_River,16201,15212,1.1,5,24.1,CL_MINOR,1014,5,,76.88,0,Inland,Low,1,Culvert
3330,54.3249095605734,-7.57635393901441,Road_River,16205,14443,6.1,5,53.8,CL_MINOR,753,5,,82.53,0,Inland,Medium,2,Masonry_Arch
3331,54.3299585417618,-7.57739007716268,Road_River,16205,14443,2.7,5,35.8,CL_MINOR,753,5,,82.01,0,Inland,Low,1,Masonry_Arch
3332,54.338576533658,-7.57754303214037,Road_River,16206,14443,6.3,5,64.8,CL_MINOR,753,5,,81.08,0,Inland,Medium,1,RC_Slab
3333,54.3224631056638,-7.57811574923926,Road_River,16207,14743,3.1,5,41.9,CL_MINOR,753,5,,82.82,0,Inland,Medium,1,Masonry_Arch
3334,54.3493671141688,-7.63072638030591,Road_River,16215,14450,2.4,5,10.2,CL_MINOR,790,5,,80.85,0,Inland,Low,1,Masonry_Arch
3335,54.353362519719,-7.60076661733439,Road_River,16217,14451,10.4,5,75,CL_MINOR,753,5,,79.88,0,Inland,Low,2,RC_Slab
3336,54.3532325448562,-7.59889820854255,Road_River,16217,14451,4.1,5,60,CL_MINOR,753,5,,79.87,0,Inland,Low,1,Masonry_Arch
3337,54.3534019820788,-7.60287651440683,Road_River,16217,14454,4.2,5,30.6,CL_MINOR,753,5,,79.92,0,Inland,Low,1,Masonry_Arch
3338,54.3425841016539,-7.62580722038766,Road_River,16222,14594,3.5,5,42.6,CL_MINOR,790,5,,81.48,0,Inland,Low,1,Masonry_Arch
3339,54.3470717554655,-7.66630470259558,Road_River,16223,14599,2.2,5,17.1,CL_MINOR,790,5,,81.79,0,Inland,Low,1,Masonry_Arch
3340,54.4589188471289,-7.62381270316242,Road_River,16227,13947,2,5,17.9,CL_MINOR,586,5,,69.16,0,Inland,Low,1,Masonry_Arch
3341,54.4582759790599,-7.62205560332728,Road_River,16227,13948,1.8,5,25.8,CL_MINOR,586,5,,69.19,0,Inland,Low,1,Culvert
3342,54.4429213195301,-7.61162125587748,Road_River,16227,14032,3.5,5,10.5,CL_MINOR,586,5,,70.58,0,Inland,Low,1,Masonry_Arch
3343,54.4504499597875,-7.61686977588285,Road_River,16227,14032,2.6,5,8.09999999999999,CL_MINOR,586,5,,69.9,0,Inland,Low,1,Masonry_Arch
3344,54.4530081306536,-7.61753393515021,Road_River,16227,14032,3.8,5,44.3,CL_MINOR,586,5,,69.64,0,Inland,Medium,1,Masonry_Arch
3345,54.4381869965024,-7.60816342580702,Road_River,16227,14131,3.6,5,44.4,CL_MINOR,586,5,,71.01,0,Inland,Medium,1,Masonry_Arch
3346,54.4699926145277,-7.65572347031477,Road_River,16228,13961,2,5,31.3,CL_MINOR,623,5,,68.72,0,Inland,Low,1,Masonry_Arch
3347,54.4611216105398,-7.66371174324313,Road_River,16229,13962,2.5,5,44.5,CL_MINOR,567,5,,69.83,0,Inland,Low,1,Masonry_Arch
3348,54.4593550142628,-7.66828043920749,Road_River,16229,13963,3,5,31.9,CL_MINOR,567,5,,70.12,0,Inland,Low,1,Masonry_Arch
3349,54.429502688065,-7.59690157969642,Road_River,16232,14132,1.5,5,33.1,CL_MINOR,586,5,,71.71,0,Inland,Low,1,Culvert
3350,54.4320515273512,-7.59887018588398,Road_River,16232,14132,1.7,5,28.5,CL_MINOR,586,5,,71.48,0,Inland,Low,1,Culvert
3351,54.3770407382503,-7.59091668326448,Road_River,16233,14339,4.9,5,48.5,CL_MINOR,958,5,,77.18,0,Inland,Medium,1,RC_Slab
3352,54.3569058644025,-7.61309609607647,Road_River,16238,14452,1.9,5,21.2,CL_MINOR,753,5,,79.72,0,Inland,Low,1,Masonry_Arch
3353,54.3711163797247,-7.62677299657414,Road_River,16242,14337,2.9,5,39,CL_MINOR,753,5,,78.47,0,Inland,Low,1,Masonry_Arch
3354,54.380078908289,-7.58527517360964,Road_River,16247,14335,2.2,5,30,CL_MINOR,958,5,,76.76,0,Inland,Low,1,Masonry_Arch
3355,54.4247215821248,-7.59440704846328,Road_River,16249,14126,2.6,5,16.6,CL_MINOR,623,5,,72.17,0,Inland,Low,1,Masonry_Arch
3356,54.4241229621648,-7.59745283203123,Road_River,16250,14125,1.7,5,14.5,CL_MINOR,586,5,,72.29,0,Inland,Low,1,Culvert
3357,54.4251838561589,-7.63708681322682,Road_River,16252,14041,16.9,5,2,CL_MINOR,530,5,,72.97,0,Inland,High,3,RC_Slab
3358,54.420742923558,-7.65819734235963,Road_River,16252,14200,1.2,5,30.7,CL_MINOR,530,5,,73.89,0,Inland,Low,1,Culvert
3359,54.4143747970183,-7.59519245708502,Road_River,16254,12682,3.4,5,21.5,CL_MINOR,586,5,,73.28,0,Inland,Low,1,Masonry_Arch
3360,54.4098966625384,-7.59881231234786,Road_River,16254,14186,2.9,5,50.6,CL_MINOR,586,5,,73.82,0,Inland,Low,1,Masonry_Arch
3361,54.3816030686786,-7.61624633392998,Road_River,16257,14187,2.5,5,22.1,CL_MINOR,753,5,,77.16,0,Inland,Low,1,Masonry_Arch
3362,54.3803801567761,-7.61784272590347,Road_River,16257,14338,2.2,5,6.90000000000001,CL_MINOR,753,5,,77.32,0,Inland,Low,1,Masonry_Arch
3363,54.3955421348577,-7.60191956618757,Road_River,16258,14188,2.1,5,23.1,CL_MINOR,586,5,,75.41,0,Inland,Low,1,Masonry_Arch
3364,54.3513359180141,-7.5812762205666,Road_River,16259,14446,3.1,5,23.6,CL_MINOR,753,5,,79.77,0,Inland,Low,1,Masonry_Arch
3365,54.3460017617923,-7.57776802164321,Road_River,16259,14583,2.5,5,10.1,CL_MINOR,753,5,,80.29,0,Inland,Low,1,Masonry_Arch
3366,54.4408215602034,-7.59811837175765,Road_River,16260,14029,3,5,45.3,CL_MINOR,623,5,,70.53,0,Inland,Low,1,Masonry_Arch
3367,54.4484094689352,-7.57669667092857,Road_River,16262,14028,2.7,5,55.5,CL_MINOR,623,5,,69.32,0,Inland,Low,1,Masonry_Arch
3368,54.4796835522007,-7.43579365018057,Road_River,16267,3077,2.1,5,44.4,CL_MINOR,623,5,,63.77,0,Inland,Low,1,Masonry_Arch
3369,54.477727568492,-7.43996533737896,Road_River,16267,3077,1.4,5,9.40000000000001,CL_MINOR,623,5,,64.03,0,Inland,Low,1,Culvert
3370,54.4765597165831,-7.44250889887502,Road_River,16267,3077,3,5,29.5,CL_MINOR,623,5,,64.19,0,Inland,Low,1,Masonry_Arch
3371,54.4739814594403,-7.45000402809872,Road_River,16267,13885,1.6,5,23.3,CL_MINOR,623,5,,64.56,0,Inland,Low,1,Culvert
3372,54.4704502054291,-7.4607521221661,Road_River,16267,13932,2,5,13.5,CL_MINOR,623,5,,65.09,0,Inland,Low,1,Masonry_Arch
3373,54.4805288232889,-7.40107154959585,Road_River,16269,3112,2.6,5,7.7,CL_MINOR,641,5,,63.3,0,Inland,Low,1,Masonry_Arch
3374,54.4798947405078,-7.4253965458756,Road_River,16270,3076,5.8,5,49.9,CL_MINOR,623,5,,63.62,0,Inland,Medium,1,RC_Slab
3375,54.4780997821379,-7.39099691379309,Road_River,16272,3075,2.8,5,39.1,CL_MINOR,641,5,,63.47,0,Inland,Low,1,Masonry_Arch
3376,54.4783356834818,-7.39261554193136,Road_River,16272,3110,2.3,5,18.8,CL_MINOR,641,5,,63.46,0,Inland,Low,1,Masonry_Arch
3377,54.4781280137191,-7.39119062371817,Road_River,16272,3111,4.1,5,8.7,CL_MINOR,641,5,,63.47,0,Inland,Low,1,Masonry_Arch
3378,54.4530181843579,-7.46754415164996,Road_River,16274,14003,1.8,5,30.6,CL_MINOR,623,5,,67.07,0,Inland,Low,1,Culvert
3379,54.4499937615523,-7.44258980280986,Road_River,16274,14006,3.2,5,38,CL_MINOR,623,5,,67.09,0,Inland,Low,1,Masonry_Arch
3380,54.4445261045582,-7.42089580585114,Road_River,16276,14001,1.9,5,40,CL_MINOR,455,5,,67.44,0,Inland,Low,1,Masonry_Arch
3381,54.3173150054631,-7.40923531422876,Road_River,16282,14722,6,5,70.9,CL_MINOR,697,5,,77.38,0,Inland,Low,1,RC_Slab
3382,54.3231283266921,-7.41630636343627,Road_River,16282,14726,9.2,5,75,CL_MINOR,697,5,,78.01,0,Inland,Medium,1,RC_Slab
3383,54.3307632394068,-7.42818671287385,Road_River,16283,14731,24.7,5,27.5,CL_MINOR,548,5,,79.01,0,Inland,High,5,Bespoke_Viaduct
3384,54.3274233859723,-7.49640408832843,Road_River,16284,14739,2,5,36.6,CL_MINOR,586,5,,81.1,0,Inland,Low,1,Masonry_Arch
3385,54.3290833020625,-7.4881337761258,Road_River,16289,14737,23.8,5,3.3,CL_MINOR,567,5,,80.82,0,Inland,High,4,Bespoke_Viaduct
3386,54.3430108715129,-7.57656465354587,Road_River,16290,14584,2.7,5,7.5,CL_MINOR,753,5,,80.59,0,Inland,Low,1,Masonry_Arch
3387,54.3572345110573,-7.40316392419642,Road_River,16293,14418,2.5,5,10.1,CL_MINOR,567,5,,76.87,0,Inland,Low,1,Masonry_Arch
3388,54.3440780825419,-7.39886965963659,Road_River,16293,14421,22.5,5,25,CL_MINOR,567,5,,77.72,0,Inland,High,4,Bespoke_Viaduct
3389,54.3322873524065,-7.39968410919639,Road_River,16297,14561,2.6,5,12.9,CL_MINOR,697,5,,77.32,0,Inland,Low,1,Masonry_Arch
3390,54.3448371394407,-7.41878378795504,Road_River,16299,14567,25.8,5,3.90000000000001,CL_MINOR,697,5,,78.36,0,Inland,High,5,Bespoke_Viaduct
3391,54.3732448507931,-7.40174558090455,Road_River,16301,14314,2.7,5,23.9,CL_MINOR,567,5,,75.09,0,Inland,Low,1,Masonry_Arch
3392,54.368158929449,-7.44429697070013,Road_River,16302,14319,2.7,5,3.59999999999999,CL_MINOR,437,5,,76.05,0,Inland,Low,1,Masonry_Arch
3393,54.3696878528495,-7.42055586193916,Road_River,16302,14424,4.8,5,67,CL_MINOR,437,5,,75.65,0,Inland,Low,1,RC_Slab
3394,54.3558755759995,-7.43174744724301,Road_River,16303,14319,3,5,42.3,CL_MINOR,437,5,,77.27,0,Inland,Low,1,Masonry_Arch
3395,54.3572821462693,-7.43443515757815,Road_River,16303,14319,3,5,35.9,CL_MINOR,437,5,,77.14,0,Inland,Low,1,Masonry_Arch
3396,54.3585396737188,-7.43749826080246,Road_River,16303,14319,1.5,5,37.7,CL_MINOR,437,5,,77.04,0,Inland,Low,1,Culvert
3397,54.3657689791521,-7.44385175979622,Road_River,16303,14319,7,5,68.9,CL_MINOR,437,5,,76.31,0,Inland,Low,1,RC_Slab
3398,54.3526020140888,-7.42773398955866,Road_River,16303,14423,1.1,5,14.5,CL_MINOR,437,5,,77.59,0,Inland,Low,1,Culvert
3399,54.3756230247346,-7.39578039167594,Road_River,16304,14314,4.1,5,24.5,CL_MINOR,567,5,,74.78,0,Inland,Low,1,Masonry_Arch
3400,54.373568921511,-7.40961175175764,Road_River,16305,14313,10,5,10.4,CL_MINOR,567,5,,75.12,0,Inland,Low,2,RC_Slab
3401,54.3409639536533,-7.57463955743063,Road_River,16306,14443,4.9,5,41.3,CL_MINOR,753,5,,80.78,0,Inland,Medium,1,RC_Slab
3402,54.3352609242203,-7.56005881240801,Road_River,16306,14744,2.8,5,47.3,CL_MINOR,753,5,,81.16,0,Inland,Medium,1,Masonry_Arch
3403,54.346245374224,-7.54613829480483,Road_River,16311,14439,1.7,5,0.5,CL_MINOR,865,5,,79.76,0,Inland,Low,1,Culvert
3404,54.3511308522953,-7.54986154100042,Road_River,16311,14443,3.3,5,22.8,CL_MINOR,865,5,,79.29,0,Inland,Low,1,Masonry_Arch
3405,54.3399887158355,-7.53876057783146,Road_River,16311,14582,2.1,5,26.2,CL_MINOR,865,5,,80.32,0,Inland,Low,1,Masonry_Arch
3406,54.3771758682965,-7.45905780655747,Road_River,16315,14318,11.6,5,20.2,CL_MINOR,679,5,,75.23,0,Inland,Low,2,RC_Slab
3407,54.3773927285003,-7.5353899791836,Road_River,16316,14333,3.6,5,53.4,CL_MINOR,586,5,,76.23,0,Inland,Low,1,Masonry_Arch
3408,54.363754786996,-7.56424689147556,Road_River,16319,14445,2.4,5,0.799999999999997,CL_MINOR,958,5,,78.16,0,Inland,Low,1,Masonry_Arch
3409,54.3134943546081,-7.40821496898845,Road_River,16321,14723,1.9,5,4.8,CL_MINOR,474,5,,77.19,0,Inland,Low,1,Masonry_Arch
3410,54.3110078097702,-7.41165774612017,Road_River,16321,14857,5.3,5,34.6,CL_MINOR,474,5,,77.31,0,Inland,Low,1,RC_Slab
3411,54.2987579684207,-7.41857548114667,Road_River,16322,14865,5.1,5,26.4,CL_MINOR,474,5,,77.35,0,Inland,Low,1,RC_Slab
3412,54.3107135455579,-7.43552044974437,Road_River,16323,14870,40.3,5,25.1,CL_MINOR,884,5,,78.77,0,Inland,High,7,Bespoke_Viaduct
3413,54.3091328351349,-7.54065508152639,Road_River,16326,14897,2.4,5,16,CL_MINOR,623,5,,83.68,0,Inland,Low,1,Masonry_Arch
3414,54.3041066344122,-7.54135177341403,Road_River,16326,14899,2.3,5,38.5,CL_MINOR,623,5,,84.24,0,Inland,Low,1,Masonry_Arch
3415,54.3133210500542,-7.52794698781241,Road_River,16327,14742,2.3,5,24.4,CL_MINOR,511,5,,83.05,0,Inland,Low,1,Masonry_Arch
3416,54.3012959164549,-7.50428716867698,Road_River,16327,14888,2.6,5,60.1,CL_MINOR,511,5,,82.74,0,Inland,Low,1,Masonry_Arch
3417,54.3225156170296,-7.52743478005344,Road_River,16330,14741,2.7,5,41.8,CL_MINOR,865,5,,82.05,0,Inland,Low,1,Masonry_Arch
3418,54.3782558577763,-7.39958494036714,Road_River,16331,14314,2.6,5,14.7,CL_MINOR,567,5,,74.52,0,Inland,Low,1,Masonry_Arch
3419,54.3828168653588,-7.39824875960661,Road_River,16331,14314,5.7,5,43.1,CL_MINOR,567,5,,74.01,0,Inland,Medium,1,RC_Slab
3420,54.4020051757932,-7.39995592132876,Road_River,16332,12661,2,5,15.6,CL_MINOR,492,5,,71.91,0,Inland,Low,1,Masonry_Arch
3421,54.4047092897232,-7.40773707584068,Road_River,16333,14170,4.2,5,64.5,CL_MINOR,492,5,,71.68,0,Inland,Medium,1,Masonry_Arch
3422,54.4116462932421,-7.41803461578324,Road_River,16334,12662,12.1,5,15,CL_MINOR,530,5,,71.02,0,Inland,Low,3,Masonry_Arch
3423,54.3836752404838,-7.48168649226827,Road_River,16336,14181,1.2,5,14.9,CL_MINOR,679,5,,74.79,0,Inland,Low,1,Culvert
3424,54.3716572531372,-7.51342559679925,Road_River,16337,14330,5.2,5,1.2,CL_MINOR,586,5,,76.53,0,Inland,Low,1,RC_Slab
3425,54.3815918514538,-7.52860814433001,Road_River,16338,14325,1.3,5,26.8,CL_MINOR,586,5,,75.68,0,Inland,Low,1,Culvert
3426,54.3923657681958,-7.49262125412002,Road_River,16341,14177,1.1,5,10.5,CL_MINOR,623,5,,73.99,0,Inland,Low,1,Culvert
3427,54.3954316503029,-7.50557746910717,Road_River,16343,14175,1.8,5,13.8,CL_MINOR,623,5,,73.84,0,Inland,Low,1,Culvert
3428,54.4100463381263,-7.57452814124424,Road_River,16344,12676,2.9,5,44.2,CL_MINOR,530,5,,73.37,0,Inland,Low,1,Masonry_Arch
3429,54.3927395349228,-7.56584738724203,Road_River,16345,14184,3.9,5,52.4,CL_MINOR,530,5,,75.07,0,Inland,Low,1,Masonry_Arch
3430,54.4000549979927,-7.46821192847785,Road_River,16346,12667,4.2,5,22.4,CL_MINOR,455,5,,72.84,0,Inland,Low,1,Masonry_Arch
3431,54.4056846901777,-7.55080033086771,Road_River,16347,12674,2.6,5,31.6,CL_MINOR,548,5,,73.44,0,Inland,Low,1,Masonry_Arch
3432,54.4013663865429,-7.55640171748544,Road_River,16347,14183,1.9,5,20.6,CL_MINOR,548,5,,73.99,0,Inland,Low,1,Masonry_Arch
3433,54.4191779082546,-7.51320823491356,Road_River,16351,14116,2.2,5,4.2,CL_MINOR,623,5,,71.39,0,Inland,Low,1,Masonry_Arch
3434,54.427477846446,-7.5214133507972,Road_River,16354,14114,4.4,5,9.40000000000001,CL_MINOR,735,5,,70.62,0,Inland,Low,1,Masonry_Arch
3435,54.589850039393,-7.49181619773104,Road_River,16356,2491,3,5,3.3,CL_MINOR,511,5,,52.71,0,Inland,Low,1,Masonry_Arch
3436,54.5948271398557,-7.48332690982737,Road_River,16357,2384,1.5,5,8.40000000000001,CL_MINOR,492,5,,52.03,0,Inland,Low,1,Culvert
3437,54.5974314498404,-7.48019834551199,Road_River,16357,2385,2.4,5,18.6,CL_MINOR,492,5,,51.7,0,Inland,Low,1,Masonry_Arch
3438,54.600345974793,-7.41707974664901,Road_River,16358,2268,1.3,5,3.5,CL_MINOR,418,5,,50.4,0,Inland,Low,1,Culvert
3439,54.6002468414982,-7.42819999184018,Road_River,16358,2270,1.3,5,3.5,CL_MINOR,418,5,,50.57,0,Inland,Low,1,Culvert
3440,54.5997964579511,-7.42715040124503,Road_River,16358,2376,2,5,29.9,CL_MINOR,418,5,,50.6,0,Inland,Low,1,Masonry_Arch
3441,54.5984813489475,-7.40226340896752,Road_River,16361,2377,2.3,5,28.8,CL_MINOR,679,5,,50.41,0,Inland,Low,1,Masonry_Arch
3442,54.5883290053168,-7.50218608930725,Road_River,16362,2383,2.1,5,20.4,CL_MINOR,511,5,,53.06,0,Inland,Low,1,Masonry_Arch
3443,54.5903673335948,-7.50433642634821,Road_River,16362,2386,5,5,1.7,CL_MINOR,511,5,,52.89,0,Inland,Low,1,RC_Slab
3444,54.6021181283156,-7.50279321004331,Road_River,16365,2278,1.2,5,15.5,CL_MINOR,511,5,,51.61,0,Inland,Low,1,Culvert
3445,54.5997845345142,-7.49435431020375,Road_River,16365,2382,6.4,5,9.3,CL_MINOR,511,5,,51.7,0,Inland,Low,2,Masonry_Arch
3446,54.6086349437304,-7.53054219521004,Road_River,16368,2290,5.8,5,67.4,CL_MINOR,623,5,,51.48,0,Inland,Low,1,RC_Slab
3447,54.6058192271472,-7.56338829202899,Road_River,16369,2295,5.4,5,72.4,CL_MINOR,623,5,,52.52,0,Inland,Low,1,RC_Slab
3448,54.6097091225717,-7.54642394105149,Road_River,16369,2298,3.2,5,41.3,CL_MINOR,623,5,,51.72,0,Inland,Low,1,Masonry_Arch
3449,54.6044780724065,-7.5676751223007,Road_River,16369,2305,12.8,5,26.6,CL_MINOR,623,5,,52.75,0,Inland,Low,3,Masonry_Arch
3450,54.6034643035872,-7.57591655907078,Road_River,16370,2400,2.7,5,2.59999999999999,CL_MINOR,381,5,,53.06,0,Inland,Low,1,Masonry_Arch
3451,54.59603089245,-7.60904382344269,Road_River,16370,2401,1,5,5.5,CL_MINOR,381,5,,54.65,0,Inland,Low,1,Culvert
3452,54.5844340609662,-7.65387102371187,Road_River,16370,13558,2.4,5,36.5,CL_MINOR,381,5,,57.04,0,Inland,Low,1,Masonry_Arch
3453,54.5916940800619,-7.62907795169101,Road_River,16370,13560,4.1,5,23.9,CL_MINOR,381,5,,55.62,0,Inland,Low,1,Masonry_Arch
3454,54.5916178711986,-7.68904676442754,Road_River,16371,13570,1.7,5,31.7,CL_MINOR,586,5,,57.36,0,Inland,Low,1,Culvert
3455,54.6089371435267,-7.41072053273663,Road_River,16374,2264,3.2,5,19.8,CL_MINOR,809,5,,49.38,0,Inland,Low,1,Masonry_Arch
3456,54.6411715163504,-7.39483561121107,Road_River,16375,1981,4.4,5,60.2,CL_MINOR,623,5,,45.67,0,Inland,Medium,1,Masonry_Arch
3457,54.6444506299362,-7.64660997545377,Road_River,16380,2019,2.8,5,23.5,CL_MINOR,586,5,,50.9,0,Inland,Low,1,Masonry_Arch
3458,54.6445878982873,-7.65037627740748,Road_River,16380,2020,7.9,5,3.2,CL_MINOR,586,5,,51.01,0,Inland,Low,2,Masonry_Arch
3459,54.6539058868076,-7.67424064161552,Road_River,16381,1874,3.1,5,2.8,CL_MINOR,623,5,,50.89,0,Inland,Low,1,Masonry_Arch
3460,54.6554663849577,-7.61539788980753,Road_River,16382,1870,1.4,5,18.1,CL_MINOR,697,5,,48.88,0,Inland,Low,1,Culvert
3461,54.6543285543767,-7.6212589498169,Road_River,16383,1869,1.1,5,15.2,CL_MINOR,697,5,,49.17,0,Inland,Low,1,Culvert
3462,54.6616715745694,-7.59222456666467,Road_River,16387,1864,1.1,5,24.6,CL_MINOR,697,5,,47.59,0,Inland,Low,1,Culvert
3463,54.6488816152695,-7.41143242326712,Road_River,16389,1989,3.4,5,46.1,CL_MINOR,623,5,,45.06,0,Inland,Low,1,Masonry_Arch
3464,54.6464904049756,-7.40770338885879,Road_River,16389,1990,3.7,5,52.3,CL_MINOR,623,5,,45.27,0,Inland,Low,1,Masonry_Arch
3465,54.651564641837,-7.41751534689426,Road_River,16389,1991,1.3,5,1.3,CL_MINOR,623,5,,44.87,0,Inland,Low,1,Culvert
3466,54.668733745408,-7.6961270595619,Road_River,16390,1880,2.6,5,12.1,CL_MINOR,623,5,,50.25,0,Inland,Low,1,Masonry_Arch
3467,54.6622703481421,-7.68330124081764,Road_River,16392,1873,2.2,5,18.3,CL_MINOR,623,5,,50.4,0,Inland,Low,1,Masonry_Arch
3468,54.6588627244009,-7.68210298772614,Road_River,16392,1873,2.6,5,36.3,CL_MINOR,623,5,,50.68,0,Inland,Low,1,Masonry_Arch
3469,54.6088339724023,-7.53530642903906,Road_River,16393,2289,6,5,41.8,CL_MINOR,623,5,,51.57,0,Inland,Medium,1,RC_Slab
3470,54.6674032904079,-7.68501317494993,Road_River,16395,1873,1,5,1.90000000000001,CL_MINOR,623,5,,49.98,0,Inland,Low,1,Culvert
3471,54.6223857153607,-7.42118989296009,Road_River,16398,2145,1.7,5,10.4,CL_MINOR,530,5,,48.07,0,Inland,Low,1,Culvert
3472,54.6251359149296,-7.4372805300889,Road_River,16399,2146,1.8,5,6.40000000000001,CL_MINOR,530,5,,48.02,0,Inland,Low,1,Culvert
3473,54.6238289460567,-7.45718952401001,Road_River,16400,2149,2,5,15,CL_MINOR,716,5,,48.48,0,Inland,Low,1,Masonry_Arch
3474,54.5874557992621,-7.53185995638593,Road_River,16413,2389,2,5,27.7,CL_MINOR,399,5,,53.74,0,Inland,Low,1,Masonry_Arch
3475,54.5837073605131,-7.54613659516417,Road_River,16413,2390,4.6,5,41.1,CL_MINOR,399,5,,54.43,0,Inland,Medium,1,RC_Slab
3476,54.5838505105479,-7.54978702320742,Road_River,16413,2390,2.5,5,48.8,CL_MINOR,399,5,,54.49,0,Inland,Medium,1,Masonry_Arch
3477,54.5839331373529,-7.55684228490089,Road_River,16413,2391,2.3,5,34.2,CL_MINOR,399,5,,54.64,0,Inland,Low,1,Masonry_Arch
3478,54.5828797259743,-7.57021204437308,Road_River,16413,13210,2.2,5,6.8,CL_MINOR,399,5,,55.05,0,Inland,Low,1,Masonry_Arch
3479,54.6564808298275,-7.42613607831793,Road_River,16417,1992,1.8,5,7.7,CL_MINOR,623,5,,44.47,0,Inland,Low,1,Culvert
3480,54.618874604808,-7.47381850006908,Road_River,16420,2152,4.2,5,36.6,CL_MINOR,716,5,,49.3,0,Inland,Low,1,Masonry_Arch
3481,54.5308895812276,-7.41499154081672,Road_River,16422,2639,25.1,5,5.5,CL_MINOR,697,5,,57.93,0,Inland,High,5,Bespoke_Viaduct
3482,54.5170022484943,-7.50080013373555,Road_River,16426,2961,2.1,5,3.3,CL_MINOR,623,5,,60.67,0,Inland,Low,1,Masonry_Arch
3483,54.5205907547224,-7.49941154744986,Road_River,16428,2957,6.3,5,65.3,CL_MINOR,623,5,,60.26,0,Inland,Medium,2,Masonry_Arch
3484,54.518394530113,-7.50035623118725,Road_River,16428,2957,3.1,5,54.3,CL_MINOR,623,5,,60.51,0,Inland,Medium,1,Masonry_Arch
3485,54.5390308929144,-7.46082787399676,Road_River,16430,2824,16.2,5,12.4,CL_MINOR,660,5,,57.66,0,Inland,High,3,RC_Slab
3486,54.5513242681877,-7.38904703463983,Road_River,16434,2587,1.9,5,43.7,CL_MINOR,753,5,,55.41,0,Inland,Low,1,Masonry_Arch
3487,54.5510441390098,-7.39052197565589,Road_River,16435,2585,1.3,5,4.5,CL_MINOR,753,5,,55.46,0,Inland,Low,1,Culvert
3488,54.556449171954,-7.39631403588564,Road_River,16435,2585,2.9,5,44.9,CL_MINOR,753,5,,54.93,0,Inland,Low,1,Masonry_Arch
3489,54.5591079919644,-7.40560281598748,Road_River,16436,2583,1.9,5,16.1,CL_MINOR,753,5,,54.74,0,Inland,Low,1,Masonry_Arch
3490,54.558368066543,-7.4111500545528,Road_River,16436,2589,2.6,5,51.4,CL_MINOR,753,5,,54.89,0,Inland,Low,1,Masonry_Arch
3491,54.5593484216873,-7.43155035377029,Road_River,16437,2590,2.3,5,56.6,CL_MINOR,828,5,,55.04,0,Inland,Low,1,Masonry_Arch
3492,54.5554552307999,-7.45540362112022,Road_River,16439,2594,4.1,5,1.7,CL_MINOR,828,5,,55.81,0,Inland,Low,1,Masonry_Arch
3493,54.5599078303165,-7.44224762365486,Road_River,16440,2594,4.5,5,25.4,CL_MINOR,828,5,,55.13,0,Inland,Low,1,Masonry_Arch
3494,54.5527268127721,-7.59196583106911,Road_River,16442,16986,6.5,5,16.1,CL_MINOR,716,5,,58.68,0,Inland,Low,2,Masonry_Arch
3495,54.5505198444616,-7.58756226081413,Road_River,16445,13668,10.4,5,31.3,CL_MINOR,716,5,,58.8,0,Inland,Low,2,RC_Slab
3496,54.5770813984372,-7.59150014129033,Road_River,16447,13603,2.6,5,29,CL_MINOR,418,5,,56.15,0,Inland,Low,1,Masonry_Arch
3497,54.5748646548558,-7.5978063252518,Road_River,16447,13608,2.8,5,22.8,CL_MINOR,418,5,,56.53,0,Inland,Low,1,Masonry_Arch
3498,54.5716845044312,-7.60089208991149,Road_River,16448,13557,6,5,44.7,CL_MINOR,548,5,,56.93,0,Inland,Medium,1,RC_Slab
3499,54.5674633374786,-7.61075478702741,Road_River,16448,13607,1.6,5,10.1,CL_MINOR,548,5,,57.61,0,Inland,Low,1,Culvert
3500,54.5551019265921,-7.60869514863056,Road_River,16452,13680,2.4,5,33,CL_MINOR,548,5,,58.83,0,Inland,Low,1,Masonry_Arch
3501,54.553147506573,-7.60164544297479,Road_River,16452,13683,5.9,5,48.9,CL_MINOR,548,5,,58.86,0,Inland,Medium,1,RC_Slab
3502,54.5590797710084,-7.6270770825347,Road_River,16453,13678,1.4,5,35.8,CL_MINOR,623,5,,58.88,0,Inland,Low,1,Culvert
3503,54.5619446534872,-7.63927692022164,Road_River,16453,13692,1.2,5,9.3,CL_MINOR,623,5,,58.9,0,Inland,Low,1,Culvert
3504,54.5650718960884,-7.67541900819316,Road_River,16454,13616,2.7,5,54.6,CL_MINOR,604,5,,59.58,0,Inland,Low,1,Masonry_Arch
3505,54.5654641888885,-7.67872654874852,Road_River,16455,13616,2.5,5,16.9,CL_MINOR,604,5,,59.63,0,Inland,Low,1,Masonry_Arch
3506,54.5659743724192,-7.6832169063697,Road_River,16455,13701,11.8,5,43,CL_MINOR,604,5,,59.71,0,Inland,Medium,2,RC_Slab
3507,54.5678864570542,-7.69641153978095,Road_River,16455,13703,3.4,5,18.8,CL_MINOR,604,5,,59.91,0,Inland,Low,1,Masonry_Arch
3508,54.5096118923394,-7.60962475985827,Road_River,16456,13820,4.5,5,17.3,CL_MINOR,548,5,,63.56,0,Inland,Low,1,Masonry_Arch
3509,54.5155526464287,-7.62364491910742,Road_River,16458,13820,4.6,5,44.9,CL_MINOR,548,5,,63.26,0,Inland,Medium,1,RC_Slab
3510,54.5119740796767,-7.61304157648674,Road_River,16458,13820,1.8,5,31.4,CL_MINOR,548,5,,63.39,0,Inland,Low,1,Culvert
3511,54.5090831853703,-7.66940425463131,Road_River,16459,13825,2.5,5,17.5,CL_MINOR,809,5,,65.05,0,Inland,Low,1,Masonry_Arch
3512,54.5171257003861,-7.68674745932137,Road_River,16460,13824,2.4,5,34.5,CL_MINOR,809,5,,64.7,0,Inland,Low,1,Masonry_Arch
3513,54.519959310606,-7.71701522859873,Road_River,16460,13871,3.2,5,21.7,CL_MINOR,809,5,,65.26,0,Inland,Low,1,Masonry_Arch
3514,54.4964124827243,-7.56955812601493,Road_River,16462,13850,2.5,5,25,CL_MINOR,567,5,,64.1,0,Inland,Low,1,Masonry_Arch
3515,54.5012610553866,-7.67620306612537,Road_River,16468,13862,3,5,40.9,CL_MINOR,809,5,,66.02,0,Inland,Medium,1,Masonry_Arch
3516,54.5085900778241,-7.6059803938421,Road_River,16470,13815,2.5,5,46,CL_MINOR,548,5,,63.58,0,Inland,Low,1,Masonry_Arch
3517,54.5271042545484,-7.60550171035124,Road_River,16471,13739,1.7,5,41,CL_MINOR,548,5,,61.64,0,Inland,Low,1,Culvert
3518,54.5276465720032,-7.60487067627376,Road_River,16471,13739,1,5,14.7,CL_MINOR,548,5,,61.57,0,Inland,Low,1,Culvert
3519,54.5244930490942,-7.60654324347139,Road_River,16471,13810,2.2,5,21.4,CL_MINOR,548,5,,61.94,0,Inland,Low,1,Masonry_Arch
3520,54.5293556993602,-7.60319115984145,Road_River,16472,13739,1.9,5,44.4,CL_MINOR,548,5,,61.36,0,Inland,Low,1,Masonry_Arch
3521,54.532874560424,-7.60142435175054,Road_River,16472,13744,2.3,5,57.4,CL_MINOR,548,5,,60.95,0,Inland,Low,1,Masonry_Arch
3522,54.5316786792996,-7.60172226549895,Road_River,16472,13744,2.5,5,38.6,CL_MINOR,548,5,,61.08,0,Inland,Low,1,Masonry_Arch
3523,54.5306317893782,-7.6022501012388,Road_River,16472,13744,3,5,38.3,CL_MINOR,548,5,,61.2,0,Inland,Low,1,Masonry_Arch
3524,54.5332010866712,-7.63720657647452,Road_River,16473,13747,4.6,5,30.4,CL_MINOR,623,5,,61.77,0,Inland,Low,1,RC_Slab
3525,54.5453659319178,-7.57990529806454,Road_River,16475,13667,5.5,5,44.4,CL_MINOR,716,5,,59.17,0,Inland,Medium,1,RC_Slab
3526,54.537728202702,-7.59420987015749,Road_River,16475,13735,2.2,5,9.5,CL_MINOR,716,5,,60.28,0,Inland,Low,1,Masonry_Arch
3527,54.5393259722253,-7.59010933252736,Road_River,16475,13736,3.5,5,44.9,CL_MINOR,716,5,,60.03,0,Inland,Low,1,Masonry_Arch
3528,54.545836416978,-7.60428236166187,Road_River,16477,13682,16.1,5,50.5,CL_MINOR,548,5,,59.68,0,Inland,Medium,1,Bespoke_Viaduct
3529,54.5512737766371,-7.60145825613174,Road_River,16477,16986,5.6,5,2.90000000000001,CL_MINOR,548,5,,59.05,0,Inland,Low,1,RC_Slab
3530,54.4770288706422,-7.6304619809572,Road_River,16479,13911,2.7,5,3.2,CL_MINOR,567,5,,67.41,0,Inland,Low,1,Masonry_Arch
3531,54.4798963742504,-7.62466759900952,Road_River,16479,13912,1.1,5,3.40000000000001,CL_MINOR,567,5,,66.99,0,Inland,Low,1,Culvert
3532,54.5565682154949,-7.62611583267986,Road_River,16480,13679,4.4,5,38.3,CL_MINOR,623,5,,59.11,0,Inland,Low,1,Masonry_Arch
3533,54.550024795622,-7.641094430968,Road_River,16480,13692,1.4,5,23.2,CL_MINOR,623,5,,60.16,0,Inland,Low,1,Culvert
3534,54.528819003174,-7.60465310963671,Road_River,16482,13739,1.6,5,35.1,CL_MINOR,548,5,,61.45,0,Inland,Low,1,Culvert
3535,54.5315996826898,-7.62294438694108,Road_River,16482,13741,10.7,5,50.9,CL_MINOR,548,5,,61.59,0,Inland,Medium,2,RC_Slab
3536,54.5238417936876,-7.58663320642688,Road_River,16484,13806,1.3,5,7,CL_MINOR,567,5,,61.56,0,Inland,Low,1,Culvert
3537,54.5266323307536,-7.59233125570732,Road_River,16484,13812,1.9,5,20.2,CL_MINOR,567,5,,61.4,0,Inland,Low,1,Masonry_Arch
3538,54.5217000723447,-7.57679470658734,Road_River,16485,13807,2.8,5,23.2,CL_MINOR,567,5,,61.58,0,Inland,Low,1,Masonry_Arch
3539,54.6940911366963,-7.64614104117966,Road_River,16492,1659,16.3,5,8.3,CL_MINOR,716,5,,46.14,0,Inland,Medium,1,Bespoke_Viaduct
3540,54.6789895505169,-7.68884849420761,Road_River,16497,1784,2.1,5,19,CL_MINOR,809,5,,49.04,0,Inland,Low,1,Masonry_Arch
3541,54.6828902155913,-7.52303712140432,Road_River,16506,1770,2.1,5,16,CL_MINOR,921,5,,43.61,0,Inland,Low,1,Masonry_Arch
3542,54.6495974186486,-7.49584705673054,Road_River,16508,1848,9.7,5,4,CL_MINOR,735,5,,46.46,0,Inland,Low,2,RC_Slab
3543,54.6622512816724,-7.4880687689643,Road_River,16508,1850,2.7,5,7.5,CL_MINOR,735,5,,44.97,0,Inland,Low,1,Masonry_Arch
3544,54.6739779452636,-7.45397531171875,Road_River,16516,1843,2.5,5,11.3,CL_MINOR,846,5,,43.07,0,Inland,Low,1,Masonry_Arch
3545,54.6646568011436,-7.39879911653649,Road_River,16519,1842,3,5,31.4,CL_MINOR,623,5,,43.17,0,Inland,Low,1,Masonry_Arch
3546,54.6832152408713,-7.42985972184983,Road_River,16521,1769,2.3,5,13.6,CL_MINOR,660,5,,41.66,0,Inland,Low,1,Masonry_Arch
3547,54.6866816946391,-7.45802643121858,Road_River,16522,1767,1.5,5,12.8,CL_MINOR,735,5,,41.79,0,Inland,Low,1,Culvert
3548,54.6915612726227,-7.54173922738401,Road_River,16535,1637,3.9,5,1.2,CL_MINOR,809,5,,43.2,0,Inland,Low,1,Masonry_Arch
3549,54.6916316252449,-7.55129283709282,Road_River,16536,1636,1.2,5,17,CL_MINOR,809,5,,43.45,0,Inland,Low,1,Culvert
3550,54.6897688082899,-7.57983296054382,Road_River,16540,1777,1.9,5,19.2,CL_MINOR,958,5,,44.44,0,Inland,Low,1,Masonry_Arch
3551,54.6979351211828,-7.58604314044633,Road_River,16541,1639,2,5,10,CL_MINOR,958,5,,43.83,0,Inland,Low,1,Masonry_Arch
3552,54.6955248351722,-7.57497281199979,Road_River,16541,1643,3.9,5,21.5,CL_MINOR,958,5,,43.73,0,Inland,Low,1,Masonry_Arch
3553,54.6913656342792,-7.64374630350428,Road_River,16543,1779,7.6,5,21.9,CL_MINOR,716,5,,46.31,0,Inland,Low,2,Masonry_Arch
3554,54.6893811864687,-7.67652115006902,Road_River,16546,1656,2.6,5,32.7,CL_MINOR,809,5,,47.64,0,Inland,Low,1,Masonry_Arch
3555,54.7017555151206,-7.67975868977482,Road_River,16547,1663,25,5,2.8,CL_MINOR,809,5,,46.62,0,Inland,High,5,Bespoke_Viaduct
3556,54.705972533766,-7.67275491660539,Road_River,16549,1654,1.7,5,4.59999999999999,CL_MINOR,809,5,,45.98,0,Inland,Low,1,Culvert
3557,54.6976481752466,-7.61660536525643,Road_River,16551,1644,1.3,5,29.9,CL_MINOR,660,5,,44.81,0,Inland,Low,1,Culvert
3558,54.6965660561482,-7.62089563091311,Road_River,16551,1647,2.5,5,2.59999999999999,CL_MINOR,660,5,,45.06,0,Inland,Low,1,Masonry_Arch
3559,54.7034468057267,-7.65787979695551,Road_River,16552,1657,1.7,5,12.3,CL_MINOR,716,5,,45.67,0,Inland,Low,1,Culvert
3560,54.7082205061653,-7.61143203534847,Road_River,16558,1509,2.4,5,47.3,CL_MINOR,660,5,,43.63,0,Inland,Low,1,Masonry_Arch
3561,54.7125116099217,-7.59928547643494,Road_River,16560,1515,7.8,5,55.6,CL_MINOR,753,5,,42.83,0,Inland,Medium,2,Masonry_Arch
3562,54.6944774976911,-7.5440956163318,Road_River,16561,1636,2.3,5,8.5,CL_MINOR,809,5,,42.97,0,Inland,Low,1,Masonry_Arch
3563,54.7067517456393,-7.51189040928146,Road_River,16571,1634,3.5,5,40.6,CL_MINOR,921,5,,40.89,0,Inland,Low,1,Masonry_Arch
3564,54.7077065619709,-7.51235182851094,Road_River,16572,1491,25.8,5,5.8,CL_MINOR,921,5,,40.8,0,Inland,High,5,Bespoke_Viaduct
3565,54.697461304015,-7.47627829437115,Road_River,16573,1632,1.1,5,5.3,CL_MINOR,735,5,,41.02,0,Inland,Low,1,Culvert
3566,54.7134859622886,-7.41974395225404,Road_River,16578,1482,7.5,5,20.1,CL_MINOR,735,5,,38.25,0,Inland,Low,2,Masonry_Arch
3567,54.7061997642465,-7.43784566476818,Road_River,16579,1486,1.9,5,14.2,CL_MINOR,660,5,,39.34,0,Inland,Low,1,Masonry_Arch
3568,54.7008600233092,-7.44544281044144,Road_River,16579,1630,2.7,5,43.8,CL_MINOR,660,5,,40.05,0,Inland,Low,1,Masonry_Arch
3569,54.7142759508933,-7.41804524337266,Road_River,16583,1624,3,5,26.7,CL_MINOR,865,5,,38.13,0,Inland,Low,1,Masonry_Arch
3570,54.7325241699794,-7.43161125398148,Road_River,16589,1378,9.5,5,32.8,CL_MINOR,735,5,,36.43,0,Inland,Low,2,RC_Slab
3571,54.7207315450203,-7.49228602638902,Road_River,16590,1487,2.7,5,10.4,CL_MINOR,697,5,,38.97,0,Inland,Low,1,Masonry_Arch
3572,54.7246439027553,-7.47760205670089,Road_River,16591,1632,2.9,5,22.7,CL_MINOR,641,5,,38.22,0,Inland,Low,1,Masonry_Arch
3573,54.7182338396762,-7.51757675855726,Road_River,16598,1492,2.4,5,16.6,CL_MINOR,697,5,,39.86,0,Inland,Low,1,Masonry_Arch
3574,54.7268217756921,-7.54310344448899,Road_River,16603,1387,2.1,5,6.59999999999999,CL_MINOR,958,5,,39.7,0,Inland,Low,1,Masonry_Arch
3575,54.7282559112842,-7.61474182301152,Road_River,16604,1389,5.6,5,61.7,CL_MINOR,753,5,,41.85,0,Inland,Low,1,RC_Slab
3576,54.7209283308046,-7.60849565374656,Road_River,16604,1513,2.2,5,19.9,CL_MINOR,753,5,,42.33,0,Inland,Low,1,Masonry_Arch
3577,54.7450523176648,-7.52450708057687,Road_River,16609,1385,2.5,5,14.1,CL_MINOR,958,5,,37.36,0,Inland,Low,1,Masonry_Arch
3578,54.7358899584857,-7.43400178985535,Road_River,16610,1377,40.5,5,27,CL_MINOR,735,5,,36.12,0,Inland,High,7,Bespoke_Viaduct
3579,54.7584376942042,-7.40655648560794,Road_River,16624,1151,9.7,5,65.6,CL_MINOR,846,5,,33.21,0,Inland,High,1,RC_Slab
3580,54.7583860198305,-7.40835943254501,Road_River,16624,1260,16.9,5,49,CL_MINOR,846,5,,33.25,0,Inland,Medium,3,RC_Slab
3581,54.7702196237561,-7.50742692013947,Road_River,16631,1161,1.7,5,11.8,CL_MINOR,921,5,,34.37,0,Inland,Low,1,Culvert
3582,54.8107214225724,-7.44971928254709,Road_River,16644,646,1.5,5,12.8,CL_MINOR,716,5,,28.7,0,Inland,Low,1,Culvert
3583,54.8141506738131,-7.45429211263659,Road_River,16645,519,44.8,5,75,CL_MINOR,921,5,,28.48,0,Inland,High,8,Bespoke_Viaduct
3584,54.8036880088155,-7.40369241640773,Road_River,16649,635,2.5,5,45.6,CL_MINOR,586,5,,28.35,0,Inland,Low,1,Masonry_Arch
3585,54.8044355323167,-7.39474902510917,Road_River,16651,634,1.5,5,20.9,CL_MINOR,586,5,,28.1,0,Inland,Low,1,Culvert
3586,54.8318515801766,-7.39543685281971,Road_River,16652,506,1.1,5,20.7,CL_MINOR,772,5,,25.22,0,Inland,Low,1,Culvert
3587,54.8324251683176,-7.38879875574933,Road_River,16652,510,2,5,7.09999999999999,CL_MINOR,772,5,,25.02,0,Inland,Low,1,Masonry_Arch
3588,54.8321703753855,-7.41544525232436,Road_River,16655,382,1.2,5,17.9,CL_MINOR,921,5,,25.64,0,Inland,Low,1,Culvert
3589,54.709850035626,-7.59723922223805,Road_River,16662,1510,1.7,5,4.2,CL_MINOR,660,5,,43.02,0,Inland,Low,1,Culvert
3590,54.7093923006677,-7.60081511669271,Road_River,16662,1514,3.2,5,0.200000000000003,CL_MINOR,660,5,,43.18,0,Inland,Low,1,Masonry_Arch
3591,54.7010111207446,-7.63278675616916,Road_River,16664,1648,1.5,5,17.2,CL_MINOR,660,5,,45.03,0,Inland,Low,1,Culvert
3592,54.7570943266051,-7.45900241815747,Road_River,16669,1262,1.7,5,23.8,CL_MINOR,921,5,,34.43,0,Inland,Low,1,Culvert
3593,54.7115624838766,-7.55107905484143,Road_River,16671,1496,43.5,5,9.5,CL_MINOR,958,5,,41.45,0,Inland,High,8,Bespoke_Viaduct
3594,54.6738955033579,-7.67686038585853,Road_River,16674,1785,25.1,5,12.8,CL_MINOR,623,5,,49.09,0,Inland,Medium,1,Bespoke_Viaduct
3595,54.8439378350477,-7.42834065230254,Road_River,16680,381,2,5,38.7,CL_MINOR,921,5,,24.78,0,Inland,Low,1,Masonry_Arch
3596,54.7878090941424,-7.44827680215913,Road_River,16682,1019,2.6,5,1.40000000000001,CL_MINOR,716,5,,31,0,Inland,Low,1,Masonry_Arch
3597,54.7864500528048,-7.43182937728007,Road_River,16684,1019,2.7,5,10.5,CL_MINOR,716,5,,30.76,0,Inland,Low,1,Masonry_Arch
3598,54.778150700472,-7.40550956008341,Road_River,16685,1154,1.3,5,16.6,CL_MINOR,846,5,,31.09,0,Inland,Low,1,Culvert
3599,54.7361508281644,-7.54867180061349,Road_River,16688,1387,2.5,5,22.5,CL_MINOR,958,5,,38.95,0,Inland,Low,1,Masonry_Arch
3600,54.7351936138859,-7.5766122472445,Road_River,16692,1388,2,5,10.5,CL_MINOR,679,5,,39.92,0,Inland,Low,1,Masonry_Arch
3601,54.7258521065338,-7.64037178872122,Road_River,16694,1393,2.6,5,1.2,CL_MINOR,660,5,,42.98,0,Inland,Low,1,Masonry_Arch
3602,54.7240333738048,-7.67398486383515,Road_River,16698,1392,2.2,5,24.6,CL_MINOR,474,5,,44.4,0,Inland,Low,1,Masonry_Arch
3603,54.7924538096739,-7.54349441478827,Road_River,16700,1025,4.8,5,40.8,CL_MINOR,586,5,,33.37,0,Inland,Medium,1,RC_Slab
3604,55.0151264233105,-7.18348143673125,Road_River,16701,3446,2.4,5,19.3,CL_MINOR,790,5,,4.16,0,Coastal,Low,1,Masonry_Arch
3605,55.0150666062213,-7.18398206039351,Road_River,16701,3446,1.8,5,24.5,CL_MINOR,790,5,,4.18,0,Coastal,Low,1,Culvert
3606,54.8933741498887,-7.07112706784673,Road_River,16703,4040,1.4,5,8.7,CL_MINOR,790,5,,16.74,0,Inland,Low,1,Culvert
3607,54.8895796494391,-7.09389821596509,Road_River,16707,4042,1.6,5,5,CL_MINOR,641,5,,17,0,Inland,Low,1,Culvert
3608,54.8915271180804,-7.0964598604719,Road_River,16710,4045,17.7,5,7.8,CL_MINOR,641,5,,16.78,0,Inland,High,3,RC_Slab
3609,54.8813969578785,-7.11172327785106,Road_River,16710,4116,2.2,5,20.5,CL_MINOR,641,5,,17.82,0,Inland,Low,1,Masonry_Arch
3610,54.8725358177683,-7.10707595034366,Road_River,16711,4111,2.8,5,34.7,CL_MINOR,641,5,,18.82,0,Inland,Low,1,Masonry_Arch
3611,54.8696988881003,-7.09286566820272,Road_River,16712,3949,2.2,5,33.7,CL_MINOR,641,5,,19.21,0,Inland,Low,1,Masonry_Arch
3612,54.8814784443519,-7.09586891212441,Road_River,16712,4114,1.9,5,44.4,CL_MINOR,641,5,,17.89,0,Inland,Low,1,Masonry_Arch
3613,54.8691853384996,-7.08461487637388,Road_River,16713,3948,2.4,5,53.1,CL_MINOR,790,5,,19.31,0,Inland,Low,1,Masonry_Arch
3614,54.8668268704568,-7.08332787234297,Road_River,16714,3946,3.5,5,0.0999999999999943,CL_MINOR,790,5,,19.58,0,Inland,Low,1,Masonry_Arch
3615,54.8676059097252,-7.0860518755055,Road_River,16714,3948,2.5,5,4,CL_MINOR,790,5,,19.47,0,Inland,Low,1,Masonry_Arch
3616,54.7776670078245,-7.41757445241596,Road_River,16715,1152,2.5,5,6.8,CL_MINOR,846,5,,31.38,0,Inland,Low,1,Masonry_Arch
3617,54.9392145097661,-7.41053004649527,Road_River,16719,72,2.5,5,29.9,CL_MINOR,679,5,,15.1,0,Inland,Low,1,Masonry_Arch
3618,54.9225225090064,-7.42460968745451,Road_River,16720,97,1.7,5,15.7,CL_MINOR,567,5,,17.12,0,Inland,Low,1,Culvert
3619,54.9371534970017,-7.41252969280616,Road_River,16722,72,4.4,5,20.4,CL_MINOR,381,5,,15.36,0,Inland,Low,1,Masonry_Arch
3620,54.9390405637817,-7.39398294429528,Road_River,16723,62,1.4,5,12.2,CL_MINOR,679,5,,14.48,0,Inland,Low,1,Culvert
3621,54.9164665919418,-7.42801576473186,Road_River,16734,97,2.6,5,2.90000000000001,CL_MINOR,567,5,,17.8,0,Inland,Low,1,Masonry_Arch
3622,54.8903260833957,-7.41156839902542,Road_River,16737,153,2.1,5,14.3,CL_MINOR,977,5,,19.69,0,Inland,Low,1,Masonry_Arch
3623,54.8886263884411,-7.4048341713651,Road_River,16738,17278,2.1,5,20.9,CL_MINOR,977,5,,19.66,0,Inland,Low,1,Masonry_Arch
3624,54.8847002863462,-7.39118308545475,Road_River,16740,224,23.9,5,4.2,CL_MINOR,977,5,,19.67,0,Inland,High,4,Bespoke_Viaduct
3625,54.8807413042069,-7.4027828675605,Road_River,16741,221,3.7,5,22.2,CL_MINOR,977,5,,20.38,0,Inland,Low,1,Masonry_Arch
3626,54.8618335365947,-7.41070091500016,Road_River,16742,310,8.4,5,6.5,CL_MINOR,977,5,,22.5,0,Inland,Low,2,Masonry_Arch
3627,54.846786008936,-7.42710309065114,Road_River,16749,381,1.4,5,9.7,CL_MINOR,921,5,,24.46,0,Inland,Low,1,Culvert
3628,54.8511786917584,-7.40424372281932,Road_River,16752,310,4.4,5,11.1,CL_MINOR,772,5,,23.42,0,Inland,Low,1,Masonry_Arch
3629,54.8965526225272,-7.3852379770105,Road_River,16755,150,2,5,49.4,CL_MINOR,790,5,,18.31,0,Inland,Low,1,Masonry_Arch
3630,54.1485615295743,-7.2928324246141,Road_River,16759,16083,1.6,5,16,CL_MINOR,455,5,,66.32,0,Inland,Low,1,Culvert
3631,54.2256176735062,-7.34562433569691,Road_River,16761,15435,9.4,5,15.5,CL_MINOR,567,5,,70.85,0,Inland,Low,2,RC_Slab
3632,54.2242268908901,-7.22556055988512,Road_River,16762,15414,12,5,9.09999999999999,CL_MINOR,455,5,,63.24,0,Inland,Low,2,RC_Slab
3633,54.1533664857632,-7.37023778587296,Road_River,16764,16122,2.9,5,43.9,CL_MINOR,567,5,,71.33,0,Inland,Medium,1,Masonry_Arch
3634,54.1506041358992,-7.36552397179381,Road_River,16764,16123,23,5,10.8,CL_MINOR,567,5,,71.01,0,Inland,High,4,Bespoke_Viaduct
3635,54.2032521956647,-7.27098316961084,Road_River,16766,15536,5.5,5,41,CL_MINOR,530,5,,65.67,0,Inland,Medium,1,RC_Slab
3636,54.2908450391137,-7.27985522178016,Road_River,16771,14820,3,5,13.3,CL_MINOR,418,5,,68.54,0,Inland,Low,1,Masonry_Arch
3637,54.2679901745607,-7.27525834095745,Road_River,16771,15047,1.8,5,49.7,CL_MINOR,418,5,,67.53,0,Inland,Low,1,Culvert
3638,54.2756566539166,-7.27482967484536,Road_River,16771,15051,3.5,5,47.8,CL_MINOR,418,5,,67.73,0,Inland,Low,1,Masonry_Arch
3639,54.2470027971896,-7.26689474498442,Road_River,16771,15331,1.8,5,7.90000000000001,CL_MINOR,418,5,,66.41,0,Inland,Low,1,Culvert
3640,54.2535370936855,-7.26821604478052,Road_River,16771,15335,1.9,5,4.2,CL_MINOR,418,5,,66.67,0,Inland,Low,1,Masonry_Arch
3641,54.2528257577835,-7.2685132588055,Road_River,16771,15336,2.5,5,4.40000000000001,CL_MINOR,418,5,,66.67,0,Inland,Low,1,Masonry_Arch
3642,54.1960622296241,-7.38997400644028,Road_River,16774,15746,5.7,5,53.2,CL_MINOR,548,5,,73.12,0,Inland,Medium,1,RC_Slab
3643,54.1950816239042,-7.38492879171348,Road_River,16774,15746,2.6,5,45.5,CL_MINOR,548,5,,72.78,0,Inland,Medium,1,Masonry_Arch
3644,54.1993498187425,-7.40837830180828,Road_River,16774,15747,4.9,5,30.8,CL_MINOR,548,5,,74.35,0,Inland,Low,1,RC_Slab
3645,54.180848000299,-7.36558066998714,Road_River,16775,15922,1,5,11.2,CL_MINOR,530,5,,71.34,0,Inland,Low,1,Culvert
3646,54.1799194784323,-7.37213618543064,Road_River,16775,15929,5.1,5,32,CL_MINOR,530,5,,71.75,0,Inland,Low,1,RC_Slab
3647,54.1617839424891,-7.37527197896468,Road_River,16776,16121,5.7,5,38.4,CL_MINOR,567,5,,71.74,0,Inland,Low,1,RC_Slab
3648,54.1796330736215,-7.38106047065004,Road_River,16777,15929,9.6,5,8.09999999999999,CL_MINOR,548,5,,72.31,0,Inland,Low,2,RC_Slab
3649,54.2358715958553,-7.36643825110047,Road_River,16778,15439,1.6,5,1.3,CL_MINOR,567,5,,72.39,0,Inland,Low,1,Culvert
3650,54.2579629470216,-7.38126903356928,Road_River,16781,13251,1.8,5,5.2,CL_MINOR,530,5,,73.86,0,Inland,Low,1,Culvert
3651,54.2529565146831,-7.38553701940329,Road_River,16781,13252,4,5,19.4,CL_MINOR,530,5,,74,0,Inland,Low,1,Masonry_Arch
3652,54.2647775447856,-7.38117528235852,Road_River,16781,15213,5,5,29.3,CL_MINOR,530,5,,74.03,0,Inland,Low,1,RC_Slab
3653,54.2581417458605,-7.1703614810739,Road_River,16782,15036,2.3,5,12.7,CL_MINOR,530,5,,60.73,0,Inland,Low,1,Masonry_Arch
3654,54.2481079266357,-7.16635368629463,Road_River,16782,15308,24.3,5,27.1,CL_MINOR,530,5,,60.17,0,Inland,High,5,Bespoke_Viaduct
3655,54.2502285969078,-7.1690259542571,Road_River,16782,15309,7.9,5,15.1,CL_MINOR,530,5,,60.4,0,Inland,Low,2,Masonry_Arch
3656,54.279688171162,-7.19802834047114,Road_River,16783,14984,2,5,2.59999999999999,CL_MINOR,530,5,,63.14,0,Inland,Low,1,Masonry_Arch
3657,54.2736049584111,-7.2078100988404,Road_River,16784,14992,4.3,5,54.5,CL_MINOR,586,5,,63.53,0,Inland,Medium,1,Masonry_Arch
3658,54.2834857180496,-7.1998560049165,Road_River,16785,14991,2.4,5,34.5,CL_MINOR,418,5,,63.38,0,Inland,Low,1,Masonry_Arch
3659,54.2644879504051,-7.19165704068978,Road_River,16786,15035,2.7,5,3,CL_MINOR,530,5,,62.24,0,Inland,Low,1,Masonry_Arch
3660,54.2704855024792,-7.20336758793209,Road_River,16786,15041,3.4,5,40.9,CL_MINOR,530,5,,63.16,0,Inland,Low,1,Masonry_Arch
3661,54.2744533381224,-7.21264525245814,Road_River,16789,14992,2.4,5,27.2,CL_MINOR,586,5,,63.86,0,Inland,Low,1,Masonry_Arch
3662,54.2785691630767,-7.22571052730989,Road_River,16791,14997,1.6,5,7.2,CL_MINOR,586,5,,64.8,0,Inland,Low,1,Culvert
3663,54.2896408318194,-7.2612983551203,Road_River,16792,14816,1.5,5,12.5,CL_MINOR,381,5,,67.36,0,Inland,Low,1,Culvert
3664,54.2526943298726,-7.2926617164461,Road_River,16793,13243,1.2,5,24.7,CL_MINOR,418,5,,68.17,0,Inland,Low,1,Culvert
3665,54.2640808519784,-7.31552270706942,Road_River,16793,15195,6.3,5,60.9,CL_MINOR,418,5,,69.91,0,Inland,Medium,2,Masonry_Arch
3666,54.265042448008,-7.31589557421926,Road_River,16793,15202,2.6,5,22.6,CL_MINOR,418,5,,69.97,0,Inland,Low,1,Masonry_Arch
3667,54.2445923625493,-7.27090281176778,Road_River,16793,15330,4.3,5,11.5,CL_MINOR,418,5,,66.59,0,Inland,Low,1,Masonry_Arch
3668,54.2919786921888,-7.28604962833616,Road_River,16794,14819,3.8,5,15.2,CL_MINOR,455,5,,68.96,0,Inland,Low,1,Masonry_Arch
3669,54.2941828379444,-7.28241222376824,Road_River,16799,14819,2.7,5,3.90000000000001,CL_MINOR,455,5,,68.81,0,Inland,Low,1,Masonry_Arch
3670,54.2976380231449,-7.28692630193084,Road_River,16799,14829,2.1,5,46.2,CL_MINOR,455,5,,69.21,0,Inland,Low,1,Masonry_Arch
3671,54.2923199239936,-7.2917215305404,Road_River,16800,14830,33.6,5,50.3,CL_MINOR,455,5,,69.32,0,Inland,High,2,Bespoke_Viaduct
3672,54.2991368909361,-7.312354885989,Road_River,16802,14828,4.3,5,16.7,CL_MINOR,530,5,,70.82,0,Inland,Low,1,Masonry_Arch
3673,54.2973734753782,-7.30936790340968,Road_River,16802,14841,4.7,5,25.7,CL_MINOR,530,5,,70.57,0,Inland,Low,1,RC_Slab
3674,54.2712862047072,-7.36146827393699,Road_River,16804,15203,1.5,5,45.6,CL_MINOR,437,5,,72.98,0,Inland,Low,1,Culvert
3675,54.2695060906916,-7.37207110902091,Road_River,16804,15204,3.5,5,33,CL_MINOR,437,5,,73.59,0,Inland,Low,1,Masonry_Arch
3676,54.2069936279305,-7.30499256915585,Road_River,16805,15542,2,5,20.9,CL_MINOR,492,5,,67.9,0,Inland,Low,1,Masonry_Arch
3677,54.2095334767755,-7.31089008570297,Road_River,16805,15542,2.9,5,39.3,CL_MINOR,492,5,,68.32,0,Inland,Low,1,Masonry_Arch
3678,54.2105260098706,-7.31361711930272,Road_River,16805,15542,5.3,5,37.9,CL_MINOR,492,5,,68.51,0,Inland,Low,1,RC_Slab
3679,54.211002371838,-7.31503088806778,Road_River,16805,15543,2.4,5,30.1,CL_MINOR,492,5,,68.61,0,Inland,Low,1,Masonry_Arch
3680,54.2114798750428,-7.31673553806766,Road_River,16805,15544,1.2,5,13.5,CL_MINOR,492,5,,68.73,0,Inland,Low,1,Culvert
3681,54.2141636157578,-7.3286302854477,Road_River,16805,15550,2.8,5,47.4,CL_MINOR,492,5,,69.54,0,Inland,Low,1,Masonry_Arch
3682,54.2134770895762,-7.32703430481785,Road_River,16805,15551,1.7,5,28.5,CL_MINOR,492,5,,69.42,0,Inland,Low,1,Culvert
3683,54.2091630758082,-7.30066247392353,Road_River,16806,15542,3,5,28.7,CL_MINOR,492,5,,67.67,0,Inland,Low,1,Masonry_Arch
3684,54.2138701675812,-7.31564574008139,Road_River,16806,15545,5.6,5,46.4,CL_MINOR,492,5,,68.71,0,Inland,Medium,1,RC_Slab
3685,54.2071435423209,-7.29061995200231,Road_River,16809,15536,4.1,5,13.3,CL_MINOR,474,5,,66.99,0,Inland,Low,1,Masonry_Arch
3686,54.216559092757,-7.28469497021532,Road_River,16809,15537,3.3,5,50.3,CL_MINOR,474,5,,66.8,0,Inland,Low,1,Masonry_Arch
3687,54.2722686633619,-7.23568134420015,Road_River,16810,14995,1.7,5,7.8,CL_MINOR,418,5,,65.21,0,Inland,Low,1,Culvert
3688,54.2715224304907,-7.23667852453417,Road_River,16810,14998,2.1,5,14.2,CL_MINOR,418,5,,65.25,0,Inland,Low,1,Masonry_Arch
3689,54.2687864842476,-7.23949856147739,Road_River,16810,15043,1.4,5,25.9,CL_MINOR,418,5,,65.33,0,Inland,Low,1,Culvert
3690,54.2614882891303,-7.24219389060502,Road_River,16810,15044,3.4,5,8.90000000000001,CL_MINOR,418,5,,65.28,0,Inland,Low,1,Masonry_Arch
3691,54.2495887528329,-7.25280232897214,Road_River,16811,15333,4,5,27.8,CL_MINOR,418,5,,65.6,0,Inland,Low,1,Masonry_Arch
3692,54.2553371830632,-7.21813561680835,Road_River,16812,15322,2,5,12.7,CL_MINOR,586,5,,63.6,0,Inland,Low,1,Masonry_Arch
3693,54.2497601833073,-7.21890904343448,Road_River,16813,15315,2.8,5,23.9,CL_MINOR,586,5,,63.49,0,Inland,Low,1,Masonry_Arch
3694,54.2471972545298,-7.21792732139136,Road_River,16813,15317,1.6,5,10.7,CL_MINOR,586,5,,63.35,0,Inland,Low,1,Culvert
3695,54.2587086197752,-7.18484323932055,Road_River,16814,15037,1.3,5,18,CL_MINOR,530,5,,61.64,0,Inland,Low,1,Culvert
3696,54.2496435654939,-7.18022131432342,Road_River,16814,15310,4.7,5,33.8,CL_MINOR,530,5,,61.08,0,Inland,Low,1,RC_Slab
3697,54.2494111688257,-7.20017989702249,Road_River,16819,15316,3.8,5,39.3,CL_MINOR,530,5,,62.31,0,Inland,Low,1,Masonry_Arch
3698,54.2518924589737,-7.21389800010405,Road_River,16820,15322,1.7,5,28.1,CL_MINOR,586,5,,63.24,0,Inland,Low,1,Culvert
3699,54.2298965869765,-7.22879554318318,Road_River,16821,15418,5,5,39.6,CL_MINOR,455,5,,63.58,0,Inland,Low,1,RC_Slab
3700,54.2346101203059,-7.22802631765277,Road_River,16821,16995,5.9,5,7.2,CL_MINOR,455,5,,63.65,0,Inland,Low,1,RC_Slab
3701,54.2205286373244,-7.22529486988055,Road_River,16822,15415,12.6,5,31.2,CL_MINOR,455,5,,63.14,0,Inland,Low,1,Bespoke_Viaduct
3702,54.2144850287953,-7.23243436950092,Road_River,16822,15529,10.7,5,11.2,CL_MINOR,455,5,,63.45,0,Inland,Low,1,Bespoke_Viaduct
3703,54.2219735666411,-7.24885674237193,Road_River,16823,15419,4.1,5,10.1,CL_MINOR,623,5,,64.66,0,Inland,Low,1,Masonry_Arch
3704,54.2635445801074,-7.22430773104139,Road_River,16826,15044,2.6,5,4.40000000000001,CL_MINOR,586,5,,64.23,0,Inland,Low,1,Masonry_Arch
3705,54.1326795277758,-7.30454947913931,Road_River,16831,16275,5.9,5,63.2,CL_MINOR,437,5,,66.96,0,Inland,Medium,1,RC_Slab
3706,54.240782436877,-7.17756050332812,Road_River,16832,15308,24.7,5,7.7,CL_MINOR,474,5,,60.66,0,Inland,High,5,Bespoke_Viaduct
3707,54.4780319302757,-7.38440214317416,Road_River,16833,3075,1.8,5,17.2,CL_MINOR,623,5,,63.42,0,Inland,Low,1,Culvert
3708,54.4788041322943,-7.37766375403469,Road_River,16833,3075,2.1,5,23.8,CL_MINOR,623,5,,63.27,0,Inland,Low,1,Masonry_Arch
3709,54.4815336638021,-7.21769845054627,Road_River,16835,3051,2.3,5,18.4,CL_MINOR,753,5,,62.44,0,Inland,Low,1,Masonry_Arch
3710,54.4809737409032,-7.19640089780039,Road_River,16837,3045,2.7,5,13,CL_MINOR,1014,5,,62.39,0,Inland,Low,1,Masonry_Arch
3711,54.4787396084092,-7.23609097372206,Road_River,16839,3049,2.4,5,38.1,CL_MINOR,753,5,,62.77,0,Inland,Low,1,Masonry_Arch
3712,54.4659058353928,-7.19722792634839,Road_River,16842,3087,2.1,5,4.8,CL_MINOR,1014,5,,64.06,0,Inland,Low,1,Masonry_Arch
3713,54.4769089003047,-7.19567988313094,Road_River,16844,3086,3.4,5,18.3,CL_MINOR,1014,5,,62.84,0,Inland,Low,1,Masonry_Arch
3714,54.4690390452613,-7.29283931296276,Road_River,16845,3061,2.8,5,24.9,CL_MINOR,511,5,,63.89,0,Inland,Low,1,Masonry_Arch
3715,54.4577246399487,-7.26374331971135,Road_River,16847,3091,2.6,5,21.4,CL_MINOR,548,5,,65.1,0,Inland,Low,1,Masonry_Arch
3716,54.4545463203476,-7.25450043643521,Road_River,16848,7441,1.3,5,22,CL_MINOR,548,5,,65.44,0,Inland,Low,1,Culvert
3717,54.4527836601616,-7.24832806129883,Road_River,16848,7442,1.4,5,26.6,CL_MINOR,548,5,,65.64,0,Inland,Low,1,Culvert
3718,54.4578526091551,-7.07797093318584,Road_River,16849,7585,2.2,5,6.5,CL_MINOR,865,5,,64.88,0,Inland,Low,1,Masonry_Arch
3719,54.4575406873719,-7.0942570602525,Road_River,16850,7586,2.4,5,18.3,CL_MINOR,660,5,,64.87,0,Inland,Low,1,Masonry_Arch
3720,54.4513234886009,-7.13511979536316,Road_River,16854,7440,1.3,5,1,CL_MINOR,697,5,,65.53,0,Inland,Low,1,Culvert
3721,54.4496925454265,-7.13657876989188,Road_River,16854,7646,2.7,5,4.40000000000001,CL_MINOR,697,5,,65.71,0,Inland,Low,1,Masonry_Arch
3722,54.4509216265804,-7.128718632506,Road_River,16855,7440,2.7,5,35.5,CL_MINOR,660,5,,65.57,0,Inland,Low,1,Masonry_Arch
3723,54.4529940645935,-7.10904131660572,Road_River,16855,7588,2.3,5,27.3,CL_MINOR,660,5,,65.35,0,Inland,Low,1,Masonry_Arch
3724,54.4516618049043,-7.11737415510902,Road_River,16855,7642,2.5,5,13.6,CL_MINOR,660,5,,65.49,0,Inland,Low,1,Masonry_Arch
3725,54.4484292475821,-7.13292544053574,Road_River,16855,7646,2.6,5,13.8,CL_MINOR,660,5,,65.85,0,Inland,Low,1,Masonry_Arch
3726,54.3934272194306,-7.18151515413151,Road_River,16859,878,5.3,5,60,CL_MINOR,716,5,,67.19,0,Inland,Low,1,RC_Slab
3727,54.3862806881422,-7.23568834049292,Road_River,16860,8271,3.2,5,3.8,CL_MINOR,790,5,,69.92,0,Inland,Low,1,Masonry_Arch
3728,54.386204655988,-7.17551371693138,Road_River,16861,879,1.9,5,1.09999999999999,CL_MINOR,474,5,,66.47,0,Inland,Low,1,Masonry_Arch
3729,54.3782507133226,-7.25926892279142,Road_River,16862,14295,5.4,5,0.900000000000006,CL_MINOR,492,5,,70.89,0,Inland,Low,1,RC_Slab
3730,54.3795559940422,-7.27068785745927,Road_River,16862,14297,21,5,67.3,CL_MINOR,492,5,,71.61,0,Inland,High,4,Bespoke_Viaduct
3731,54.3473772705713,-7.25099870316056,Road_River,16864,14389,1.9,5,1,CL_MINOR,418,5,,68.99,0,Inland,Low,1,Masonry_Arch
3732,54.3600387586749,-7.26473969139824,Road_River,16864,14396,2.5,5,36.7,CL_MINOR,418,5,,70.36,0,Inland,Low,1,Masonry_Arch
3733,54.3621942392804,-7.26578755681762,Road_River,16864,14398,2.4,5,43.1,CL_MINOR,418,5,,70.52,0,Inland,Low,1,Masonry_Arch
3734,54.356663505444,-7.2615621351112,Road_River,16864,14400,4,5,39.2,CL_MINOR,418,5,,70.02,0,Inland,Low,1,Masonry_Arch
3735,54.3348840864323,-7.24063767373335,Road_River,16864,14542,1.4,5,22.5,CL_MINOR,418,5,,67.84,0,Inland,Low,1,Culvert
3736,54.3320534077752,-7.24049992783844,Road_River,16864,14543,4.3,5,38.1,CL_MINOR,418,5,,67.71,0,Inland,Low,1,Masonry_Arch
3737,54.3276318468149,-7.24049991156582,Road_River,16864,14693,4.6,5,23.6,CL_MINOR,418,5,,67.53,0,Inland,Low,1,RC_Slab
3738,54.3824569146488,-7.23955834425979,Road_River,16865,8418,2.7,5,24.2,CL_MINOR,492,5,,69.95,0,Inland,Low,1,Masonry_Arch
3739,54.3709274347519,-7.25978290961379,Road_River,16866,14298,4,5,38.9,CL_MINOR,492,5,,70.57,0,Inland,Low,1,Masonry_Arch
3740,54.3731132432906,-7.2553296906384,Road_River,16866,14390,7.3,5,24.6,CL_MINOR,492,5,,70.41,0,Inland,Low,2,Masonry_Arch
3741,54.3126296131827,-7.29603753396975,Road_River,16867,14712,2.2,5,25.6,CL_MINOR,548,5,,70.3,0,Inland,Low,1,Masonry_Arch
3742,54.3329131974626,-7.29542384029152,Road_River,16868,14548,7.2,5,16.8,CL_MINOR,548,5,,71.04,0,Inland,Low,2,Masonry_Arch
3743,54.364096081241,-7.36172031317414,Road_River,16874,14411,1.9,5,4.7,CL_MINOR,474,5,,75.82,0,Inland,Low,1,Masonry_Arch
3744,54.3125647659098,-7.31317172223223,Road_River,16876,14711,5.4,5,38.8,CL_MINOR,530,5,,71.34,0,Inland,Low,1,RC_Slab
3745,54.3081393640682,-7.31179976791012,Road_River,16876,14826,2.2,5,21.8,CL_MINOR,530,5,,71.1,0,Inland,Low,1,Masonry_Arch
3746,54.3714297629499,-7.31071128016637,Road_River,16877,14302,3.5,5,4.40000000000001,CL_MINOR,753,5,,73.58,0,Inland,Low,1,Masonry_Arch
3747,54.3378456431168,-7.31776832179389,Road_River,16878,14549,2.2,5,11.6,CL_MINOR,492,5,,72.58,0,Inland,Low,1,Masonry_Arch
3748,54.3367052519875,-7.31647597579896,Road_River,16878,14550,32.6,5,46.5,CL_MINOR,492,5,,72.46,0,Inland,High,2,Bespoke_Viaduct
3749,54.3432646242664,-7.36079389280294,Road_River,16880,14560,54.3,5,30.1,CL_MINOR,697,5,,75.38,0,Inland,High,2,Bespoke_Viaduct
3750,54.3640354466251,-7.30852190988914,Road_River,16882,14301,10.1,5,36.2,CL_MINOR,753,5,,73.13,0,Inland,Low,2,RC_Slab
3751,54.3646981071128,-7.31985374048075,Road_River,16883,14299,6,5,30.4,CL_MINOR,753,5,,73.83,0,Inland,Low,1,RC_Slab
3752,54.370603989951,-7.33557220828873,Road_River,16884,14308,1.7,5,20.5,CL_MINOR,753,5,,74.96,0,Inland,Low,1,Culvert
3753,54.3696206694826,-7.29354334478984,Road_River,16885,14301,13.2,5,36.6,CL_MINOR,492,5,,72.49,0,Inland,Low,1,Bespoke_Viaduct
3754,54.3688458046996,-7.29094351724952,Road_River,16885,14397,1.2,5,10.9,CL_MINOR,492,5,,72.3,0,Inland,Low,1,Culvert
3755,54.3751524895471,-7.36027316685741,Road_River,16886,14309,2.5,5,4.40000000000001,CL_MINOR,474,5,,74.59,0,Inland,Low,1,Masonry_Arch
3756,54.3754154923171,-7.36792089815658,Road_River,16887,14312,2.9,5,24.1,CL_MINOR,474,5,,74.6,0,Inland,Low,1,Masonry_Arch
3757,54.3078643946405,-7.33615312858191,Road_River,16888,14833,2.5,5,20.6,CL_MINOR,530,5,,72.57,0,Inland,Low,1,Masonry_Arch
3758,54.3099086286083,-7.36627148946756,Road_River,16889,14842,5.8,5,3.40000000000001,CL_MINOR,399,5,,74.49,0,Inland,Low,1,RC_Slab
3759,54.3094770864601,-7.35507156640492,Road_River,16889,14843,5,5,26.5,CL_MINOR,399,5,,73.79,0,Inland,Low,1,RC_Slab
3760,54.3132494483089,-7.38030579149376,Road_River,16889,14844,1,5,2.09999999999999,CL_MINOR,399,5,,75.47,0,Inland,Low,1,Culvert
3761,54.4317543131583,-7.09928661825897,Road_River,16891,7440,1.9,5,26.2,CL_MINOR,660,5,,64.89,0,Inland,Low,1,Masonry_Arch
3762,54.4306359390121,-7.11025322657366,Road_River,16891,7774,21.9,5,42,CL_MINOR,660,5,,65.4,0,Inland,High,4,Bespoke_Viaduct
3763,54.4300838871981,-7.13432490094452,Road_River,16892,7764,1.6,5,4.09999999999999,CL_MINOR,697,5,,66.67,0,Inland,Low,1,Culvert
3764,54.4332655602714,-7.13808144686867,Road_River,16892,7782,11,5,0.200000000000003,CL_MINOR,697,5,,67.06,0,Inland,High,2,RC_Slab
3765,54.3982057761469,-7.17965489439045,Road_River,16894,878,1.9,5,26.5,CL_MINOR,716,5,,67.34,0,Inland,Low,1,Masonry_Arch
3766,54.4062633437914,-7.1811642052472,Road_River,16894,7915,3.4,5,5,CL_MINOR,716,5,,67.87,0,Inland,Low,1,Masonry_Arch
3767,54.4040671095453,-7.18070567801635,Road_River,16894,7915,7.5,5,53.7,CL_MINOR,716,5,,67.72,0,Inland,Medium,2,Masonry_Arch
3768,54.4058319620731,-7.19918423378747,Road_River,16896,884,5.8,5,8.09999999999999,CL_MINOR,716,5,,68.86,0,Inland,Low,1,RC_Slab
3769,54.4062988519165,-7.18785203892272,Road_River,16896,7915,3.3,5,39.5,CL_MINOR,716,5,,68.24,0,Inland,Low,1,Masonry_Arch
3770,54.3983763845293,-7.27101274127673,Road_River,16897,8272,1.6,5,28,CL_MINOR,492,5,,71.69,0,Inland,Low,1,Culvert
3771,54.4042647124786,-7.26377157472984,Road_River,16898,7926,15.1,5,19.8,CL_MINOR,511,5,,71.03,0,Inland,Medium,1,Bespoke_Viaduct
3772,54.4016556499739,-7.29720801199311,Road_River,16899,7944,1.2,5,3.8,CL_MINOR,492,5,,71.37,0,Inland,Low,1,Culvert
3773,54.4028977421695,-7.29514939583317,Road_River,16899,7946,0.9,5,5.2,CL_MINOR,492,5,,71.23,0,Inland,Low,1,Culvert
3774,54.406550493197,-7.21303880367598,Road_River,16900,7924,1.8,5,16.5,CL_MINOR,790,5,,69.67,0,Inland,Low,1,Culvert
3775,54.4117728543372,-7.22790605672447,Road_River,16902,7918,13.4,5,1.3,CL_MINOR,790,5,,70.21,0,Inland,Medium,1,Bespoke_Viaduct
3776,54.4109308150627,-7.23694344591745,Road_River,16903,7916,3.8,5,50.2,CL_MINOR,511,5,,70.29,0,Inland,Low,1,Masonry_Arch
3777,54.4113378514636,-7.23608481997209,Road_River,16903,7925,3.8,5,36,CL_MINOR,511,5,,70.25,0,Inland,Low,1,Masonry_Arch
3778,54.4079750058438,-7.25574188530537,Road_River,16903,7937,2.6,5,11.2,CL_MINOR,511,5,,70.61,0,Inland,Low,1,Masonry_Arch
3779,54.4067402226629,-7.27092474876112,Road_River,16904,7933,2.7,5,4.90000000000001,CL_MINOR,492,5,,70.76,0,Inland,Low,1,Masonry_Arch
3780,54.4071369813882,-7.26911414722914,Road_River,16904,7934,2,5,12.3,CL_MINOR,492,5,,70.71,0,Inland,Low,1,Masonry_Arch
3781,54.4059930890647,-7.28140588098451,Road_River,16904,9892,19,5,54.2,CL_MINOR,492,5,,70.86,0,Inland,High,4,RC_Slab
3782,54.4225732700052,-7.22138852950045,Road_River,16906,7797,4.3,5,53,CL_MINOR,790,5,,68.98,0,Inland,Low,1,Masonry_Arch
3783,54.4247152208845,-7.21058217857137,Road_River,16907,7793,2.2,5,26.6,CL_MINOR,660,5,,68.69,0,Inland,Low,1,Masonry_Arch
3784,54.4240637054469,-7.21437638194155,Road_River,16907,7794,3.7,5,47.7,CL_MINOR,660,5,,68.78,0,Inland,Low,1,Masonry_Arch
3785,54.3920733356578,-7.30879204312316,Road_River,16910,8274,1.7,5,11.6,CL_MINOR,492,5,,72.47,0,Inland,Low,1,Culvert
3786,54.3965971288433,-7.30610623956445,Road_River,16910,8277,2,5,10.2,CL_MINOR,492,5,,71.96,0,Inland,Low,1,Masonry_Arch
3787,54.3995238081294,-7.30064882914083,Road_River,16912,7950,1.1,5,21.3,CL_MINOR,492,5,,71.62,0,Inland,Low,1,Culvert
3788,54.404194454499,-7.38975132511675,Road_River,16915,12661,6.5,5,49.1,CL_MINOR,492,5,,71.59,0,Inland,Medium,2,Masonry_Arch
3789,54.4011479786126,-7.36272391027606,Road_River,16916,14250,2.1,5,1.5,CL_MINOR,455,5,,71.73,0,Inland,Low,1,Masonry_Arch
3790,54.4015538556853,-7.36145550052748,Road_River,16916,14250,1.8,5,53,CL_MINOR,455,5,,71.68,0,Inland,Low,1,Culvert
3791,54.4367692255629,-7.14103893819253,Road_River,16918,7648,4.9,5,42.3,CL_MINOR,697,5,,67.15,0,Inland,Medium,1,RC_Slab
3792,54.4399457925506,-7.22176335184038,Road_River,16922,7658,1.7,5,17.9,CL_MINOR,660,5,,67.06,0,Inland,Low,1,Culvert
3793,54.446469179636,-7.2355895436314,Road_River,16922,7662,1.2,5,24.5,CL_MINOR,660,5,,66.35,0,Inland,Low,1,Culvert
3794,54.4853794159824,-7.17796702973501,Road_River,16924,3041,2.2,5,13.8,CL_MINOR,1014,5,,61.83,0,Inland,Low,1,Masonry_Arch
3795,54.3547972432717,-7.34133716425164,Road_River,16925,14404,6.9,5,30.3,CL_MINOR,753,5,,74.68,0,Inland,Low,1,RC_Slab
3796,54.5795562964982,-7.32928499663788,Road_River,16927,2470,1.5,5,26.5,CL_MINOR,1014,5,,51.81,0,Inland,Low,1,Culvert
3797,54.590528133569,-7.38117617414378,Road_River,16931,2366,2.9,5,41.3,CL_MINOR,679,5,,51.04,0,Inland,Low,1,Masonry_Arch
3798,54.5940641630868,-7.38402802347512,Road_River,16931,2367,2.3,5,8.2,CL_MINOR,679,5,,50.68,0,Inland,Low,1,Masonry_Arch
3799,54.5925935944603,-7.32879632211465,Road_River,16934,2470,4,5,61.7,CL_MINOR,1014,5,,50.37,0,Inland,Low,1,Masonry_Arch
3800,54.617672324003,-7.36339022205193,Road_River,16939,2132,3.8,5,34.5,CL_MINOR,846,5,,47.88,0,Inland,Low,1,Masonry_Arch
3801,54.6449755187392,-7.32428364667616,Road_River,16941,1977,93.1,5,13.8,CL_MINOR,1014,5,,44.55,0,Inland,High,4,Bespoke_Viaduct
3802,54.6362762321146,-7.36632271892075,Road_River,16944,2135,3,5,26,CL_MINOR,846,5,,45.87,0,Inland,Low,1,Masonry_Arch
3803,54.637106922191,-7.37354122882702,Road_River,16946,1983,3.2,5,50.3,CL_MINOR,846,5,,45.86,0,Inland,Low,1,Masonry_Arch
3804,54.651404113445,-7.36251935618902,Road_River,16948,1839,2.1,5,17.3,CL_MINOR,679,5,,44.17,0,Inland,Low,1,Masonry_Arch
3805,54.6614051361386,-7.38824501468194,Road_River,16949,1841,2.5,5,0.0999999999999943,CL_MINOR,623,5,,43.38,0,Inland,Low,1,Masonry_Arch
3806,54.6609564812732,-7.32501798899895,Road_River,16954,701,8.8,5,13.6,CL_MINOR,1014,5,,42.79,0,Inland,Low,2,Masonry_Arch
3807,54.6480869434829,-7.34787245431151,Road_River,16958,1978,2.1,5,45.3,CL_MINOR,679,5,,44.4,0,Inland,Low,1,Masonry_Arch
3808,54.597967683181,-7.32481365206085,Road_River,16959,2252,3.3,5,37.5,CL_MINOR,1014,5,,49.75,0,Inland,Low,1,Masonry_Arch
3809,54.5992073942074,-7.32472463923242,Road_River,16964,2254,3.6,5,38.3,CL_MINOR,1014,5,,49.61,0,Inland,Low,1,Masonry_Arch
3810,54.6124681845972,-7.35358708731255,Road_River,16965,2261,3.4,5,12.3,CL_MINOR,846,5,,48.36,0,Inland,Low,1,Masonry_Arch
3811,54.6096803328243,-7.27192324700675,Road_River,16986,2241,3.7,5,3.90000000000001,CL_MINOR,828,5,,48.24,0,Inland,Low,1,Masonry_Arch
3812,54.6501693862005,-7.30158053006908,Road_River,16996,697,3.5,5,4.09999999999999,CL_MINOR,1014,5,,43.85,0,Inland,Low,1,Masonry_Arch
3813,54.6494302121707,-7.30035358598821,Road_River,16996,1971,2.3,5,55.7,CL_MINOR,1014,5,,43.92,0,Inland,Low,1,Masonry_Arch
3814,54.6407200724432,-7.30259006075917,Road_River,16997,1970,1.1,5,9.40000000000001,CL_MINOR,1014,5,,44.9,0,Inland,Low,1,Culvert
3815,54.6443920746269,-7.31367554977572,Road_River,16997,1973,2.5,5,18.6,CL_MINOR,1014,5,,44.55,0,Inland,Low,1,Masonry_Arch
3816,54.6362505192984,-7.19570314382827,Road_River,16999,1965,2.5,5,2.5,CL_MINOR,1014,5,,45.21,0,Inland,Low,1,Masonry_Arch
3817,54.6432075039347,-7.17858107717274,Road_River,17003,1960,1.9,5,4.59999999999999,CL_MINOR,623,5,,44.35,0,Inland,Low,1,Masonry_Arch
3818,54.6446625013726,-7.17518326787807,Road_River,17003,1961,1.8,5,7.8,CL_MINOR,623,5,,44.17,0,Inland,Low,1,Culvert
3819,54.6455445722881,-7.17256429768551,Road_River,17003,1962,1.7,5,12.3,CL_MINOR,623,5,,44.06,0,Inland,Low,1,Culvert
3820,54.6435162286369,-7.17057730356736,Road_River,17007,1962,2.7,5,30.2,CL_MINOR,623,5,,44.28,0,Inland,Low,1,Masonry_Arch
3821,54.6375843973412,-7.17348347429004,Road_River,17010,1959,3.5,5,11.5,CL_MINOR,1014,5,,44.95,0,Inland,Low,1,Masonry_Arch
3822,54.6338964950087,-7.170533833241,Road_River,17011,2110,9.3,5,6.8,CL_MINOR,1014,5,,45.35,0,Inland,Low,1,RC_Slab
3823,54.6283491768552,-7.15322132022359,Road_River,17016,2111,1.2,5,10.5,CL_MINOR,735,5,,45.91,0,Inland,Low,1,Culvert
3824,54.6147429753939,-7.17172374372535,Road_River,17020,2113,1.9,5,25.7,CL_MINOR,1014,5,,47.47,0,Inland,Low,1,Masonry_Arch
3825,54.6244960740154,-7.13150997070345,Road_River,17022,1957,1.9,5,21.5,CL_MINOR,735,5,,46.31,0,Inland,Low,1,Masonry_Arch
3826,54.6087451840441,-7.12607040101237,Road_River,17024,2229,1.6,5,10.6,CL_MINOR,623,5,,48.05,0,Inland,Low,1,Culvert
3827,54.610936850929,-7.11327643329812,Road_River,17028,2229,1.8,5,13.6,CL_MINOR,623,5,,47.82,0,Inland,Low,1,Culvert
3828,54.6238205011141,-7.22250454002263,Road_River,17031,2114,2,5,40.2,CL_MINOR,958,5,,46.69,0,Inland,Low,1,Masonry_Arch
3829,54.6176119601676,-7.23920449679954,Road_River,17033,1964,3.9,5,13,CL_MINOR,828,5,,47.35,0,Inland,Low,1,Masonry_Arch
3830,54.6225631240219,-7.20727602656123,Road_River,17035,2115,3.5,5,41.4,CL_MINOR,958,5,,46.8,0,Inland,Medium,1,Masonry_Arch
3831,54.6012652405849,-7.25791041303569,Road_River,17051,2242,12.1,5,36.8,CL_MINOR,809,5,,49.16,0,Inland,Low,3,Masonry_Arch
3832,54.5776223307419,-7.29955507786901,Road_River,17054,2465,2.6,5,48,CL_MINOR,1014,5,,51.87,0,Inland,Low,1,Masonry_Arch
3833,54.5939086902325,-7.24228844021989,Road_River,17057,2237,2.2,5,4.40000000000001,CL_MINOR,809,5,,49.98,0,Inland,Low,1,Masonry_Arch
3834,54.5913894052477,-7.23266072435742,Road_River,17059,2360,2.9,5,25.2,CL_MINOR,884,5,,50.27,0,Inland,Low,1,Masonry_Arch
3835,54.5895608360568,-7.16000027827456,Road_River,17063,2345,1.9,5,10.3,CL_MINOR,679,5,,50.23,0,Inland,Low,1,Masonry_Arch
3836,54.5831648055631,-7.15156908478601,Road_River,17063,2347,3.1,5,34.2,CL_MINOR,679,5,,50.92,0,Inland,Low,1,Masonry_Arch
3837,54.5832359656524,-7.21097309873155,Road_River,17064,2353,13.8,5,20,CL_MINOR,884,5,,51.16,0,Inland,High,3,RC_Slab
3838,54.5820783386311,-7.18861621515461,Road_River,17067,2352,2.8,5,26.4,CL_MINOR,567,5,,51.16,0,Inland,Low,1,Masonry_Arch
3839,54.5792926700333,-7.16062826085407,Road_River,17067,2450,1.6,5,50,CL_MINOR,567,5,,51.37,0,Inland,Low,1,Culvert
3840,54.5806975931214,-7.15287741469287,Road_River,17069,2348,17.4,5,0.400000000000006,CL_MINOR,679,5,,51.19,0,Inland,High,3,RC_Slab
3841,54.6159139107105,-7.07774187285395,Road_River,17072,2106,1,5,19.6,CL_MINOR,548,5,,47.37,0,Inland,Low,1,Culvert
3842,54.6118354555618,-7.10560477764381,Road_River,17074,2229,3.2,5,42,CL_MINOR,623,5,,47.73,0,Inland,Low,1,Masonry_Arch
3843,54.4873934778281,-7.1843170278987,Road_River,17079,3045,1.3,5,13.3,CL_MINOR,1014,5,,61.63,0,Inland,Low,1,Culvert
3844,54.5105659416805,-7.13559953662459,Road_River,17083,2908,1.2,5,2.09999999999999,CL_MINOR,586,5,,58.95,0,Inland,Low,1,Culvert
3845,54.5067919246527,-7.13423797589788,Road_River,17083,2910,2.3,5,26.2,CL_MINOR,586,5,,59.37,0,Inland,Low,1,Masonry_Arch
3846,54.4981676141194,-7.13122640069644,Road_River,17083,2978,3.1,5,46.4,CL_MINOR,586,5,,60.33,0,Inland,Low,1,Masonry_Arch
3847,54.534255782708,-7.10207798765466,Road_River,17085,2888,2.5,5,30.8,CL_MINOR,828,5,,56.35,0,Inland,Low,1,Masonry_Arch
3848,54.530014111889,-7.09364114623874,Road_River,17086,2882,2,5,44.7,CL_MINOR,530,5,,56.84,0,Inland,Low,1,Masonry_Arch
3849,54.5203430066317,-7.07851779237147,Road_River,17086,2905,2.3,5,2.90000000000001,CL_MINOR,530,5,,57.95,0,Inland,Low,1,Masonry_Arch
3850,54.5380682191665,-7.10986406414233,Road_River,17088,2886,1.8,5,2.59999999999999,CL_MINOR,828,5,,55.91,0,Inland,Low,1,Culvert
3851,54.5004979208897,-7.21640873548902,Road_River,17091,2985,12,5,19.5,CL_MINOR,753,5,,60.34,0,Inland,Low,2,RC_Slab
3852,54.5031415198208,-7.21660296000691,Road_River,17091,2989,1,5,4.59999999999999,CL_MINOR,753,5,,60.05,0,Inland,Low,1,Culvert
3853,54.4986558245071,-7.28000168164875,Road_River,17093,3001,1.7,5,5.7,CL_MINOR,790,5,,60.57,0,Inland,Low,1,Culvert
3854,54.4983341765262,-7.30047380752896,Road_River,17093,3011,3.3,5,12.3,CL_MINOR,790,5,,60.66,0,Inland,Low,1,Masonry_Arch
3855,54.5021443507012,-7.16649149453985,Road_River,17094,3036,9.5,5,26.7,CL_MINOR,697,5,,59.94,0,Inland,Low,2,RC_Slab
3856,54.5051854569182,-7.23290959454268,Road_River,17099,2992,23.8,5,1.09999999999999,CL_MINOR,753,5,,59.83,0,Inland,High,4,Bespoke_Viaduct
3857,54.5032244173553,-7.25399920672285,Road_River,17100,2993,1.3,5,27.4,CL_MINOR,939,5,,60.04,0,Inland,Low,1,Culvert
3858,54.5167647715297,-7.21980645667444,Road_River,17101,2921,1.5,5,21.2,CL_MINOR,753,5,,58.56,0,Inland,Low,1,Culvert
3859,54.524116877843,-7.21907946408505,Road_River,17102,2918,1.5,5,11.8,CL_MINOR,753,5,,57.74,0,Inland,Low,1,Culvert
3860,54.5093907667498,-7.3523060959342,Road_River,17118,3015,5.9,5,42.5,CL_MINOR,623,5,,59.71,0,Inland,Medium,1,RC_Slab
3861,54.5136673227024,-7.34058408102725,Road_River,17120,2936,2.3,5,10.1,CL_MINOR,865,5,,59.16,0,Inland,Low,1,Masonry_Arch
3862,54.5087286378142,-7.38373168481875,Road_River,17121,2940,2.3,5,9,CL_MINOR,697,5,,60.04,0,Inland,Low,1,Masonry_Arch
3863,54.505280688433,-7.38863102160132,Road_River,17121,3019,2,5,19.7,CL_MINOR,697,5,,60.46,0,Inland,Low,1,Masonry_Arch
3864,54.5155249826163,-7.32638670537957,Road_River,17122,2936,1.6,5,14.9,CL_MINOR,865,5,,58.87,0,Inland,Low,1,Culvert
3865,54.5216965849624,-7.3320636618408,Road_River,17123,2933,1.2,5,3.59999999999999,CL_MINOR,865,5,,58.22,0,Inland,Low,1,Culvert
3866,54.5170262676984,-7.37276255436724,Road_River,17124,2939,10.3,5,39.4,CL_MINOR,623,5,,59.03,0,Inland,Low,2,RC_Slab
3867,54.5371005610636,-7.36691818998894,Road_River,17131,2626,5.4,5,64.3,CL_MINOR,921,5,,56.77,0,Inland,Low,1,RC_Slab
3868,54.5394452682564,-7.37049079123637,Road_River,17131,2636,4.1,5,33,CL_MINOR,921,5,,56.54,0,Inland,Low,1,Masonry_Arch
3869,54.5289967594972,-7.35860055225128,Road_River,17133,2630,2.1,5,1.7,CL_MINOR,623,5,,57.59,0,Inland,Low,1,Masonry_Arch
3870,54.5321183369845,-7.33834945461536,Road_River,17135,2624,2.7,5,41.7,CL_MINOR,790,5,,57.11,0,Inland,Low,1,Masonry_Arch
3871,54.5411774270754,-7.37288180747585,Road_River,17136,2636,8.5,5,64.4,CL_MINOR,921,5,,56.37,0,Inland,Medium,2,Masonry_Arch
3872,54.5437208953334,-7.3761142336303,Road_River,17139,2636,4.5,5,26,CL_MINOR,921,5,,56.12,0,Inland,Low,1,Masonry_Arch
3873,54.5442779965094,-7.34582200838719,Road_River,17140,2630,2,5,7.59999999999999,CL_MINOR,921,5,,55.81,0,Inland,Low,1,Masonry_Arch
3874,54.5483387555051,-7.38202951424299,Road_River,17142,2581,23.9,5,4.59999999999999,CL_MINOR,753,5,,55.67,0,Inland,Medium,1,Bespoke_Viaduct
3875,54.5502028838851,-7.38953802251444,Road_River,17142,2587,2.1,5,24,CL_MINOR,753,5,,55.54,0,Inland,Low,1,Masonry_Arch
3876,54.5490250946597,-7.11761484226732,Road_River,17143,2543,12.5,5,17.2,CL_MINOR,828,5,,54.69,0,Inland,High,3,Masonry_Arch
3877,54.5488569326977,-7.09158880612079,Road_River,17144,2540,2.6,5,9.09999999999999,CL_MINOR,828,5,,54.75,0,Inland,Low,1,Masonry_Arch
3878,54.5548299500091,-7.11904113957085,Road_River,17145,2545,4.6,5,5.59999999999999,CL_MINOR,828,5,,54.04,0,Inland,Low,1,RC_Slab
3879,54.5526321284098,-7.3253264194967,Road_River,17146,2571,39.2,5,41.5,CL_MINOR,790,5,,54.76,0,Inland,High,7,Bespoke_Viaduct
3880,54.5495702100822,-7.32995717464003,Road_River,17148,2623,3.9,5,33.3,CL_MINOR,790,5,,55.13,0,Inland,Low,1,Masonry_Arch
3881,54.5580359889402,-7.3502140737547,Road_River,17151,2573,35.1,5,13.2,CL_MINOR,921,5,,54.33,0,Inland,High,6,Bespoke_Viaduct
3882,54.5569135493493,-7.37587486311978,Road_River,17154,2577,3.2,5,43.2,CL_MINOR,921,5,,54.67,0,Inland,Low,1,Masonry_Arch
3883,54.5638579804966,-7.37740042896151,Road_River,17156,2577,2.4,5,38.3,CL_MINOR,921,5,,53.92,0,Inland,Low,1,Masonry_Arch
3884,54.5630717973164,-7.39183112048248,Road_River,17157,2587,1.7,5,40.5,CL_MINOR,753,5,,54.16,0,Inland,Low,1,Culvert
3885,54.5727486984304,-7.30123600581535,Road_River,17158,2463,3.9,5,55.6,CL_MINOR,1014,5,,52.42,0,Inland,Low,1,Masonry_Arch
3886,54.5636711107563,-7.31537881304024,Road_River,17158,2471,1.3,5,26,CL_MINOR,1014,5,,53.49,0,Inland,Low,1,Culvert
3887,54.5703883907575,-7.35891947156507,Road_River,17160,2474,4,5,58.4,CL_MINOR,921,5,,53.04,0,Inland,Low,1,Masonry_Arch
3888,54.5697773902354,-7.33751135678008,Road_River,17163,17021,2.2,5,20.1,CL_MINOR,1014,5,,52.94,0,Inland,Low,1,Masonry_Arch
3889,54.5778087457182,-7.33083637520055,Road_River,17164,2470,1.4,5,18.8,CL_MINOR,1014,5,,52.01,0,Inland,Low,1,Culvert
3890,54.5798615772768,-7.3699353535622,Road_River,17165,2365,2.1,5,15.7,CL_MINOR,921,5,,52.09,0,Inland,Low,1,Masonry_Arch
3891,54.608689344686,-7.27186116519167,Road_River,17170,2241,2.3,5,27.7,CL_MINOR,1014,5,,48.35,0,Inland,Low,1,Masonry_Arch
3892,54.677923976721,-7.3600297917422,Road_River,17184,1761,1.3,5,22.7,CL_MINOR,772,5,,41.24,0,Inland,Low,1,Culvert
3893,54.693735707027,-7.36740444680273,Road_River,17186,1623,1.3,5,0.0999999999999943,CL_MINOR,772,5,,39.6,0,Inland,Low,1,Culvert
3894,54.6903320375335,-7.36567921329846,Road_River,17186,1764,2.6,5,1.90000000000001,CL_MINOR,772,5,,39.95,0,Inland,Low,1,Masonry_Arch
3895,54.7418104753766,-7.35792015692926,Road_River,17190,1253,1.5,5,2.8,CL_MINOR,1014,5,,34.25,0,Inland,Low,1,Culvert
3896,54.750426936801,-7.37477058061689,Road_River,17193,1258,2.6,5,4.3,CL_MINOR,511,5,,33.55,0,Inland,Low,1,Masonry_Arch
3897,54.7820643233555,-7.3810858448214,Road_River,17194,1018,1,5,23.5,CL_MINOR,846,5,,30.25,0,Inland,Low,1,Culvert
3898,54.6912081073967,-7.31402441406062,Road_River,17203,1613,3,5,26.4,CL_MINOR,828,5,,39.38,0,Inland,Low,1,Masonry_Arch
3899,54.6953782074475,-7.31752719049749,Road_River,17204,1612,2.5,5,16.2,CL_MINOR,828,5,,38.94,0,Inland,Low,1,Masonry_Arch
3900,54.702018644956,-7.32593128358459,Road_River,17206,1611,1.8,5,3.2,CL_MINOR,828,5,,38.27,0,Inland,Low,1,Culvert
3901,54.7209805889644,-7.36314146999279,Road_River,17212,1478,145.4,5,41.4,CL_MINOR,1014,5,,36.58,0,Inland,High,5,Bespoke_Viaduct
3902,54.7878045643676,-7.36836639573555,Road_River,17215,1010,4.2,5,3.59999999999999,CL_MINOR,548,5,,29.43,0,Inland,Low,1,Masonry_Arch
3903,54.7837304394722,-7.37515765478718,Road_River,17215,1016,1.3,5,8,CL_MINOR,548,5,,29.98,0,Inland,Low,1,Culvert
3904,54.82658194418,-7.38319927998349,Road_River,17216,507,2.3,5,22.6,CL_MINOR,772,5,,25.53,0,Inland,Low,1,Masonry_Arch
3905,54.7266458524638,-7.39179518236207,Road_River,17218,1375,2.6,5,3.2,CL_MINOR,865,5,,36.38,0,Inland,Low,1,Masonry_Arch
3906,54.6702755373168,-7.3316063920978,Road_River,17219,1757,2.9,5,25.5,CL_MINOR,1014,5,,41.82,0,Inland,Low,1,Masonry_Arch
3907,54.698593206698,-7.35005751584555,Road_River,17220,1615,1.8,5,4.8,CL_MINOR,772,5,,38.87,0,Inland,Low,1,Culvert
3908,54.6903963781304,-7.34897931568121,Road_River,17222,1621,1.2,5,7.5,CL_MINOR,772,5,,39.76,0,Inland,Low,1,Culvert
3909,54.671733664197,-7.33582206350718,Road_River,17224,1756,2.3,5,15.9,CL_MINOR,1014,5,,41.69,0,Inland,Low,1,Masonry_Arch
3910,54.756256443038,-7.146504709905,Road_River,17225,1225,3.5,5,73.4,CL_MINOR,735,5,,31.7,0,Inland,Low,1,Masonry_Arch
3911,54.7588879091276,-7.14438752937172,Road_River,17226,1225,1,5,4.09999999999999,CL_MINOR,735,5,,31.41,0,Inland,Low,1,Culvert
3912,54.7449665172151,-7.28013549543799,Road_River,17227,1243,1.8,5,0.900000000000006,CL_MINOR,772,5,,33.26,0,Inland,Low,1,Culvert
3913,54.8319953193675,-7.22016206839806,Road_River,17229,348,2.4,5,7.2,CL_MINOR,604,5,,23.63,0,Inland,Low,1,Masonry_Arch
3914,54.8366470471517,-7.22630296684435,Road_River,17229,352,4.5,5,3.40000000000001,CL_MINOR,604,5,,23.09,0,Inland,Low,1,Masonry_Arch
3915,54.8344895171328,-7.26275609470939,Road_River,17233,356,1,5,22.3,CL_MINOR,530,5,,23.28,0,Inland,Low,1,Culvert
3916,54.8347702633828,-7.27125059751986,Road_River,17233,357,2,5,23.6,CL_MINOR,530,5,,23.27,0,Inland,Low,1,Masonry_Arch
3917,54.8311791126282,-7.25076107665523,Road_River,17233,489,2.5,5,5.7,CL_MINOR,530,5,,23.64,0,Inland,Low,1,Masonry_Arch
3918,54.8388569098178,-7.28483248122461,Road_River,17234,368,11.5,5,12.3,CL_MINOR,697,5,,22.88,0,Inland,Low,2,RC_Slab
3919,54.8375804371795,-7.2822794091433,Road_River,17235,358,2.7,5,26.6,CL_MINOR,697,5,,23.01,0,Inland,Low,1,Masonry_Arch
3920,54.8279196924576,-7.23389536605255,Road_River,17237,482,4.2,5,10.3,CL_MINOR,604,5,,24.03,0,Inland,Low,1,Masonry_Arch
3921,54.8221047685935,-7.21754128569878,Road_River,17238,475,4.5,5,33.3,CL_MINOR,604,5,,24.74,0,Inland,Low,1,Masonry_Arch
3922,54.8254010293072,-7.20713314275838,Road_River,17239,474,6.3,5,38.5,CL_MINOR,604,5,,24.45,0,Inland,Low,2,Masonry_Arch
3923,54.7777546465606,-7.07976750661615,Road_River,17241,961,19.7,5,23.1,CL_MINOR,437,5,,29.45,0,Inland,High,4,RC_Slab
3924,54.7724048317742,-7.08737181818845,Road_River,17243,1083,1.2,5,10.6,CL_MINOR,548,5,,30,0,Inland,Low,1,Culvert
3925,54.772163400258,-7.08898748936641,Road_River,17243,1084,2.5,5,16.2,CL_MINOR,548,5,,30.02,0,Inland,Low,1,Masonry_Arch
3926,54.7700786374055,-7.09649842050038,Road_River,17243,1092,4.4,5,13.3,CL_MINOR,548,5,,30.21,0,Inland,Low,1,Masonry_Arch
3927,54.7624587233413,-7.11085145161419,Road_River,17243,1095,4.7,5,64.9,CL_MINOR,548,5,,31.01,0,Inland,Medium,1,RC_Slab
3928,54.7583500541574,-7.12611793109417,Road_River,17244,1224,2.5,5,8,CL_MINOR,548,5,,31.45,0,Inland,Low,1,Masonry_Arch
3929,54.7398963496937,-7.14414650836735,Road_River,17246,1340,2.2,5,44,CL_MINOR,474,5,,33.51,0,Inland,Low,1,Masonry_Arch
3930,54.7305878492248,-7.14552891953148,Road_River,17247,1339,1.6,5,9.90000000000001,CL_MINOR,474,5,,34.55,0,Inland,Low,1,Culvert
3931,54.7321767751023,-7.14972268242282,Road_River,17247,1340,1.9,5,43.8,CL_MINOR,474,5,,34.38,0,Inland,Low,1,Masonry_Arch
3932,54.7313803692814,-7.1061882002884,Road_River,17248,1333,11.9,5,23.3,CL_MINOR,437,5,,34.47,0,Inland,Low,2,RC_Slab
3933,54.7554807801499,-7.29176607771665,Road_River,17249,1244,22.4,5,3.2,CL_MINOR,586,5,,32.14,0,Inland,High,4,Bespoke_Viaduct
3934,54.7573732001672,-7.28737857716875,Road_River,17250,1245,8.2,5,22.4,CL_MINOR,586,5,,31.91,0,Inland,Low,2,Masonry_Arch
3935,54.7634042586719,-7.18115351810244,Road_River,17252,1115,2.9,5,41.3,CL_MINOR,586,5,,31.07,0,Inland,Low,1,Masonry_Arch
3936,54.7579885473128,-7.15657334011532,Road_River,17252,1226,2.6,5,1.09999999999999,CL_MINOR,586,5,,31.54,0,Inland,Low,1,Masonry_Arch
3937,54.7607324228505,-7.16476554114177,Road_River,17252,1228,1.9,5,50.2,CL_MINOR,586,5,,31.27,0,Inland,Low,1,Masonry_Arch
3938,54.7632085855915,-7.1836731151202,Road_River,17252,1229,1.3,5,3.90000000000001,CL_MINOR,586,5,,31.11,0,Inland,Low,1,Culvert
3939,54.7629860775557,-7.18605894975258,Road_River,17252,1230,2.3,5,24.2,CL_MINOR,586,5,,31.15,0,Inland,Low,1,Masonry_Arch
3940,54.7320711974181,-7.16328292218823,Road_River,17255,1342,4,5,13.8,CL_MINOR,474,5,,34.44,0,Inland,Low,1,Masonry_Arch
3941,54.7304103815359,-7.24722009719747,Road_River,17256,1234,3,5,35.3,CL_MINOR,641,5,,34.82,0,Inland,Low,1,Masonry_Arch
3942,54.741201964172,-7.27640090871973,Road_River,17256,1235,1.9,5,32.7,CL_MINOR,641,5,,33.66,0,Inland,Low,1,Masonry_Arch
3943,54.7352963824653,-7.25909803789752,Road_River,17256,1358,1.1,5,14,CL_MINOR,641,5,,34.28,0,Inland,Low,1,Culvert
3944,54.7317838139307,-7.24917011363106,Road_River,17256,1359,1.1,5,10.8,CL_MINOR,641,5,,34.67,0,Inland,Low,1,Culvert
3945,54.7232980659716,-7.21863669626326,Road_River,17258,1350,1.6,5,12.9,CL_MINOR,641,5,,35.68,0,Inland,Low,1,Culvert
3946,54.7263884961196,-7.23057673755255,Road_River,17258,1353,6.6,5,52.8,CL_MINOR,641,5,,35.3,0,Inland,Medium,1,RC_Slab
3947,54.7305267858551,-7.17751512676284,Road_River,17260,1346,1.4,5,22.3,CL_MINOR,735,5,,34.68,0,Inland,Low,1,Culvert
3948,54.7288395947606,-7.18344422443289,Road_River,17261,1349,3.2,5,43.8,CL_MINOR,735,5,,34.9,0,Inland,Low,1,Masonry_Arch
3949,54.7071773699555,-7.21446157176539,Road_River,17264,1462,2.2,5,18.3,CL_MINOR,381,5,,37.48,0,Inland,Low,1,Masonry_Arch
3950,54.7066701786489,-7.21106719170571,Road_River,17264,1464,1.4,5,45.9,CL_MINOR,381,5,,37.55,0,Inland,Low,1,Culvert
3951,54.7290689392497,-7.17571157669072,Road_River,17265,1343,26.9,5,30.8,CL_MINOR,735,5,,34.83,0,Inland,High,5,Bespoke_Viaduct
3952,54.6937177914321,-7.15471230894487,Road_River,17267,1589,4.9,5,29.7,CL_MINOR,530,5,,38.66,0,Inland,Low,1,RC_Slab
3953,54.6632961946874,-7.17186369102508,Road_River,17268,686,3.1,5,17.6,CL_MINOR,623,5,,42.09,0,Inland,Low,1,Masonry_Arch
3954,54.6743243662835,-7.17044475414963,Road_River,17268,1727,5.2,5,39.5,CL_MINOR,623,5,,40.87,0,Inland,Low,1,RC_Slab
3955,54.6812718241891,-7.1620894742381,Road_River,17268,1728,1.1,5,7.5,CL_MINOR,623,5,,40.06,0,Inland,Low,1,Culvert
3956,54.6907442096382,-7.28676373198095,Road_River,17269,1607,2.3,5,13.7,CL_MINOR,623,5,,39.29,0,Inland,Low,1,Masonry_Arch
3957,54.6893590973223,-7.28045979520322,Road_River,17269,1738,2.6,5,2.8,CL_MINOR,623,5,,39.42,0,Inland,Low,1,Masonry_Arch
3958,54.6862861774066,-7.26685562338154,Road_River,17271,1606,2.4,5,2.5,CL_MINOR,492,5,,39.73,0,Inland,Low,1,Masonry_Arch
3959,54.6864277637323,-7.2704741852607,Road_River,17271,1743,1.4,5,15.7,CL_MINOR,492,5,,39.72,0,Inland,Low,1,Culvert
3960,54.6946993179166,-7.30102184652127,Road_River,17272,1608,1.6,5,37,CL_MINOR,828,5,,38.92,0,Inland,Low,1,Culvert
3961,54.6969813831642,-7.31318017179086,Road_River,17272,1612,3.2,5,17.7,CL_MINOR,828,5,,38.74,0,Inland,Low,1,Masonry_Arch
3962,54.6830036263933,-7.30071762556832,Road_River,17275,1750,3,5,25.2,CL_MINOR,623,5,,40.21,0,Inland,Low,1,Masonry_Arch
3963,54.6761039022992,-7.29389161143399,Road_River,17277,1748,8.3,5,19.9,CL_MINOR,1014,5,,40.94,0,Inland,Low,2,Masonry_Arch
3964,54.6688279939465,-7.30167290344024,Road_River,17278,1749,2.7,5,11,CL_MINOR,1014,5,,41.78,0,Inland,Low,1,Masonry_Arch
3965,54.6716363404732,-7.29605387112208,Road_River,17281,1747,3.3,5,2.59999999999999,CL_MINOR,1014,5,,41.45,0,Inland,Low,1,Masonry_Arch
3966,54.6689325733673,-7.28696832131675,Road_River,17282,698,2.7,5,11.3,CL_MINOR,1014,5,,41.71,0,Inland,Low,1,Masonry_Arch
3967,54.6868765544764,-7.08731844155709,Road_River,17285,1572,2.5,5,44.1,CL_MINOR,548,5,,39.47,0,Inland,Low,1,Masonry_Arch
3968,54.6838221218825,-7.09872159087319,Road_River,17286,1578,9.4,5,37.4,CL_MINOR,716,5,,39.76,0,Inland,Low,1,RC_Slab
3969,54.671350992686,-7.13394635419648,Road_River,17291,1721,4,5,19.2,CL_MINOR,511,5,,41.11,0,Inland,Low,1,Masonry_Arch
3970,55.0245701230109,-7.34798114377143,Road_River,17292,14,3.8,5,12.5,CL_MINOR,790,5,,5.81,0,Inland,Low,1,Masonry_Arch
3971,54.862463592077,-7.07460471458327,Road_River,17296,4254,3.4,5,32.9,CL_MINOR,790,5,,20.11,0,Inland,Low,1,Masonry_Arch
3972,55.0159617643496,-7.3219941503424,Road_River,17298,11,1,5,8.3,CL_MINOR,1014,5,,4.93,0,Inland,Low,1,Culvert
3973,54.8657103585749,-7.11047796430656,Road_River,17300,4269,1.8,5,0.900000000000006,CL_MINOR,641,5,,19.56,0,Inland,Low,1,Culvert
3974,54.9133193694995,-7.19465933917882,Road_River,17302,3857,48.5,5,20.7,CL_MINOR,828,5,,14.84,0,Inland,High,9,Bespoke_Viaduct
3975,54.9278543356743,-7.08913649856476,Road_River,17310,3742,12.5,5,42.5,CL_MINOR,697,5,,12.8,0,Inland,Medium,3,Masonry_Arch
3976,54.9322994358479,-7.09666317694283,Road_River,17314,3749,1.6,5,4.59999999999999,CL_MINOR,586,5,,12.26,0,Inland,Low,1,Culvert
3977,54.9339823591507,-7.09791073804713,Road_River,17317,3750,2.4,5,36.5,CL_MINOR,586,5,,12.07,0,Inland,Low,1,Masonry_Arch
3978,54.957510793682,-7.11676257801834,Road_River,17318,3636,9.8,5,1.09999999999999,CL_MINOR,586,5,,9.37,0,Inland,Low,2,RC_Slab
3979,54.9606000217713,-7.09238848225771,Road_River,17319,3632,1.3,5,28.5,CL_MINOR,586,5,,9.16,0,Inland,Low,1,Culvert
3980,54.9320810395009,-7.20218844190385,Road_River,17325,3759,1.3,5,1.2,CL_MINOR,902,5,,12.84,0,Inland,Low,1,Culvert
3981,54.9280744241158,-7.22105141389582,Road_River,17326,3768,2.6,5,25.5,CL_MINOR,418,5,,13.03,0,Inland,Low,1,Masonry_Arch
3982,54.9312022443221,-7.22177754730662,Road_River,17326,3769,1.2,5,18.9,CL_MINOR,418,5,,12.68,0,Inland,Low,1,Culvert
3983,54.9331248742102,-7.19815903993052,Road_River,17328,3759,4.9,5,59.4,CL_MINOR,474,5,,12.8,0,Inland,Low,1,RC_Slab
3984,54.9399415314807,-7.22821976502074,Road_River,17330,3710,3,5,32.8,CL_MINOR,902,5,,11.66,0,Inland,Low,1,Masonry_Arch
3985,54.9410272150618,-7.21898339986104,Road_River,17331,3709,25.8,5,46,CL_MINOR,902,5,,11.64,0,Inland,High,5,Bespoke_Viaduct
3986,54.9406633088779,-7.22853588612214,Road_River,17332,3710,1.7,5,17.4,CL_MINOR,902,5,,11.58,0,Inland,Low,1,Culvert
3987,54.941024053551,-7.23229655170351,Road_River,17333,3711,1.5,5,37,CL_MINOR,902,5,,11.51,0,Inland,Low,1,Culvert
3988,54.9634971894934,-7.26343208940207,Road_River,17339,3651,3.4,5,23.2,CL_MINOR,735,5,,8.98,0,Inland,Low,1,Masonry_Arch
3989,54.9569784789712,-7.25246835883975,Road_River,17340,2644,4.9,5,10.8,CL_MINOR,623,5,,9.67,0,Inland,Low,1,RC_Slab
3990,54.9593365997203,-7.24512056339439,Road_River,17345,3645,1.6,5,8.40000000000001,CL_MINOR,623,5,,9.42,0,Inland,Low,1,Culvert
3991,54.950566615261,-7.17376938697756,Road_River,17348,3702,26.2,5,10.1,CL_MINOR,474,5,,10.5,0,Inland,Medium,1,Bespoke_Viaduct
3992,54.9396764527514,-7.18682224048083,Road_River,17348,3704,3.2,5,33.6,CL_MINOR,474,5,,11.89,0,Inland,Low,1,Masonry_Arch
3993,54.9374418986703,-7.18877058661541,Road_River,17348,3705,1.8,5,31.7,CL_MINOR,474,5,,12.17,0,Inland,Low,1,Culvert
3994,54.9338967169643,-7.19127265448687,Road_River,17348,3759,2.1,5,15.8,CL_MINOR,474,5,,12.59,0,Inland,Low,1,Masonry_Arch
3995,54.9538183823805,-7.18570709959698,Road_River,17349,3703,1.7,5,7.09999999999999,CL_MINOR,474,5,,10.38,0,Inland,Low,1,Culvert
3996,54.9591527646179,-7.14097287907931,Road_River,17350,3637,5.7,5,8.59999999999999,CL_MINOR,418,5,,9.19,0,Inland,Low,1,RC_Slab
3997,54.9220808092141,-7.30867896921708,Road_River,17353,3782,1,5,9.59999999999999,CL_MINOR,474,5,,14.04,0,Inland,Low,1,Culvert
3998,54.9419462779141,-7.31235603769036,Road_River,17359,3780,1.8,5,10.5,CL_MINOR,679,5,,11.96,0,Inland,Low,1,Culvert
3999,54.9398245815667,-7.31589760872163,Road_River,17359,3783,1.2,5,17.5,CL_MINOR,679,5,,12.25,0,Inland,Low,1,Culvert
4000,54.9624251124584,-7.30439137123812,Road_River,17361,3659,12.4,5,16.2,CL_MINOR,586,5,,9.63,0,Inland,Low,3,Masonry_Arch
4001,54.9597073946809,-7.35759934597049,Road_River,17366,61,1.7,5,17,CL_MINOR,884,5,,11.28,0,Inland,Low,1,Culvert
4002,54.9524912323139,-7.31678604264326,Road_River,17371,2654,5.3,5,33.9,CL_MINOR,679,5,,10.91,0,Inland,Low,1,RC_Slab
4003,54.9408565777546,-7.32266009625868,Road_River,17371,3783,2.2,5,3.2,CL_MINOR,679,5,,12.26,0,Inland,Low,1,Masonry_Arch
4004,54.9516877746817,-7.32075022477759,Road_River,17374,2655,2,5,13.7,CL_MINOR,679,5,,11.08,0,Inland,Low,1,Masonry_Arch
4005,54.9737638979385,-7.11987072661369,Road_River,17375,3467,3.2,5,14.4,CL_MINOR,399,5,,7.55,0,Inland,Low,1,Masonry_Arch
4006,54.9819780046317,-7.12618776399336,Road_River,17375,3471,3.6,5,0.5,CL_MINOR,399,5,,6.63,0,Inland,Low,1,Masonry_Arch
4007,54.9839310862436,-7.12712414452743,Road_River,17375,3472,1.6,5,56,CL_MINOR,399,5,,6.41,0,Inland,Low,1,Culvert
4008,55.0035747925616,-7.1160737733015,Road_River,17379,3542,2.9,5,37.8,CL_MINOR,809,5,,4.28,0,Coastal,Low,1,Masonry_Arch
4009,54.9802612318246,-7.27668933558131,Road_River,17382,3581,50.3,5,6.7,CL_MINOR,1014,5,,7.27,0,Inland,High,9,Bespoke_Viaduct
4010,54.9982087217328,-7.14737931659245,Road_River,17399,3555,1.4,5,48.3,CL_MINOR,511,5,,4.96,0,Coastal,Low,1,Culvert
4011,54.9901411732003,-7.22067570555714,Road_River,17405,3482,4,5,2.5,CL_MINOR,772,5,,6.32,0,Inland,Low,1,Masonry_Arch
4012,54.9946722085304,-7.18646663724884,Road_River,17412,3476,4.2,5,56.9,CL_MINOR,697,5,,6.2,0,Inland,Low,1,Masonry_Arch
4013,54.9945749610321,-7.18821283002359,Road_River,17412,3559,5.6,5,37.2,CL_MINOR,697,5,,6.26,0,Inland,Low,1,RC_Slab
4014,54.9881153909389,-7.21544203302523,Road_River,17414,3482,2.3,5,15.9,CL_MINOR,772,5,,6.64,0,Inland,Low,1,Masonry_Arch
4015,54.9948824074882,-7.14546708531689,Road_River,17418,3555,2.8,5,25.6,CL_MINOR,511,5,,5.3,0,Inland,Low,1,Masonry_Arch
4016,54.981081051469,-7.21911772878678,Road_River,17424,3479,2.1,5,3.90000000000001,CL_MINOR,772,5,,7.31,0,Inland,Low,1,Masonry_Arch
4017,54.9776127033052,-7.22208831726401,Road_River,17426,3479,1.8,5,53.5,CL_MINOR,772,5,,7.63,0,Inland,Low,1,Culvert
4018,54.9768384850946,-7.22594034175187,Road_River,17427,3481,1.7,5,34.8,CL_MINOR,772,5,,7.65,0,Inland,Low,1,Culvert
4019,54.9728957809133,-7.17714055395319,Road_River,17430,3474,2.3,5,13.4,CL_MINOR,697,5,,8.2,0,Inland,Low,1,Masonry_Arch
4020,54.9688923973156,-7.12678114210469,Road_River,17433,3638,4,5,14.3,CL_MINOR,511,5,,8.08,0,Inland,Low,1,Masonry_Arch
4021,54.9755985389173,-7.1366506726114,Road_River,17433,3640,1.8,5,1.09999999999999,CL_MINOR,511,5,,7.35,0,Inland,Low,1,Culvert
4022,54.9754277871999,-7.25458559519918,Road_River,17438,3577,2.5,5,45.4,CL_MINOR,735,5,,7.63,0,Inland,Low,1,Masonry_Arch
4023,54.9681557377426,-7.27199621770662,Road_River,17441,3653,1.3,5,12.4,CL_MINOR,735,5,,8.53,0,Inland,Low,1,Culvert
4024,54.9789965122943,-7.32883500041731,Road_River,17465,24,2.6,5,11.2,CL_MINOR,1014,5,,8.5,0,Inland,Low,1,Masonry_Arch
4025,54.9733539824806,-7.33844113768973,Road_River,17465,25,1.5,5,12.4,CL_MINOR,1014,5,,9.34,0,Inland,Low,1,Culvert
4026,55.0137672091098,-7.35149286344746,Road_River,17479,10,2.5,5,7.8,CL_MINOR,790,5,,6.59,0,Inland,Low,1,Masonry_Arch
4027,55.0176385305646,-7.34819153264717,Road_River,17479,12,1.4,5,3.3,CL_MINOR,790,5,,6.18,0,Inland,Low,1,Culvert
4028,55.0148157643704,-7.37671543262172,Road_River,17483,14,9.2,5,63.3,CL_MINOR,790,5,,7.94,0,Inland,Medium,2,RC_Slab
4029,55.0133096639578,-7.35316405292303,Road_River,17484,10,2.4,5,58.5,CL_MINOR,790,5,,6.7,0,Inland,Low,1,Masonry_Arch
4030,55.0136100329602,-7.36301037823463,Road_River,17484,12,3.2,5,44.9,CL_MINOR,790,5,,7.23,0,Inland,Low,1,Masonry_Arch
4031,55.0099702972791,-7.36286396470184,Road_River,17485,10,1,5,9.59999999999999,CL_MINOR,790,5,,7.43,0,Inland,Low,1,Culvert
4032,55.0112269099997,-7.3669421210231,Road_River,17485,12,2.1,5,4.90000000000001,CL_MINOR,790,5,,7.58,0,Inland,Low,1,Masonry_Arch
4033,55.0106037809342,-7.08078987255518,Road_River,17486,3534,2.3,5,34.6,CL_MINOR,809,5,,3.8,0,Coastal,Low,1,Masonry_Arch
4034,55.0047348246045,-7.08430659252316,Road_River,17486,3534,2,5,36.6,CL_MINOR,809,5,,4.41,0,Coastal,Low,1,Masonry_Arch
4035,55.0088177626275,-7.12527976486346,Road_River,17489,3544,2.2,5,11.2,CL_MINOR,809,5,,3.65,0,Coastal,Low,1,Masonry_Arch
4036,55.0193598750776,-7.25532810396837,Road_River,17492,4407,52.4,5,30.4,CL_MINOR,865,5,,2.76,0,Coastal,High,9,Bespoke_Viaduct
4037,55.0203542375215,-7.22855935077871,Road_River,17498,3449,1.4,5,35.7,CL_MINOR,716,5,,3,0,Coastal,Low,1,Culvert
4038,54.8268395335458,-6.49284413995373,Road_River,17501,6161,4.6,5,49.9,CL_MINOR,697,5,,36.8,0,Inland,Medium,1,RC_Slab
4039,54.8268860940595,-6.5388657140587,Road_River,17504,6163,1.2,5,36.7,CL_MINOR,530,5,,39.44,0,Inland,Low,1,Culvert
4040,54.6876392059237,-6.67192685412847,Road_River,17513,6785,12.6,5,12.1,CL_MINOR,1014,5,,46.97,0,Inland,High,3,Masonry_Arch
4041,54.6664225373343,-6.68338584905727,Road_River,17517,6842,2.2,5,35,CL_MINOR,679,5,,48.66,0,Inland,Low,1,Masonry_Arch
4042,54.6743191105674,-6.67699059700773,Road_River,17517,6842,2.4,5,2.40000000000001,CL_MINOR,679,5,,48.09,0,Inland,Low,1,Masonry_Arch
4043,54.6800166023367,-6.67435888002042,Road_River,17518,6788,1.2,5,10.2,CL_MINOR,1014,5,,47.62,0,Inland,Low,1,Culvert
4044,54.6818765910662,-6.63978405326734,Road_River,17519,6841,2.3,5,9.8,CL_MINOR,716,5,,46.89,0,Inland,Low,1,Masonry_Arch
4045,54.6819919967743,-6.67021200088737,Road_River,17520,6788,2.2,5,15.6,CL_MINOR,679,5,,47.57,0,Inland,Low,1,Masonry_Arch
4046,54.6710214546611,-6.58077912535374,Road_River,17525,6834,1,5,21.9,CL_MINOR,697,5,,43,0,Inland,Low,1,Culvert
4047,54.9841502531997,-7.28107366147665,Road_River,17530,3582,1.8,5,4.7,CL_MINOR,735,5,,6.92,0,Inland,Low,1,Culvert
4048,55.0172702984965,-7.2321907061397,Road_River,17532,3449,4.1,5,50.3,CL_MINOR,716,5,,3.24,0,Coastal,Low,1,Masonry_Arch
4049,55.0113220055863,-7.23243898552766,Road_River,17532,3449,1.3,5,32.7,CL_MINOR,716,5,,3.85,0,Coastal,Low,1,Culvert
4050,55.0137814973687,-7.18074741133597,Road_River,17533,3558,11.6,5,31.1,CL_MINOR,790,5,,4.17,0,Coastal,Low,2,RC_Slab
4051,54.8650288702547,-7.08058778678783,Road_River,17537,3945,31.5,5,49.4,CL_MINOR,790,5,,19.79,0,Inland,High,6,Bespoke_Viaduct
4052,55.0087614124673,-7.32967827122216,Road_River,17543,17,5.9,5,70.7,CL_MINOR,1014,5,,5.85,0,Inland,Low,1,RC_Slab
4053,55.0136333780592,-7.10261019879598,Road_River,17549,3437,1.8,5,5.40000000000001,CL_MINOR,809,5,,3.24,0,Coastal,Low,1,Culvert
4054,55.0064831449416,-7.11224147489301,Road_River,17549,3539,3.2,5,1.09999999999999,CL_MINOR,809,5,,3.99,0,Coastal,Low,1,Masonry_Arch
4055,55.0073451401102,-7.11107926074451,Road_River,17549,3541,1.7,5,10.2,CL_MINOR,809,5,,3.89,0,Coastal,Low,1,Culvert
4056,54.9428564585344,-7.23704765105014,Road_River,17556,3712,1.8,5,19.1,CL_MINOR,623,5,,11.28,0,Inland,Low,1,Culvert
4057,54.9459310405034,-7.24106841390035,Road_River,17556,3715,1.4,5,7.3,CL_MINOR,623,5,,10.92,0,Inland,Low,1,Culvert
4058,54.8636746642303,-7.10507456971125,Road_River,17560,4262,3.2,5,4.7,CL_MINOR,641,5,,19.81,0,Inland,Low,1,Masonry_Arch
4059,54.908972625752,-7.36570321549269,Road_River,17562,95,3.4,5,4.8,CL_MINOR,846,5,,16.54,0,Inland,Low,1,Masonry_Arch
4060,54.8938273629912,-7.3715647442328,Road_River,17566,144,4.3,5,1.2,CL_MINOR,846,5,,18.24,0,Inland,Low,1,Masonry_Arch
4061,54.8950878949863,-7.35889727174463,Road_River,17568,142,4.6,5,13.6,CL_MINOR,846,5,,17.82,0,Inland,Low,1,RC_Slab
4062,54.8868177111875,-7.3603224223622,Road_River,17573,142,1.9,5,21.6,CL_MINOR,716,5,,18.72,0,Inland,Low,1,Masonry_Arch
4063,54.8861692169786,-7.35319144378595,Road_River,17573,148,35.3,5,53.7,CL_MINOR,716,5,,18.64,0,Inland,High,6,Bespoke_Viaduct
4064,54.8855972706052,-7.35374728920802,Road_River,17574,217,2.1,5,19,CL_MINOR,716,5,,18.71,0,Inland,Low,1,Masonry_Arch
4065,54.8852331771932,-7.3352542743686,Road_River,17575,214,2.3,5,40.8,CL_MINOR,939,5,,18.43,0,Inland,Low,1,Masonry_Arch
4066,54.8789435850989,-7.38740412017617,Road_River,17578,219,1.8,5,29,CL_MINOR,977,5,,20.16,0,Inland,Low,1,Culvert
4067,54.881544374197,-7.3691716238446,Road_River,17579,218,4.9,5,53.1,CL_MINOR,716,5,,19.46,0,Inland,Medium,1,RC_Slab
4068,54.8807585381677,-7.35572734187564,Road_River,17582,217,2.6,5,36.2,CL_MINOR,716,5,,19.26,0,Inland,Low,1,Masonry_Arch
4069,54.8795994174197,-7.37019153120127,Road_River,17583,218,5.5,5,37.2,CL_MINOR,716,5,,19.68,0,Inland,Low,1,RC_Slab
4070,54.8631855194631,-7.33969444658798,Road_River,17589,300,5.1,5,21.7,CL_MINOR,939,5,,20.87,0,Inland,Low,1,RC_Slab
4071,54.8630234458077,-7.32380002122049,Road_River,17591,297,11.4,5,24.4,CL_MINOR,939,5,,20.63,0,Inland,Low,2,RC_Slab
4072,54.8578931629468,-7.33524683828296,Road_River,17593,296,2,5,10,CL_MINOR,939,5,,21.36,0,Inland,Low,1,Masonry_Arch
4073,54.8618744247659,-7.31038817300464,Road_River,17595,293,3.4,5,42.1,CL_MINOR,939,5,,20.58,0,Inland,Low,1,Masonry_Arch
4074,54.8624270410238,-7.32704828660894,Road_River,17599,295,5.3,5,23.8,CL_MINOR,939,5,,20.74,0,Inland,Low,1,RC_Slab
4075,54.8960231011577,-7.11194518587195,Road_River,17600,4043,22.8,5,51.2,CL_MINOR,604,5,,16.2,0,Inland,High,4,Bespoke_Viaduct
4076,54.8964929902733,-7.11105148418234,Road_River,17600,4050,1,5,11.1,CL_MINOR,604,5,,16.15,0,Inland,Low,1,Culvert
4077,54.8944136160493,-7.11534521555793,Road_River,17600,4127,2.1,5,31.6,CL_MINOR,604,5,,16.36,0,Inland,Low,1,Masonry_Arch
4078,54.8892990091843,-7.1224938487513,Road_River,17601,4127,2.4,5,17.8,CL_MINOR,641,5,,16.92,0,Inland,Low,1,Masonry_Arch
4079,54.8998879923589,-7.24939053959351,Road_River,17605,4069,2.7,5,29.1,CL_MINOR,567,5,,16.01,0,Inland,Low,1,Masonry_Arch
4080,54.8975633572304,-7.2798092008281,Road_River,17606,128,2.6,5,33.7,CL_MINOR,660,5,,16.37,0,Inland,Low,1,Masonry_Arch
4081,54.9022275375031,-7.17250487173195,Road_River,17607,4061,3.9,5,50.3,CL_MINOR,828,5,,15.73,0,Inland,Medium,1,Masonry_Arch
4082,54.9052193061923,-7.16484351796829,Road_River,17608,3847,37.3,5,26.4,CL_MINOR,828,5,,15.32,0,Inland,High,7,Bespoke_Viaduct
4083,54.9071316980258,-7.18731029600648,Road_River,17609,4066,3.7,5,6.7,CL_MINOR,828,5,,15.39,0,Inland,Low,1,Masonry_Arch
4084,54.9110763407276,-7.19546079049724,Road_River,17612,3850,2.1,5,32,CL_MINOR,828,5,,15.1,0,Inland,Low,1,Masonry_Arch
4085,54.9104822967718,-7.18045786944441,Road_River,17614,3843,2.1,5,39.9,CL_MINOR,828,5,,14.93,0,Inland,Low,1,Masonry_Arch
4086,54.9098466299499,-7.20814536254207,Road_River,17616,3851,2.5,5,7.09999999999999,CL_MINOR,418,5,,15.17,0,Inland,Low,1,Masonry_Arch
4087,54.9060074382702,-7.22555790713912,Road_River,17616,3859,2.6,5,2.8,CL_MINOR,418,5,,15.42,0,Inland,Low,1,Masonry_Arch
4088,54.9270665532815,-7.20715817269376,Road_River,17617,3760,2.1,5,12.3,CL_MINOR,902,5,,13.31,0,Inland,Low,1,Masonry_Arch
4089,54.9310218184696,-7.21172333091776,Road_River,17617,3768,1.5,5,40.3,CL_MINOR,902,5,,12.82,0,Inland,Low,1,Culvert
4090,54.9350744434457,-7.21683535418686,Road_River,17617,3769,2.1,5,13.5,CL_MINOR,902,5,,12.31,0,Inland,Low,1,Masonry_Arch
4091,54.9170038035438,-7.20191209508439,Road_River,17617,3854,1.6,5,5.3,CL_MINOR,902,5,,14.47,0,Inland,Low,1,Culvert
4092,54.9155967935294,-7.22906548737054,Road_River,17618,3863,2.7,5,11.5,CL_MINOR,567,5,,14.34,0,Inland,Low,1,Masonry_Arch
4093,54.9140287778485,-7.23106165745155,Road_River,17618,3864,1.4,5,8.8,CL_MINOR,567,5,,14.5,0,Inland,Low,1,Culvert
4094,54.9064354756848,-7.24326957937611,Road_River,17618,3865,2.2,5,10.8,CL_MINOR,567,5,,15.29,0,Inland,Low,1,Masonry_Arch
4095,54.913473420658,-7.19742306690449,Road_River,17621,3853,10.8,5,39.8,CL_MINOR,828,5,,14.88,0,Inland,Low,2,RC_Slab
4096,54.8772256873116,-7.11042166317126,Road_River,17622,4115,1.4,5,30.2,CL_MINOR,641,5,,18.29,0,Inland,Low,1,Culvert
4097,54.8690363525686,-7.11956430953872,Road_River,17624,4113,2.3,5,23.1,CL_MINOR,641,5,,19.17,0,Inland,Low,1,Masonry_Arch
4098,54.859391050468,-7.12455739403503,Road_River,17626,4269,2,5,35.4,CL_MINOR,641,5,,20.23,0,Inland,Low,1,Masonry_Arch
4099,54.8853396124001,-7.2917956461129,Road_River,17628,131,5.6,5,11.6,CL_MINOR,753,5,,17.81,0,Inland,Low,1,RC_Slab
4100,54.8849421552594,-7.29224022934797,Road_River,17628,132,1.1,5,24.3,CL_MINOR,753,5,,17.86,0,Inland,Low,1,Culvert
4101,54.8932093082641,-7.29236444146671,Road_River,17629,133,2.5,5,2.40000000000001,CL_MINOR,660,5,,16.96,0,Inland,Low,1,Masonry_Arch
4102,54.8837476685732,-7.30091090861813,Road_River,17630,130,14,5,40.3,CL_MINOR,753,5,,18.08,0,Inland,Medium,3,RC_Slab
4103,54.8486907043824,-7.30366006845288,Road_River,17632,287,11.3,5,10.4,CL_MINOR,697,5,,21.95,0,Inland,Medium,1,Bespoke_Viaduct
4104,54.8482461756484,-7.30386508230842,Road_River,17634,289,3.3,5,34.9,CL_MINOR,697,5,,22,0,Inland,Low,1,Masonry_Arch
4105,54.8479903103951,-7.30915322215194,Road_River,17634,290,2.5,5,41,CL_MINOR,697,5,,22.08,0,Inland,Medium,1,Masonry_Arch
4106,54.893834073666,-7.26688375809936,Road_River,17638,126,1.9,5,2.40000000000001,CL_MINOR,567,5,,16.71,0,Inland,Low,1,Masonry_Arch
4107,54.8965576787946,-7.25078934635186,Road_River,17639,4069,4.7,5,22.2,CL_MINOR,567,5,,16.38,0,Inland,Low,1,RC_Slab
4108,54.8937353586334,-7.17457923421835,Road_River,17640,4060,1.4,5,1.09999999999999,CL_MINOR,828,5,,16.68,0,Inland,Low,1,Culvert
4109,54.8824336362765,-7.18646461397295,Road_River,17641,4134,3,5,28,CL_MINOR,548,5,,18.05,0,Inland,Low,1,Masonry_Arch
4110,54.8859648589869,-7.16920411588356,Road_River,17643,4057,2.6,5,11,CL_MINOR,548,5,,17.48,0,Inland,Low,1,Masonry_Arch
4111,54.8870149227453,-7.15347006217245,Road_River,17645,4054,12.8,5,4.59999999999999,CL_MINOR,567,5,,17.24,0,Inland,High,3,Masonry_Arch
4112,54.8893455941327,-7.15606904271876,Road_River,17646,4057,3.5,5,2.40000000000001,CL_MINOR,623,5,,17,0,Inland,Low,1,Masonry_Arch
4113,54.8900061513887,-7.26816187994225,Road_River,17647,120,11.8,5,3.09999999999999,CL_MINOR,753,5,,17.14,0,Inland,Low,2,RC_Slab
4114,54.8799265336447,-7.20601393346034,Road_River,17650,191,2.2,5,23.7,CL_MINOR,828,5,,18.46,0,Inland,Low,1,Masonry_Arch
4115,54.8967882316291,-7.19735144407381,Road_River,17650,4065,1.2,5,31,CL_MINOR,828,5,,16.66,0,Inland,Low,1,Culvert
4116,54.8814724869768,-7.16381577327925,Road_River,17652,4133,1.6,5,0.799999999999997,CL_MINOR,567,5,,17.92,0,Inland,Low,1,Culvert
4117,54.8657612268219,-7.21905519741012,Road_River,17653,192,2.1,5,14.3,CL_MINOR,623,5,,19.91,0,Inland,Low,1,Masonry_Arch
4118,54.8648695986156,-7.15824910476967,Road_River,17654,4130,1.6,5,32.8,CL_MINOR,567,5,,19.72,0,Inland,Low,1,Culvert
4119,54.8728299529065,-7.15713943525799,Road_River,17654,4131,1,5,13.4,CL_MINOR,567,5,,18.83,0,Inland,Low,1,Culvert
4120,54.8759416804044,-7.1601425567378,Road_River,17654,4132,2.8,5,24.1,CL_MINOR,567,5,,18.51,0,Inland,Low,1,Masonry_Arch
4121,54.8538570204201,-7.22586797463905,Road_River,17656,277,3.1,5,41.1,CL_MINOR,604,5,,21.19,0,Inland,Low,1,Masonry_Arch
4122,54.8536652490829,-7.16636820064875,Road_River,17661,4275,7.4,5,18.2,CL_MINOR,474,5,,21.01,0,Inland,Low,2,Masonry_Arch
4123,54.8495210732586,-7.15955632630046,Road_River,17661,4276,2.6,5,20.2,CL_MINOR,474,5,,21.42,0,Inland,Low,1,Masonry_Arch
4124,54.8563131354851,-7.17032555188199,Road_River,17661,4278,2.7,5,32.7,CL_MINOR,474,5,,20.75,0,Inland,Low,1,Masonry_Arch
4125,54.8707187366822,-7.14502432243777,Road_River,17662,4125,2,5,3.90000000000001,CL_MINOR,567,5,,19.01,0,Inland,Low,1,Masonry_Arch
4126,54.878575764173,-7.15010146237971,Road_River,17662,4126,1.6,5,0.200000000000003,CL_MINOR,567,5,,18.16,0,Inland,Low,1,Culvert
4127,54.8479043807132,-7.15655234399256,Road_River,17664,4274,6.9,5,8.40000000000001,CL_MINOR,455,5,,21.58,0,Inland,Low,1,RC_Slab
4128,55.0416772159455,-7.31675718871314,Road_River,17671,3152,2.5,5,65.4,CL_MINOR,492,5,,3.31,0,Coastal,Low,1,Masonry_Arch
4129,55.0308959104971,-7.33002855544117,Road_River,17676,1,3.8,5,49,CL_MINOR,1014,5,,4.46,0,Coastal,Medium,1,Masonry_Arch
4130,55.0257321610937,-7.34793543751409,Road_River,17683,14,3.2,5,6,CL_MINOR,790,5,,5.75,0,Inland,Low,1,Masonry_Arch
4131,55.0356429838098,-7.3205144076481,Road_River,17687,1,3.2,5,24.7,CL_MINOR,1014,5,,3.71,0,Coastal,Low,1,Masonry_Arch
4132,55.0293011074675,-7.34565691692276,Road_River,17690,5,12.8,5,44.1,CL_MINOR,790,5,,5.47,0,Inland,Medium,3,Masonry_Arch
4133,55.0292593043229,-7.35382286400555,Road_River,17691,6,1.9,5,10.5,CL_MINOR,790,5,,5.97,0,Inland,Low,1,Masonry_Arch
4134,55.0321179952471,-7.13315565477355,Road_River,17695,3386,2.6,5,22.9,CL_MINOR,753,5,,1.09,0,Coastal,Low,1,Masonry_Arch
4135,55.0232157741702,-7.12679375044526,Road_River,17697,3439,1.1,5,9,CL_MINOR,809,5,,2.05,0,Coastal,Low,1,Culvert
4136,55.0412456102376,-7.20213260262448,Road_River,17702,3448,1.7,5,7.09999999999999,CL_MINOR,474,5,,1.76,0,Coastal,Low,1,Culvert
4137,55.0402133394529,-7.18214345156628,Road_River,17704,4400,2,5,15.6,CL_MINOR,548,5,,2.26,0,Coastal,Low,1,Masonry_Arch
4138,55.0390731123915,-7.19816482149656,Road_River,17714,3448,1.5,5,36.8,CL_MINOR,474,5,,2.09,0,Coastal,Low,1,Culvert
4139,55.0263438721928,-7.18194696876849,Road_River,17721,3444,9.1,5,13.6,CL_MINOR,790,5,,3.16,0,Coastal,Low,2,RC_Slab
4140,55.0237908514388,-7.19848142496176,Road_River,17721,3448,1.6,5,52.4,CL_MINOR,790,5,,3.49,0,Coastal,Low,1,Culvert
4141,55.0301174778072,-7.15834461412412,Road_River,17722,3440,2.8,5,46.7,CL_MINOR,753,5,,1.87,0,Coastal,Low,1,Masonry_Arch
4142,55.0344385440625,-7.15307449742605,Road_River,17724,3389,5.5,5,63.8,CL_MINOR,753,5,,1.29,0,Coastal,Low,1,RC_Slab
4143,55.0132741083486,-7.16715090014443,Road_River,17726,3442,1.9,5,20.6,CL_MINOR,753,5,,3.8,0,Coastal,Low,1,Masonry_Arch
4144,55.0055467903977,-7.15691622153133,Road_River,17726,3556,1.7,5,1.59999999999999,CL_MINOR,753,5,,4.35,0,Coastal,Low,1,Culvert
4145,55.0381035365976,-7.34545506809459,Road_River,17729,8,1.2,5,2.8,CL_MINOR,418,5,,5.2,0,Inland,Low,1,Culvert
4146,55.0411980310113,-7.32017256033196,Road_River,17730,2,1.1,5,31.3,CL_MINOR,492,5,,3.54,0,Coastal,Low,1,Culvert
4147,55.0409648076443,-7.31623582134294,Road_River,17731,3152,2.4,5,15.8,CL_MINOR,492,5,,3.29,0,Coastal,Low,1,Masonry_Arch
4148,55.0328591092909,-7.36378910867144,Road_River,17735,13,4,5,12.7,CL_MINOR,790,5,,6.48,0,Inland,Low,1,Masonry_Arch
4149,55.0273923396599,-7.22420411603838,Road_River,17740,3449,2.7,5,58.5,CL_MINOR,716,5,,2.35,0,Coastal,Low,1,Masonry_Arch
4150,55.0376549622588,-7.31662120152466,Road_River,17742,3152,1.3,5,34.5,CL_MINOR,492,5,,3.4,0,Coastal,Low,1,Culvert
4151,54.276217106193,-6.83212071529293,Road_River,17745,9228,1.6,5,0.5,CL_MINOR,753,5,,41.19,0,Inland,Low,1,Culvert
4152,54.2828230644207,-6.83473560296212,Road_River,17745,9236,15.1,5,45.3,CL_MINOR,753,5,,41.69,0,Inland,Medium,3,RC_Slab
4153,54.2788701183121,-6.83260320782368,Road_River,17745,9236,12.5,5,30.9,CL_MINOR,753,5,,41.36,0,Inland,Low,3,Masonry_Arch
4154,54.2785127044934,-6.83261654731406,Road_River,17745,9387,8.1,5,75,CL_MINOR,753,5,,41.34,0,Inland,Low,2,Masonry_Arch
4155,54.2867369991574,-6.802024213633,Road_River,17747,9226,6.5,5,47.7,CL_MINOR,902,5,,40.07,0,Inland,Medium,2,Masonry_Arch
4156,54.2872509032456,-6.83604918607445,Road_River,17750,9236,21.2,5,57,CL_MINOR,772,5,,42,0,Inland,Medium,4,Bespoke_Viaduct
4157,54.2869650104733,-6.78947031472544,Road_River,17756,9217,1.1,5,10.3,CL_MINOR,902,5,,39.39,0,Inland,Low,1,Culvert
4158,54.2805240733819,-6.79883375140723,Road_River,17758,9215,4.1,5,33.7,CL_MINOR,753,5,,39.55,0,Inland,Low,1,Masonry_Arch
4159,54.2720273040621,-6.82811187105777,Road_River,17761,9490,1.8,5,10.8,CL_MINOR,753,5,,40.75,0,Inland,Low,1,Culvert
4160,54.2731388397844,-6.81437675708128,Road_River,17763,9229,2.6,5,50,CL_MINOR,753,5,,40.02,0,Inland,Medium,1,Masonry_Arch
4161,54.2679720070534,-6.7867017904507,Road_River,17768,9225,2.5,5,6.2,CL_MINOR,1014,5,,38.18,0,Inland,Low,1,Masonry_Arch
4162,54.2662260021194,-6.78554970552833,Road_River,17768,9381,4.8,5,68,CL_MINOR,1014,5,,38.02,0,Inland,Low,1,RC_Slab
4163,54.2132891182932,-6.80088294781967,Road_River,17775,9580,2.3,5,0.900000000000006,CL_MINOR,1014,5,,36.53,0,Inland,Low,1,Masonry_Arch
4164,54.4663859082329,-7.05355153234625,Road_River,17784,7581,1.1,5,20.8,CL_MINOR,809,5,,64.03,0,Inland,Low,1,Culvert
4165,54.470660598882,-7.03267387310077,Road_River,17786,7475,2.3,5,1.40000000000001,CL_MINOR,809,5,,63.67,0,Inland,Low,1,Masonry_Arch
4166,54.460323677758,-7.02874812881122,Road_River,17788,7575,24.3,5,31.7,CL_MINOR,809,5,,63.13,0,Inland,Medium,1,Bespoke_Viaduct
4167,54.4590384748748,-7.05551079714301,Road_River,17790,7580,1.5,5,38.5,CL_MINOR,1014,5,,64.39,0,Inland,Low,1,Culvert
4168,54.4556238332555,-7.03987448525316,Road_River,17792,7574,23.4,5,29,CL_MINOR,1014,5,,63.36,0,Inland,High,4,Bespoke_Viaduct
4169,54.4447563852891,-7.04674136199806,Road_River,17794,7574,16.4,5,14.4,CL_MINOR,1014,5,,62.98,0,Inland,Medium,1,Bespoke_Viaduct
4170,54.4446499126264,-7.04626988849397,Road_River,17794,7634,2.3,5,4.59999999999999,CL_MINOR,1014,5,,62.94,0,Inland,Low,1,Masonry_Arch
4171,54.4676144060951,-6.9027125229893,Road_River,17801,7420,2.1,5,11.2,CL_MINOR,697,5,,57.6,0,Inland,Low,1,Masonry_Arch
4172,54.4740963889653,-6.89123966010978,Road_River,17801,7423,20,5,37.4,CL_MINOR,697,5,,57.59,0,Inland,High,4,Bespoke_Viaduct
4173,54.4606706269499,-7.02172803207327,Road_River,17802,7576,2.9,5,34.7,CL_MINOR,828,5,,62.8,0,Inland,Low,1,Masonry_Arch
4174,54.4560114378949,-6.99634123751761,Road_River,17804,7569,1.6,5,14.2,CL_MINOR,828,5,,61.21,0,Inland,Low,1,Culvert
4175,54.4313880255198,-7.07556534596535,Road_River,17807,7641,2.7,5,19.2,CL_MINOR,865,5,,63.61,0,Inland,Low,1,Masonry_Arch
4176,54.4328229400957,-7.03652275723292,Road_River,17813,7754,17.3,5,6.59999999999999,CL_MINOR,1014,5,,61.66,0,Inland,High,3,RC_Slab
4177,54.4323840561953,-7.02657057741055,Road_River,17816,7747,2.8,5,2.8,CL_MINOR,1014,5,,61.11,0,Inland,Low,1,Masonry_Arch
4178,54.4241262764918,-6.80707739056242,Road_River,17817,7711,4.5,5,50.1,CL_MINOR,846,5,,49.83,0,Inland,Medium,1,Masonry_Arch
4179,54.3333085276547,-6.77709412145857,Road_River,17832,8829,3.1,5,33.4,CL_MINOR,865,5,,41.65,0,Inland,Low,1,Masonry_Arch
4180,54.3272528952285,-6.81821322897594,Road_River,17833,8967,17.3,5,41.4,CL_MINOR,921,5,,43.39,0,Inland,High,3,RC_Slab
4181,54.3197813193899,-6.80279750496952,Road_River,17835,8968,2.5,5,4.8,CL_MINOR,921,5,,42.1,0,Inland,Low,1,Masonry_Arch
4182,54.3055891260429,-6.81381943385027,Road_River,17838,9072,1.9,5,61.2,CL_MINOR,772,5,,41.82,0,Inland,Low,1,Masonry_Arch
4183,54.29598545671,-6.8094377027349,Road_River,17838,9073,3.4,5,41.3,CL_MINOR,772,5,,41.01,0,Inland,Medium,1,Masonry_Arch
4184,54.3178352623074,-6.7892182906115,Road_River,17840,8963,27.5,5,34.2,CL_MINOR,865,5,,41.26,0,Inland,High,5,Bespoke_Viaduct
4185,54.4733669977303,-6.9726023751362,Road_River,17844,7433,3.6,5,65.3,CL_MINOR,735,5,,61.31,0,Inland,Low,1,Masonry_Arch
4186,54.4637833569482,-6.98244369861948,Road_River,17844,7568,2,5,5.2,CL_MINOR,735,5,,61.08,0,Inland,Low,1,Masonry_Arch
4187,54.461858926527,-6.98314194213914,Road_River,17844,7570,1.7,5,6.7,CL_MINOR,735,5,,60.98,0,Inland,Low,1,Culvert
4188,54.3077479469843,-6.78157703513029,Road_River,17845,9067,9.2,5,3.3,CL_MINOR,902,5,,40.21,0,Inland,High,2,RC_Slab
4189,54.4311623134449,-7.07694647107366,Road_River,17849,7636,15.2,5,54.7,CL_MINOR,865,5,,63.67,0,Inland,Medium,3,RC_Slab
4190,54.4308570369655,-7.07931871096311,Road_River,17849,7755,2,5,4.3,CL_MINOR,865,5,,63.77,0,Inland,Low,1,Masonry_Arch
4191,54.4107684544325,-7.07692915337635,Road_River,17853,7893,20,5,62.7,CL_MINOR,530,5,,62.4,0,Inland,High,1,Bespoke_Viaduct
4192,54.3848569310956,-6.90389721485824,Road_River,17858,8031,1.5,5,2.09999999999999,CL_MINOR,623,5,,51.62,0,Inland,Low,1,Culvert
4193,54.3843881459871,-6.90224967623998,Road_River,17858,8032,4.1,5,43.8,CL_MINOR,623,5,,51.51,0,Inland,Medium,1,Masonry_Arch
4194,54.4062032271278,-6.93158249228302,Road_River,17859,7865,3.8,5,18.2,CL_MINOR,772,5,,54.48,0,Inland,Low,1,Masonry_Arch
4195,54.4105679223,-6.93759029060119,Road_River,17859,7866,2.5,5,5.3,CL_MINOR,772,5,,55.09,0,Inland,Low,1,Masonry_Arch
4196,54.4281649597759,-6.86749142371291,Road_River,17862,7717,1.8,5,56.3,CL_MINOR,790,5,,52.93,0,Inland,Low,1,Culvert
4197,54.4285812801988,-6.8683205211521,Road_River,17862,7719,2.2,5,60.6,CL_MINOR,790,5,,53,0,Inland,Low,1,Masonry_Arch
4198,54.4286268929587,-6.86875464033232,Road_River,17862,7719,5.6,5,68.5,CL_MINOR,790,5,,53.02,0,Inland,Low,1,RC_Slab
4199,54.4284523147113,-6.8702545041537,Road_River,17862,7719,8.8,5,75,CL_MINOR,790,5,,53.08,0,Inland,Low,2,Masonry_Arch
4200,54.4278912984602,-6.87292193153209,Road_River,17862,7719,9,5,72.8,CL_MINOR,790,5,,53.17,0,Inland,Low,2,Masonry_Arch
4201,54.427941112842,-6.8736456282237,Road_River,17862,7719,4.3,5,75,CL_MINOR,790,5,,53.2,0,Inland,Low,1,Masonry_Arch
4202,54.4282097451427,-6.87499997431757,Road_River,17862,7719,6,5,75,CL_MINOR,790,5,,53.29,0,Inland,Low,1,RC_Slab
4203,54.4019114632942,-6.86006070419344,Road_River,17863,7858,2.1,5,8.09999999999999,CL_MINOR,604,5,,50.62,0,Inland,Low,1,Masonry_Arch
4204,54.4144522417532,-6.87847107346115,Road_River,17867,7718,2.5,5,50.3,CL_MINOR,660,5,,52.43,0,Inland,Low,1,Masonry_Arch
4205,54.4077477582645,-6.87687394209911,Road_River,17867,7860,2.6,5,21.4,CL_MINOR,660,5,,51.87,0,Inland,Low,1,Masonry_Arch
4206,54.3983101131866,-6.92876476261333,Road_River,17868,7872,2.1,5,47.2,CL_MINOR,772,5,,53.8,0,Inland,Low,1,Masonry_Arch
4207,54.4010086859717,-7.07634093986213,Road_River,17870,7894,7.3,5,75,CL_MINOR,530,5,,61.78,0,Inland,Medium,2,Masonry_Arch
4208,54.4004963752261,-7.07638906825674,Road_River,17870,7894,11.1,5,71.5,CL_MINOR,530,5,,61.75,0,Inland,Medium,1,Bespoke_Viaduct
4209,54.3178933062724,-6.79472592363157,Road_River,17875,9074,6.5,5,30.3,CL_MINOR,865,5,,41.55,0,Inland,Low,2,Masonry_Arch
4210,54.47878501267,-6.81579703885696,Road_River,17878,7408,2.5,5,12.3,CL_MINOR,1014,5,,54.7,0,Inland,Low,1,Masonry_Arch
4211,54.4760504752259,-6.81303600453663,Road_River,17878,7541,4.2,5,27,CL_MINOR,1014,5,,54.35,0,Inland,Low,1,Masonry_Arch
4212,54.6395424332782,-6.81233856276742,Road_River,17879,6993,2.4,5,45.9,CL_MINOR,865,5,,48.02,0,Inland,Low,1,Masonry_Arch
4213,54.6529195201236,-6.79304097667872,Road_River,17883,6924,1.3,5,47.1,CL_MINOR,809,5,,47.06,0,Inland,Low,1,Culvert
4214,54.6448306327438,-7.02181014122494,Road_River,17885,1952,2.1,5,20.7,CL_MINOR,474,5,,44.51,0,Inland,Low,1,Masonry_Arch
4215,54.6327489268612,-7.00945942670827,Road_River,17885,2098,2.6,5,57.9,CL_MINOR,474,5,,45.94,0,Inland,Low,1,Masonry_Arch
4216,54.6068778706592,-6.97895378883849,Road_River,17886,2219,2.5,5,13.8,CL_MINOR,474,5,,49.08,0,Inland,Low,1,Masonry_Arch
4217,54.6276143526272,-6.99798261681852,Road_River,17889,2098,2,5,9,CL_MINOR,474,5,,46.61,0,Inland,Low,1,Masonry_Arch
4218,54.6166608079788,-7.0603313993615,Road_River,17890,2107,1.7,5,29.9,CL_MINOR,548,5,,47.37,0,Inland,Low,1,Culvert
4219,54.6172097901324,-7.05529889827599,Road_River,17891,2104,3.5,5,48.5,CL_MINOR,548,5,,47.34,0,Inland,Medium,1,Masonry_Arch
4220,54.5886145124416,-7.04567994825465,Road_River,17895,2335,1.7,5,10.5,CL_MINOR,790,5,,50.55,0,Inland,Low,1,Culvert
4221,54.5800034855836,-7.03398486602258,Road_River,17899,2333,5.9,5,64.6,CL_MINOR,790,5,,51.57,0,Inland,Low,1,RC_Slab
4222,54.5785236391822,-7.03427707057577,Road_River,17899,2333,3.5,5,42,CL_MINOR,790,5,,51.73,0,Inland,Low,1,Masonry_Arch
4223,54.6620149164533,-6.86979504448143,Road_River,17901,6929,8.8,5,24.1,CL_MINOR,1014,5,,44.51,0,Inland,Low,2,Masonry_Arch
4224,54.655666828878,-6.8634678025527,Road_River,17904,6928,21.8,5,21.1,CL_MINOR,1014,5,,45.3,0,Inland,Medium,1,Bespoke_Viaduct
4225,54.6489555951314,-6.87863389464181,Road_River,17905,6932,5.1,5,44.6,CL_MINOR,548,5,,45.76,0,Inland,Medium,1,RC_Slab
4226,54.6444488792454,-6.87726153309332,Road_River,17907,7001,4.2,5,9.2,CL_MINOR,548,5,,46.27,0,Inland,Low,1,Masonry_Arch
4227,54.6329796981082,-6.8817246083303,Road_River,17909,6997,4,5,35.9,CL_MINOR,548,5,,47.43,0,Inland,Low,1,Masonry_Arch
4228,54.6310947852385,-6.85139975210841,Road_River,17911,6996,1.5,5,49.1,CL_MINOR,623,5,,48.14,0,Inland,Low,1,Culvert
4229,54.6453798291669,-6.89415228731996,Road_River,17918,6999,3.6,5,39.5,CL_MINOR,548,5,,45.9,0,Inland,Low,1,Masonry_Arch
4230,54.6346506518806,-6.91036666138858,Road_River,17920,7000,1.9,5,24.4,CL_MINOR,530,5,,46.84,0,Inland,Low,1,Masonry_Arch
4231,54.6354237495067,-6.92748574212932,Road_River,17920,7052,1,5,17.7,CL_MINOR,530,5,,46.52,0,Inland,Low,1,Culvert
4232,54.6411706429972,-6.92859123962193,Road_River,17921,7006,1.7,5,9.40000000000001,CL_MINOR,530,5,,45.88,0,Inland,Low,1,Culvert
4233,54.6413861194058,-6.93316880611787,Road_River,17923,7007,3.5,5,42.5,CL_MINOR,530,5,,45.79,0,Inland,Low,1,Masonry_Arch
4234,54.6333777974585,-6.92887755738243,Road_River,17927,7052,2.6,5,44.3,CL_MINOR,530,5,,46.72,0,Inland,Low,1,Masonry_Arch
4235,54.61822500095,-6.93263246400955,Road_River,17929,7053,1.6,5,17.3,CL_MINOR,530,5,,48.32,0,Inland,Low,1,Culvert
4236,54.6029455859529,-6.93101714410217,Road_River,17931,7092,1.6,5,19.4,CL_MINOR,828,5,,50.01,0,Inland,Low,1,Culvert
4237,54.5978882011826,-6.92813978916984,Road_River,17931,7093,1.3,5,21.6,CL_MINOR,828,5,,50.6,0,Inland,Low,1,Culvert
4238,54.6093853660495,-6.93391545392055,Road_River,17931,7096,1.2,5,17.2,CL_MINOR,828,5,,49.27,0,Inland,Low,1,Culvert
4239,54.6610948707151,-6.83420088830523,Road_River,17937,6925,1.9,5,34.7,CL_MINOR,884,5,,45.3,0,Inland,Low,1,Masonry_Arch
4240,54.6548666715906,-6.83865614518283,Road_River,17941,6926,18.1,5,33.6,CL_MINOR,884,5,,45.86,0,Inland,High,4,RC_Slab
4241,54.5901257536315,-6.92762768490491,Road_River,17946,7095,4.6,5,32.3,CL_MINOR,828,5,,51.45,0,Inland,Low,1,RC_Slab
4242,54.5961929105121,-6.84779620599118,Road_River,17949,7089,1.8,5,3.2,CL_MINOR,790,5,,51.93,0,Inland,Low,1,Culvert
4243,54.5880557156234,-6.84225016421336,Road_River,17950,7124,7.8,5,8.5,CL_MINOR,790,5,,52.9,0,Inland,Low,2,Masonry_Arch
4244,54.5973492979476,-6.87540720419675,Road_River,17954,7129,1.9,5,6.59999999999999,CL_MINOR,790,5,,51.37,0,Inland,Low,1,Masonry_Arch
4245,54.6544877763488,-6.79049698520846,Road_River,17958,6923,4.3,5,13.3,CL_MINOR,809,5,,46.96,0,Inland,Low,1,Masonry_Arch
4246,54.6498290070238,-6.76699620963878,Road_River,17959,6916,3.8,5,23.4,CL_MINOR,809,5,,48.01,0,Inland,Low,1,Masonry_Arch
4247,54.6518661972989,-6.80770212944605,Road_River,17960,6924,2.6,5,20.3,CL_MINOR,884,5,,46.83,0,Inland,Low,1,Masonry_Arch
4248,54.6297436109023,-6.82956852256227,Road_River,17968,6996,4.2,5,60.7,CL_MINOR,865,5,,48.69,0,Inland,Low,1,Masonry_Arch
4249,54.6269877631413,-6.81743565013222,Road_River,17972,6996,3.6,5,42.6,CL_MINOR,865,5,,49.23,0,Inland,Low,1,Masonry_Arch
4250,54.6227175434367,-6.81617667613931,Road_River,17972,7040,13.1,5,25.4,CL_MINOR,865,5,,49.7,0,Inland,Low,3,Masonry_Arch
4251,54.6356373584149,-6.80372790771826,Road_River,17973,6993,1.4,5,6.8,CL_MINOR,641,5,,48.61,0,Inland,Low,1,Culvert
4252,54.6465622236167,-6.81005767366689,Road_River,17976,6927,25.8,5,38.3,CL_MINOR,884,5,,47.33,0,Inland,High,5,Bespoke_Viaduct
4253,54.5878265775761,-6.83324331697828,Road_River,17977,7124,10.4,5,19.7,CL_MINOR,679,5,,53.08,0,Inland,Low,2,RC_Slab
4254,54.5935165538261,-6.80752966282267,Road_River,17980,7085,4.1,5,42.7,CL_MINOR,679,5,,52.96,0,Inland,Medium,1,Masonry_Arch
4255,54.5943902792027,-6.79450814458893,Road_River,17982,7119,3,5,35,CL_MINOR,735,5,,53.13,0,Inland,Low,1,Masonry_Arch
4256,54.5878499227329,-6.79258174007143,Road_River,17983,7117,5.6,5,10.9,CL_MINOR,735,5,,53.86,0,Inland,Low,1,RC_Slab
4257,54.6179112816362,-6.80785208723069,Road_River,17984,7038,1.2,5,15.4,CL_MINOR,865,5,,50.38,0,Inland,Low,1,Culvert
4258,54.6221636146375,-6.81726397020001,Road_River,17984,7039,3.7,5,65.7,CL_MINOR,865,5,,49.74,0,Inland,Medium,1,Masonry_Arch
4259,54.5989517784018,-6.8332811285512,Road_River,17992,7085,2,5,10.8,CL_MINOR,679,5,,51.89,0,Inland,Low,1,Masonry_Arch
4260,54.4971125028799,-6.85058801690342,Road_River,17994,2803,13.9,5,53.6,CL_MINOR,921,5,,57.7,0,Inland,Medium,3,RC_Slab
4261,54.5297732247617,-6.86666414796283,Road_River,17997,7304,3.5,5,31,CL_MINOR,921,5,,58.81,0,Inland,Low,1,Masonry_Arch
4262,54.5294082802466,-6.87535156885511,Road_River,17998,7234,1.7,5,24.3,CL_MINOR,921,5,,58.73,0,Inland,Low,1,Culvert
4263,54.496364136739,-7.04261160398614,Road_River,18002,2967,2.2,5,48.9,CL_MINOR,809,5,,60.78,0,Inland,Low,1,Masonry_Arch
4264,54.5063390424189,-7.04540601709684,Road_River,18003,2843,1,5,28.8,CL_MINOR,492,5,,59.66,0,Inland,Low,1,Culvert
4265,54.5004180672051,-7.04412666202495,Road_River,18004,2969,6.7,5,54.1,CL_MINOR,492,5,,60.32,0,Inland,Medium,2,Masonry_Arch
4266,54.5237964384599,-7.04719416620055,Road_River,18006,2865,3.9,5,28,CL_MINOR,492,5,,57.72,0,Inland,Low,1,Masonry_Arch
4267,54.5368649272687,-7.04673200402285,Road_River,18007,2863,7.7,5,8.90000000000001,CL_MINOR,492,5,,56.27,0,Inland,Low,2,Masonry_Arch
4268,54.5360888450669,-7.04723541828678,Road_River,18007,2864,6,5,9.90000000000001,CL_MINOR,492,5,,56.36,0,Inland,Low,1,RC_Slab
4269,54.5457891825838,-7.04291835852292,Road_River,18008,2526,2.5,5,22.6,CL_MINOR,492,5,,55.3,0,Inland,Low,1,Masonry_Arch
4270,54.50304049872,-6.97838833118639,Road_River,18016,7360,5,5,37.2,CL_MINOR,660,5,,60.48,0,Inland,Low,1,RC_Slab
4271,54.4957701959563,-6.96366866697875,Road_River,18017,7359,10.8,5,3.2,CL_MINOR,660,5,,61.42,0,Inland,Low,1,Bespoke_Viaduct
4272,54.5062141544068,-6.90284283452986,Road_River,18018,7307,7.8,5,6.5,CL_MINOR,921,5,,60.69,0,Inland,Low,2,Masonry_Arch
4273,54.5010650216078,-6.89367420560511,Road_River,18020,2812,4,5,48.9,CL_MINOR,921,5,,59.87,0,Inland,Low,1,Masonry_Arch
4274,54.5103874293881,-6.90509308412318,Road_River,18023,7308,4,5,4.2,CL_MINOR,921,5,,60.42,0,Inland,Low,1,Masonry_Arch
4275,54.5112741542251,-6.95005673341751,Road_River,18027,7315,1.1,5,18.3,CL_MINOR,660,5,,59.86,0,Inland,Low,1,Culvert
4276,54.5049230303128,-6.95263095275061,Road_River,18027,7356,1.8,5,41.5,CL_MINOR,660,5,,60.53,0,Inland,Low,1,Culvert
4277,54.5156536581935,-6.86868340843332,Road_River,18030,7303,2.4,5,3.8,CL_MINOR,921,5,,60.03,0,Inland,Low,1,Masonry_Arch
4278,54.5135910574411,-6.90196350645361,Road_River,18031,7310,2.8,5,16.1,CL_MINOR,921,5,,60.1,0,Inland,Low,1,Masonry_Arch
4279,54.5207516084556,-6.94338148003781,Road_River,18037,7241,2.1,5,32.4,CL_MINOR,753,5,,58.88,0,Inland,Low,1,Masonry_Arch
4280,54.5224967629764,-6.9409273279634,Road_River,18037,7242,3.3,5,38.2,CL_MINOR,753,5,,58.71,0,Inland,Low,1,Masonry_Arch
4281,54.5252964814436,-6.92962764122354,Road_River,18039,7239,3.5,5,41.6,CL_MINOR,753,5,,58.52,0,Inland,Low,1,Masonry_Arch
4282,54.5405454381047,-6.88386224551994,Road_River,18044,7208,3.8,5,4,CL_MINOR,865,5,,57.4,0,Inland,Low,1,Masonry_Arch
4283,54.5478721803111,-6.8272232359037,Road_River,18050,7200,3.3,5,14.6,CL_MINOR,939,5,,57.46,0,Inland,Low,1,Masonry_Arch
4284,54.5472398596512,-6.8264875515041,Road_River,18050,7230,25.5,5,63.6,CL_MINOR,939,5,,57.54,0,Inland,High,5,Bespoke_Viaduct
4285,54.554473703696,-6.83413827083755,Road_River,18053,7199,2.1,5,29.7,CL_MINOR,939,5,,56.63,0,Inland,Low,1,Masonry_Arch
4286,54.5625638304086,-6.84193510628388,Road_River,18055,7147,5.7,5,21.3,CL_MINOR,716,5,,55.64,0,Inland,Low,1,RC_Slab
4287,54.5662020421604,-6.83961381638949,Road_River,18056,7146,1.5,5,9.09999999999999,CL_MINOR,716,5,,55.28,0,Inland,Low,1,Culvert
4288,54.5767290885962,-6.83510706275453,Road_River,18057,7123,1.6,5,25.2,CL_MINOR,679,5,,54.23,0,Inland,Low,1,Culvert
4289,54.5614859526454,-7.03511777046828,Road_River,18058,2420,2.2,5,28.1,CL_MINOR,790,5,,53.61,0,Inland,Low,1,Masonry_Arch
4290,54.5735413250153,-7.03720045830423,Road_River,18058,2434,4.8,5,19.8,CL_MINOR,790,5,,52.27,0,Inland,Low,1,RC_Slab
4291,54.5514023085197,-7.040927917609,Road_River,18059,2521,1,5,11.2,CL_MINOR,492,5,,54.69,0,Inland,Low,1,Culvert
4292,54.5574147790788,-7.03667794172297,Road_River,18060,2422,1.2,5,10.2,CL_MINOR,492,5,,54.05,0,Inland,Low,1,Culvert
4293,54.561935391346,-6.87933260681253,Road_River,18061,7149,4.5,5,14.7,CL_MINOR,865,5,,55.15,0,Inland,Low,1,Masonry_Arch
4294,54.5449235786094,-6.92865427357149,Road_River,18062,7209,4.4,5,25.9,CL_MINOR,716,5,,56.38,0,Inland,Low,1,Masonry_Arch
4295,54.5486971303194,-6.88155361075781,Road_River,18063,7204,2.2,5,8.8,CL_MINOR,865,5,,56.55,0,Inland,Low,1,Masonry_Arch
4296,54.4993591098649,-6.77262311966102,Road_River,18078,9895,9.1,5,60.9,CL_MINOR,1014,5,,54.76,0,Inland,Medium,2,RC_Slab
4297,54.5365263310817,-6.78271413640058,Road_River,18081,7224,4,5,47.6,CL_MINOR,1014,5,,55.96,0,Inland,Low,1,Masonry_Arch
4298,54.5398607068728,-6.7718800794092,Road_River,18082,7192,3.3,5,36.8,CL_MINOR,1014,5,,55.22,0,Inland,Low,1,Masonry_Arch
4299,54.5324233284597,-6.84354650406888,Road_River,18084,7230,5.2,5,2.40000000000001,CL_MINOR,716,5,,58.86,0,Inland,Low,1,RC_Slab
4300,54.5323038643845,-6.79547855886174,Road_River,18090,7298,4.5,5,54.1,CL_MINOR,1014,5,,56.84,0,Inland,Low,1,Masonry_Arch
4301,54.5110593910732,-6.85030430554603,Road_River,18094,7303,4.4,5,65.1,CL_MINOR,921,5,,58.87,0,Inland,Low,1,Masonry_Arch
4302,54.5110509975046,-6.84730770152513,Road_River,18095,7303,4,5,75,CL_MINOR,921,5,,58.75,0,Inland,Low,1,Masonry_Arch
4303,54.5071323124652,-6.83433257137518,Road_River,18103,2804,7,5,22.2,CL_MINOR,1014,5,,57.88,0,Inland,Low,1,RC_Slab
4304,54.5171570012968,-6.80439138744554,Road_River,18108,7298,2.6,5,12.7,CL_MINOR,1014,5,,57.57,0,Inland,Low,1,Masonry_Arch
4305,54.5090914141562,-6.79522952089687,Road_River,18109,2800,2.4,5,8.3,CL_MINOR,1014,5,,56.5,0,Inland,Low,1,Masonry_Arch
4306,54.51018813107,-6.79946137773346,Road_River,18110,2800,0.9,5,13.6,CL_MINOR,1014,5,,56.76,0,Inland,Low,1,Culvert
4307,54.5100154679425,-6.80033951445759,Road_River,18110,2800,2.1,5,0.599999999999994,CL_MINOR,1014,5,,56.78,0,Inland,Low,1,Masonry_Arch
4308,54.5043229930295,-6.78599668381232,Road_River,18111,9895,4.8,5,35,CL_MINOR,1014,5,,55.72,0,Inland,Low,1,RC_Slab
4309,54.5071359291905,-6.78316396969556,Road_River,18113,9895,2.3,5,14.8,CL_MINOR,1014,5,,55.86,0,Inland,Low,1,Masonry_Arch
4310,54.5070006703757,-6.80281162210988,Road_River,18118,2800,1.1,5,15.2,CL_MINOR,1014,5,,56.61,0,Inland,Low,1,Culvert
4311,54.4956963324222,-6.84761130767744,Road_River,18120,2803,11,5,56.3,CL_MINOR,921,5,,57.46,0,Inland,Medium,2,RC_Slab
4312,54.4963182528568,-6.8372047118927,Road_River,18120,2805,1.1,5,5.7,CL_MINOR,921,5,,57.08,0,Inland,Low,1,Culvert
4313,54.496332792442,-6.84042867002834,Road_River,18120,2806,9.2,5,30.8,CL_MINOR,921,5,,57.21,0,Inland,Low,2,RC_Slab
4314,54.4948756052164,-6.82898258085508,Road_River,18123,2805,1.8,5,21,CL_MINOR,1014,5,,56.61,0,Inland,Low,1,Culvert
4315,54.5193826468652,-6.88426722738503,Road_River,18127,7306,7.4,5,16.5,CL_MINOR,921,5,,59.7,0,Inland,Low,2,Masonry_Arch
4316,54.6743249997621,-6.83223656688966,Road_River,18134,6855,2.7,5,21.7,CL_MINOR,884,5,,43.95,0,Inland,Low,1,Masonry_Arch
4317,54.6790240343976,-6.80762067633068,Road_River,18135,6854,1.7,5,5.3,CL_MINOR,567,5,,44.02,0,Inland,Low,1,Culvert
4318,54.6812867111099,-6.81160386287318,Road_River,18135,6854,1.8,5,39.4,CL_MINOR,567,5,,43.69,0,Inland,Low,1,Culvert
4319,54.6632024600599,-6.87203068281627,Road_River,18144,6857,1.7,5,8.2,CL_MINOR,1014,5,,44.35,0,Inland,Low,1,Culvert
4320,54.6696657987934,-6.86279553788473,Road_River,18145,6858,2.2,5,2.3,CL_MINOR,1014,5,,43.83,0,Inland,Low,1,Masonry_Arch
4321,54.6644216180211,-6.87018587532265,Road_River,18147,6858,2.2,5,7.7,CL_MINOR,1014,5,,44.25,0,Inland,Low,1,Masonry_Arch
4322,54.6648036300783,-6.89303109671785,Road_River,18149,6860,3.2,5,59.8,CL_MINOR,548,5,,43.83,0,Inland,Medium,1,Masonry_Arch
4323,54.6660865746145,-6.90301211386761,Road_River,18149,6861,4.5,5,37.3,CL_MINOR,548,5,,43.53,0,Inland,Low,1,Masonry_Arch
4324,54.6687688552379,-6.9228305343593,Road_River,18150,6865,1,5,18,CL_MINOR,772,5,,42.96,0,Inland,Low,1,Culvert
4325,54.6664553513189,-6.9599764770507,Road_River,18152,6871,3.8,5,28.1,CL_MINOR,548,5,,42.74,0,Inland,Low,1,Masonry_Arch
4326,54.6745491697577,-6.96365002166265,Road_River,18153,6874,2.2,5,40.7,CL_MINOR,548,5,,41.81,0,Inland,Low,1,Masonry_Arch
4327,54.677123574194,-6.96575770300559,Road_River,18154,6873,2.7,5,33.4,CL_MINOR,492,5,,41.51,0,Inland,Low,1,Masonry_Arch
4328,54.6829876742475,-6.96856945363268,Road_River,18156,6811,2.8,5,41.7,CL_MINOR,492,5,,40.84,0,Inland,Low,1,Masonry_Arch
4329,54.6763503306348,-6.96191707062756,Road_River,18159,6873,2.5,5,2.59999999999999,CL_MINOR,548,5,,41.64,0,Inland,Low,1,Masonry_Arch
4330,54.6799964511455,-6.90542261469931,Road_River,18161,6861,2,5,27.3,CL_MINOR,437,5,,42,0,Inland,Low,1,Masonry_Arch
4331,54.7100419972598,-6.93975658781706,Road_River,18165,1430,25.3,5,42.6,CL_MINOR,641,5,,38.26,0,Inland,High,5,Bespoke_Viaduct
4332,54.6798200745732,-6.99980856649215,Road_River,18170,1699,1.2,5,15.2,CL_MINOR,511,5,,40.88,0,Inland,Low,1,Culvert
4333,54.7043654321587,-7.05817743329523,Road_River,18175,1436,3.6,5,46.1,CL_MINOR,567,5,,37.68,0,Inland,Low,1,Masonry_Arch
4334,54.7071085581716,-7.04873215961829,Road_River,18175,1571,23.6,5,27.2,CL_MINOR,567,5,,37.44,0,Inland,High,4,Bespoke_Viaduct
4335,54.6968120395952,-7.02992174243439,Road_River,18178,1569,26,5,21.3,CL_MINOR,567,5,,38.72,0,Inland,High,5,Bespoke_Viaduct
4336,54.6944240654364,-6.97481678380677,Road_River,18180,1564,24.4,5,21.1,CL_MINOR,492,5,,39.52,0,Inland,High,5,Bespoke_Viaduct
4337,54.713661641912,-7.07195557119631,Road_River,18182,1443,2.4,5,10,CL_MINOR,548,5,,36.58,0,Inland,Low,1,Masonry_Arch
4338,54.7095612936613,-7.0455671527861,Road_River,18184,1435,2.1,5,15.3,CL_MINOR,567,5,,37.19,0,Inland,Low,1,Masonry_Arch
4339,54.7197801607143,-7.06031580989424,Road_River,18185,1327,2.2,5,11.2,CL_MINOR,604,5,,35.96,0,Inland,Low,1,Masonry_Arch
4340,54.7280337796706,-7.06629138225785,Road_River,18187,1328,9.8,5,13,CL_MINOR,604,5,,35.02,0,Inland,Low,2,RC_Slab
4341,54.7232328551472,-6.98248918561135,Road_River,18193,1324,3,5,33.9,CL_MINOR,455,5,,36.28,0,Inland,Low,1,Masonry_Arch
4342,54.7513684657255,-6.89155382649612,Road_River,18194,6639,2.2,5,34.2,CL_MINOR,437,5,,34.62,0,Inland,Low,1,Masonry_Arch
4343,54.7516423407722,-6.88893458644165,Road_River,18195,6638,2.5,5,10,CL_MINOR,437,5,,34.64,0,Inland,Low,1,Masonry_Arch
4344,54.790106414244,-7.01450827906267,Road_River,18196,587,4.7,5,18.5,CL_MINOR,381,5,,28.63,0,Inland,Low,1,RC_Slab
4345,54.7843925379106,-7.01903956137651,Road_River,18196,943,1.8,5,1,CL_MINOR,381,5,,29.22,0,Inland,Low,1,Culvert
4346,54.7828956846553,-7.02592433000456,Road_River,18196,944,1.7,5,7.8,CL_MINOR,381,5,,29.31,0,Inland,Low,1,Culvert
4347,54.7813505732359,-7.02990176198976,Road_River,18196,945,2.5,5,4.7,CL_MINOR,381,5,,29.44,0,Inland,Low,1,Masonry_Arch
4348,54.7772287941387,-7.04396805380187,Road_River,18196,952,4,5,59.7,CL_MINOR,381,5,,29.75,0,Inland,Low,1,Masonry_Arch
4349,54.7757880843127,-7.05504737848158,Road_River,18196,954,2.7,5,3.59999999999999,CL_MINOR,381,5,,29.82,0,Inland,Low,1,Masonry_Arch
4350,54.7758320170526,-7.06385169480144,Road_River,18196,957,2,5,14.8,CL_MINOR,381,5,,29.75,0,Inland,Low,1,Masonry_Arch
4351,54.7738837419993,-7.06913041501234,Road_River,18196,1085,2.8,5,29.2,CL_MINOR,381,5,,29.93,0,Inland,Low,1,Masonry_Arch
4352,54.7735846635418,-7.07150402178311,Road_River,18196,1086,1.8,5,14.3,CL_MINOR,381,5,,29.95,0,Inland,Low,1,Culvert
4353,54.7012608212444,-6.78609325598612,Road_River,18197,6798,3.7,5,31.3,CL_MINOR,735,5,,42.29,0,Inland,Low,1,Masonry_Arch
4354,54.7114802720826,-6.78716606010406,Road_River,18199,6753,1.3,5,21.8,CL_MINOR,735,5,,41.22,0,Inland,Low,1,Culvert
4355,54.7123063986591,-6.79989417184027,Road_River,18201,6757,3.4,5,3.8,CL_MINOR,455,5,,40.81,0,Inland,Low,1,Masonry_Arch
4356,54.8191596490631,-6.81883374438405,Road_River,18205,6205,11.7,5,1.3,CL_MINOR,884,5,,29.59,0,Inland,Low,2,RC_Slab
4357,54.8170721232936,-6.82856741494024,Road_River,18206,6206,8.4,5,9.90000000000001,CL_MINOR,884,5,,29.5,0,Inland,Low,2,Masonry_Arch
4358,54.8223702285053,-6.8025531069074,Road_River,18208,6200,1.9,5,24.3,CL_MINOR,492,5,,29.82,0,Inland,Low,1,Masonry_Arch
4359,54.7586389700385,-6.77901223117424,Road_River,18211,6539,2.4,5,18.1,CL_MINOR,679,5,,36.72,0,Inland,Low,1,Masonry_Arch
4360,54.7378903587544,-6.94086188277584,Road_River,18214,1309,1.1,5,10.3,CL_MINOR,381,5,,35.22,0,Inland,Low,1,Culvert
4361,54.7363495383264,-6.94540671201196,Road_River,18214,1310,2.6,5,12.9,CL_MINOR,381,5,,35.32,0,Inland,Low,1,Masonry_Arch
4362,54.7347773277997,-6.94992260451567,Road_River,18214,1311,0.9,5,8.3,CL_MINOR,381,5,,35.44,0,Inland,Low,1,Culvert
4363,54.7345043478058,-6.95063994656102,Road_River,18214,1312,1.9,5,15.1,CL_MINOR,381,5,,35.45,0,Inland,Low,1,Masonry_Arch
4364,54.7320328091455,-6.9570328785996,Road_River,18214,1313,2.1,5,5.09999999999999,CL_MINOR,381,5,,35.63,0,Inland,Low,1,Masonry_Arch
4365,54.7316327457103,-6.95802647587159,Road_River,18214,1314,3.2,5,1.59999999999999,CL_MINOR,381,5,,35.66,0,Inland,Low,1,Masonry_Arch
4366,54.7447398840105,-6.92198093554477,Road_River,18214,6643,8,5,10.6,CL_MINOR,381,5,,34.77,0,Inland,Low,2,Masonry_Arch
4367,54.7426517848072,-6.92509197058255,Road_River,18214,6645,2.5,5,7.7,CL_MINOR,381,5,,34.94,0,Inland,Low,1,Masonry_Arch
4368,54.7384459585799,-6.93859970222447,Road_River,18214,6646,3.3,5,2.5,CL_MINOR,381,5,,35.19,0,Inland,Low,1,Masonry_Arch
4369,54.7415168476658,-6.92700604469165,Road_River,18214,6654,3.7,5,47.2,CL_MINOR,381,5,,35.03,0,Inland,Low,1,Masonry_Arch
4370,54.7692656238699,-6.83862239267821,Road_River,18215,6546,3.5,5,0.5,CL_MINOR,623,5,,34.01,0,Inland,Low,1,Masonry_Arch
4371,54.7665019672664,-6.84435674200918,Road_River,18215,6548,3,5,30.6,CL_MINOR,623,5,,34.14,0,Inland,Low,1,Masonry_Arch
4372,54.7588031484866,-6.86043077668639,Road_River,18215,6553,1.1,5,1.8,CL_MINOR,623,5,,34.53,0,Inland,Low,1,Culvert
4373,54.7566564373247,-6.86686854221422,Road_River,18217,6555,3.1,5,6.3,CL_MINOR,623,5,,34.6,0,Inland,Low,1,Masonry_Arch
4374,54.7867832431524,-6.76913262109015,Road_River,18221,6292,1.6,5,46.1,CL_MINOR,772,5,,34.31,0,Inland,Low,1,Culvert
4375,54.8239903871882,-6.79321322829599,Road_River,18224,6201,1.9,5,2.7,CL_MINOR,623,5,,29.98,0,Inland,Low,1,Masonry_Arch
4376,54.8267992912129,-6.77739045164683,Road_River,18227,6197,3.7,5,55,CL_MINOR,623,5,,30.29,0,Inland,Low,1,Masonry_Arch
4377,54.8291541821136,-6.76408856716316,Road_River,18228,6186,12.9,5,25.4,CL_MINOR,828,5,,30.57,0,Inland,High,3,Masonry_Arch
4378,54.783565714647,-6.87020911136036,Road_River,18232,6308,12.6,5,35.6,CL_MINOR,623,5,,31.75,0,Inland,Low,3,Masonry_Arch
4379,54.7973830322564,-6.83315801073299,Road_River,18234,6276,1.6,5,9.5,CL_MINOR,492,5,,31.31,0,Inland,Low,1,Culvert
4380,54.7867021449102,-6.85408445770873,Road_River,18234,6428,2.5,5,5,CL_MINOR,492,5,,31.84,0,Inland,Low,1,Masonry_Arch
4381,54.7856695879795,-6.85805932313801,Road_River,18234,6428,1.5,5,11.1,CL_MINOR,492,5,,31.84,0,Inland,Low,1,Culvert
4382,54.7889163488633,-6.84606852781429,Road_River,18234,6429,2.6,5,50.1,CL_MINOR,492,5,,31.82,0,Inland,Medium,1,Masonry_Arch
4383,54.6668481374543,-6.8757853533281,Road_River,18236,6856,1.4,5,23.5,CL_MINOR,548,5,,43.89,0,Inland,Low,1,Culvert
4384,54.6632554035938,-6.90911385577349,Road_River,18237,6939,10.5,5,63.6,CL_MINOR,548,5,,43.75,0,Inland,High,2,RC_Slab
4385,54.718851817946,-7.06056338690704,Road_River,18240,1434,27.8,5,20,CL_MINOR,604,5,,36.07,0,Inland,High,5,Bespoke_Viaduct
4386,54.6732666535725,-6.94095439934885,Road_River,18241,6866,1.6,5,17.5,CL_MINOR,772,5,,42.23,0,Inland,Low,1,Culvert
4387,54.8570535783919,-6.76436635685127,Road_River,18242,5824,2.6,5,64.3,CL_MINOR,511,5,,28.11,0,Inland,Low,1,Masonry_Arch
4388,54.9470838315183,-6.76576874938075,Road_River,18243,5327,0.9,5,13.6,CL_MINOR,567,5,,21.33,0,Inland,Low,1,Culvert
4389,54.9500975481999,-6.75681260612329,Road_River,18244,5326,1.3,5,8.09999999999999,CL_MINOR,567,5,,21.64,0,Inland,Low,1,Culvert
4390,54.9531163333845,-6.76539859417332,Road_River,18245,5198,4.4,5,23.1,CL_MINOR,567,5,,21,0,Inland,Low,1,Masonry_Arch
4391,54.959336902832,-6.77417022421334,Road_River,18246,5209,3.5,5,9.2,CL_MINOR,437,5,,20.13,0,Inland,Low,1,Masonry_Arch
4392,54.9596905755816,-6.7745820760833,Road_River,18246,5210,3.1,5,9.7,CL_MINOR,437,5,,20.08,0,Inland,Low,1,Masonry_Arch
4393,54.9464671143018,-6.77191826072309,Road_River,18248,5324,2.3,5,8.8,CL_MINOR,437,5,,21.04,0,Inland,Low,1,Masonry_Arch
4394,54.9471494779183,-6.78683664168182,Road_River,18248,5329,2.2,5,17,CL_MINOR,437,5,,20.2,0,Inland,Low,1,Masonry_Arch
4395,54.9653387785975,-6.7912505524303,Road_River,18252,5210,2.4,5,41.8,CL_MINOR,474,5,,18.85,0,Inland,Medium,1,Masonry_Arch
4396,54.8900808165869,-6.79041972874174,Road_River,18253,3885,2.6,5,2,CL_MINOR,418,5,,24.24,0,Inland,Low,1,Masonry_Arch
4397,54.8914207299468,-6.79084968990046,Road_River,18253,3950,1.5,5,8.2,CL_MINOR,418,5,,24.12,0,Inland,Low,1,Culvert
4398,54.8915402423296,-6.79376973058349,Road_River,18253,3953,2,5,10.3,CL_MINOR,418,5,,23.98,0,Inland,Low,1,Masonry_Arch
4399,54.9063659719538,-6.87264308230321,Road_River,18254,3796,1.8,5,4.7,CL_MINOR,530,5,,19.53,0,Inland,Low,1,Culvert
4400,54.9052321406831,-6.88539698120709,Road_River,18255,3804,1.5,5,13.9,CL_MINOR,641,5,,19.18,0,Inland,Low,1,Culvert
4401,54.9025974907822,-6.88516741136281,Road_River,18255,3807,65.9,5,48.6,CL_MINOR,641,5,,19.44,0,Inland,High,11,Bespoke_Viaduct
4402,54.895865179494,-6.88093128882301,Road_River,18255,3996,2.8,5,28.8,CL_MINOR,641,5,,20.22,0,Inland,Low,1,Masonry_Arch
4403,54.8911944391764,-6.87840796322443,Road_River,18255,3997,6.8,5,26.2,CL_MINOR,641,5,,20.75,0,Inland,Low,2,Masonry_Arch
4404,54.9063619787268,-6.88207673141728,Road_River,18256,3804,1.9,5,10.4,CL_MINOR,641,5,,19.19,0,Inland,Low,1,Masonry_Arch
4405,54.9267700369492,-6.8874174626214,Road_River,18259,2660,2.1,5,37,CL_MINOR,641,5,,17.13,0,Inland,Low,1,Masonry_Arch
4406,54.9266536698111,-6.89376639637548,Road_River,18259,2662,1.7,5,28.8,CL_MINOR,641,5,,16.9,0,Inland,Low,1,Culvert
4407,54.9304083568189,-6.88543643390223,Road_River,18260,2661,2.4,5,10.2,CL_MINOR,511,5,,16.88,0,Inland,Low,1,Masonry_Arch
4408,54.9315295275895,-6.88641355809968,Road_River,18260,2663,3,5,28.1,CL_MINOR,511,5,,16.74,0,Inland,Low,1,Masonry_Arch
4409,54.9631002845122,-6.88895269796308,Road_River,18263,3601,2,5,6,CL_MINOR,511,5,,13.99,0,Inland,Low,1,Masonry_Arch
4410,54.9692921431175,-6.88399737265657,Road_River,18265,17266,6.4,5,32.1,CL_MINOR,604,5,,13.76,0,Inland,Low,2,Masonry_Arch
4411,54.9693026081611,-6.87437413897171,Road_River,18267,712,2.4,5,37.6,CL_MINOR,604,5,,14.23,0,Inland,Low,1,Masonry_Arch
4412,54.9704184167058,-6.88086333540524,Road_River,18267,714,3,5,49.1,CL_MINOR,604,5,,13.83,0,Inland,Low,1,Masonry_Arch
4413,54.9889168348435,-6.8421288917716,Road_River,18271,706,1.5,5,11.3,CL_MINOR,474,5,,14.65,0,Inland,Low,1,Culvert
4414,54.9896336151975,-6.84472517991843,Road_River,18271,3483,1.4,5,13.5,CL_MINOR,474,5,,14.47,0,Inland,Low,1,Culvert
4415,54.9852234777981,-6.8079424903142,Road_River,18271,3566,1.9,5,7.40000000000001,CL_MINOR,474,5,,16.66,0,Inland,Low,1,Masonry_Arch
4416,54.9855428484424,-6.81029986305096,Road_River,18271,3567,1.3,5,13.8,CL_MINOR,474,5,,16.52,0,Inland,Low,1,Culvert
4417,54.9855606323414,-6.79525921013791,Road_River,18271,3568,2.2,5,18.5,CL_MINOR,474,5,,17.31,0,Inland,Low,1,Masonry_Arch
4418,54.9864842513728,-6.82456233331236,Road_River,18271,3572,1,5,4.40000000000001,CL_MINOR,474,5,,15.71,0,Inland,Low,1,Culvert
4419,54.9873200344157,-6.86084048596486,Road_River,18272,3451,5.6,5,39.8,CL_MINOR,548,5,,13.77,0,Inland,Low,1,RC_Slab
4420,54.9915781476089,-6.87357418669948,Road_River,18275,3451,6.5,5,16,CL_MINOR,548,5,,12.82,0,Inland,Low,2,Masonry_Arch
4421,54.9897662854971,-6.87521984711275,Road_River,18275,3486,1.1,5,10.7,CL_MINOR,548,5,,12.84,0,Inland,Low,1,Culvert
4422,54.9943194748996,-6.89887686894031,Road_River,18279,3490,4.5,5,20.2,CL_MINOR,604,5,,11.29,0,Inland,Low,1,Masonry_Arch
4423,54.997065998693,-6.90090740295804,Road_River,18279,3498,2.4,5,1.59999999999999,CL_MINOR,604,5,,11.01,0,Inland,Low,1,Masonry_Arch
4424,55.002381934076,-6.90417046893101,Road_River,18280,3498,1.8,5,23.5,CL_MINOR,604,5,,10.51,0,Inland,Low,1,Culvert
4425,55.0049413327923,-6.88065957790139,Road_River,18281,3492,2.4,5,34.2,CL_MINOR,604,5,,11.6,0,Inland,Low,1,Masonry_Arch
4426,55.0013789446078,-6.88195780756636,Road_River,18282,3487,7.5,5,7,CL_MINOR,604,5,,11.79,0,Inland,Low,2,Masonry_Arch
4427,55.0022465055337,-6.88398440014196,Road_River,18282,3495,2.8,5,3,CL_MINOR,604,5,,11.63,0,Inland,Low,1,Masonry_Arch
4428,55.0135464018103,-6.88199239701999,Road_River,18283,3450,2.7,5,33.5,CL_MINOR,604,5,,10.95,0,Inland,Low,1,Masonry_Arch
4429,55.0129156984415,-6.88852767236809,Road_River,18286,3401,8.1,5,26.1,CL_MINOR,604,5,,10.66,0,Inland,Low,2,Masonry_Arch
4430,55.0171077795757,-6.87285412262989,Road_River,18287,3402,4.4,5,9.2,CL_MINOR,492,5,,11.2,0,Inland,Low,1,Masonry_Arch
4431,55.015107325954,-6.87959588366037,Road_River,18287,3405,2.6,5,13.9,CL_MINOR,492,5,,10.97,0,Inland,Low,1,Masonry_Arch
4432,54.9339154664194,-6.84732376529417,Road_River,18289,2659,2.7,5,14.2,CL_MINOR,474,5,,18.18,0,Inland,Low,1,Masonry_Arch
4433,54.9431476541948,-6.82774484045542,Road_River,18289,3661,2.6,5,8.09999999999999,CL_MINOR,474,5,,18.4,0,Inland,Low,1,Masonry_Arch
4434,54.9173788543776,-7.06122668384814,Road_River,18292,3834,1.7,5,33.4,CL_MINOR,492,5,,14.21,0,Inland,Low,1,Culvert
4435,54.9173513470874,-7.06180653936894,Road_River,18292,3835,2.9,5,32.2,CL_MINOR,492,5,,14.21,0,Inland,Low,1,Masonry_Arch
4436,54.9273163010178,-7.02777044436571,Road_River,18294,3735,1.3,5,1,CL_MINOR,492,5,,13.48,0,Inland,Low,1,Culvert
4437,54.9284376585673,-7.02034641567065,Road_River,18295,3734,2.7,5,46,CL_MINOR,492,5,,13.47,0,Inland,Medium,1,Masonry_Arch
4438,54.9289375769684,-7.02944120370155,Road_River,18296,3735,1.9,5,9.90000000000001,CL_MINOR,492,5,,13.28,0,Inland,Low,1,Masonry_Arch
4439,55.0048582517023,-6.9588802680663,Road_River,18298,3514,3.2,5,36.9,CL_MINOR,902,5,,7.53,0,Inland,Low,1,Masonry_Arch
4440,55.0050950949281,-6.95674380830723,Road_River,18299,3514,2.4,5,47.1,CL_MINOR,902,5,,7.61,0,Inland,Low,1,Masonry_Arch
4441,55.0022365730834,-6.96655792403233,Road_River,18300,3514,1.3,5,3.3,CL_MINOR,530,5,,7.39,0,Inland,Low,1,Culvert
4442,54.988224140033,-6.98025775068374,Road_River,18301,724,1.1,5,17.6,CL_MINOR,530,5,,8.14,0,Inland,Low,1,Culvert
4443,54.9683252513483,-6.95764951726926,Road_River,18303,3610,4.4,5,12.2,CL_MINOR,530,5,,10.78,0,Inland,Low,1,Masonry_Arch
4444,54.9712582647077,-6.90132609565717,Road_River,18304,710,8.9,5,6.3,CL_MINOR,604,5,,12.79,0,Inland,Low,2,Masonry_Arch
4445,54.9690858470859,-6.90380679158122,Road_River,18304,3605,1.6,5,10.2,CL_MINOR,604,5,,12.85,0,Inland,Low,1,Culvert
4446,54.9630415351469,-6.93638786799956,Road_River,18306,3608,100,5,21.2,CL_MINOR,846,5,,12.02,0,Inland,High,4,Bespoke_Viaduct
4447,54.967682390205,-6.98998955371737,Road_River,18309,3618,4.4,5,28.1,CL_MINOR,492,5,,9.93,0,Inland,Low,1,Masonry_Arch
4448,54.968749226807,-6.98988540171803,Road_River,18309,3621,1.5,5,10.9,CL_MINOR,492,5,,9.83,0,Inland,Low,1,Culvert
4449,55.0012056755356,-7.01418155057149,Road_River,18312,3523,2.2,5,3.8,CL_MINOR,586,5,,5.91,0,Inland,Low,1,Masonry_Arch
4450,55.001447971128,-7.00585283803597,Road_River,18312,3525,1.3,5,6.90000000000001,CL_MINOR,586,5,,6.08,0,Inland,Low,1,Culvert
4451,54.9965803046256,-7.02675179415066,Road_River,18315,3520,4.7,5,56.4,CL_MINOR,548,5,,6.05,0,Inland,Low,1,RC_Slab
4452,55.0149464111274,-7.02589606507449,Road_River,18320,3430,9.2,5,66.6,CL_MINOR,809,5,,4.2,0,Coastal,Medium,2,RC_Slab
4453,55.0151104683836,-7.04491717430559,Road_River,18326,3526,2,5,3.5,CL_MINOR,809,5,,3.73,0,Coastal,Low,1,Masonry_Arch
4454,55.0191098565285,-7.04139330732777,Road_River,18327,3526,3.5,5,35.9,CL_MINOR,809,5,,3.37,0,Coastal,Low,1,Masonry_Arch
4455,55.0179216483687,-7.02668706340321,Road_River,18329,3431,2,5,0.0999999999999943,CL_MINOR,809,5,,3.89,0,Coastal,Low,1,Masonry_Arch
4456,55.0161424574225,-7.02266416786747,Road_River,18332,3516,5.4,5,36.9,CL_MINOR,586,5,,4.17,0,Coastal,Low,1,RC_Slab
4457,55.0182901759953,-6.95179090941596,Road_River,18334,3419,2,5,18.5,CL_MINOR,902,5,,6.97,0,Inland,Low,1,Masonry_Arch
4458,55.0125993235304,-6.98295068590358,Road_River,18336,3422,2.1,5,14.5,CL_MINOR,586,5,,5.83,0,Inland,Low,1,Masonry_Arch
4459,55.0164321448843,-7.00007221525501,Road_River,18336,3427,6.5,5,57,CL_MINOR,586,5,,4.81,0,Inland,Medium,2,Masonry_Arch
4460,55.012199487054,-6.98131488118009,Road_River,18336,3511,3.4,5,40.6,CL_MINOR,586,5,,5.94,0,Inland,Low,1,Masonry_Arch
4461,55.0154514283201,-6.99556454137598,Road_River,18336,3525,1.2,5,19.1,CL_MINOR,586,5,,5.07,0,Inland,Low,1,Culvert
4462,55.0087561572073,-6.97036423528155,Road_River,18338,3515,3,5,26.3,CL_MINOR,902,5,,6.7,0,Inland,Low,1,Masonry_Arch
4463,55.0110130167326,-6.97690314351038,Road_River,18339,3423,1.5,5,9.40000000000001,CL_MINOR,902,5,,6.23,0,Inland,Low,1,Culvert
4464,55.0150562602141,-6.95277455828035,Road_River,18340,3419,7.9,5,74.2,CL_MINOR,902,5,,7.12,0,Inland,Low,2,Masonry_Arch
4465,55.0181048778937,-6.94430634548595,Road_River,18344,3416,2.6,5,14.2,CL_MINOR,660,5,,7.4,0,Inland,Low,1,Masonry_Arch
4466,55.0102726447365,-6.90330296419372,Road_River,18347,3409,1.8,5,13.6,CL_MINOR,604,5,,10.1,0,Inland,Low,1,Culvert
4467,54.9274671563739,-6.99691646329445,Road_River,18350,3734,5.6,5,45.7,CL_MINOR,586,5,,13.93,0,Inland,Medium,1,RC_Slab
4468,54.9591222943011,-6.99024070123113,Road_River,18352,3620,1.7,5,27.1,CL_MINOR,586,5,,10.79,0,Inland,Low,1,Culvert
4469,54.941506171589,-6.99483477422804,Road_River,18352,3686,1.9,5,5.2,CL_MINOR,586,5,,12.49,0,Inland,Low,1,Masonry_Arch
4470,54.9533233201243,-6.95549369784226,Road_River,18353,3612,1.7,5,19.5,CL_MINOR,530,5,,12.3,0,Inland,Low,1,Culvert
4471,54.926388120143,-6.92686719334914,Road_River,18355,2669,4.5,5,56.4,CL_MINOR,604,5,,15.81,0,Inland,Low,1,Masonry_Arch
4472,54.9218830910487,-6.92857776895476,Road_River,18355,3819,47.1,5,29.1,CL_MINOR,604,5,,16.2,0,Inland,High,8,Bespoke_Viaduct
4473,54.9528392823567,-6.94365224763705,Road_River,18356,3674,2.8,5,30,CL_MINOR,846,5,,12.72,0,Inland,Low,1,Masonry_Arch
4474,54.940348304244,-6.98164362792755,Road_River,18357,3680,3.8,5,61.1,CL_MINOR,586,5,,12.92,0,Inland,Medium,1,Masonry_Arch
4475,54.9409229070073,-6.95376093812479,Road_River,18360,3674,1.4,5,4.8,CL_MINOR,530,5,,13.59,0,Inland,Low,1,Culvert
4476,54.9273101303014,-6.92065477487094,Road_River,18364,2668,4.8,5,61.8,CL_MINOR,641,5,,15.91,0,Inland,Low,1,RC_Slab
4477,54.9212921671153,-6.97195125039827,Road_River,18366,3729,2.8,5,40.5,CL_MINOR,716,5,,15.12,0,Inland,Medium,1,Masonry_Arch
4478,54.9144811432669,-6.9661856194755,Road_River,18366,3823,10,5,15.4,CL_MINOR,716,5,,15.96,0,Inland,High,2,RC_Slab
4479,54.9158674925194,-6.96803469086078,Road_River,18366,3828,1.7,5,6.40000000000001,CL_MINOR,716,5,,15.77,0,Inland,Low,1,Culvert
4480,54.9071546648496,-6.92244648051718,Road_River,18369,3815,3.6,5,44.9,CL_MINOR,604,5,,17.84,0,Inland,Low,1,Masonry_Arch
4481,54.9062885938563,-6.91817113209115,Road_River,18369,3815,1.6,5,31.1,CL_MINOR,604,5,,18.05,0,Inland,Low,1,Culvert
4482,54.9146410349084,-7.04201139099642,Road_River,18374,3834,2.4,5,37.2,CL_MINOR,492,5,,14.7,0,Inland,Low,1,Masonry_Arch
4483,54.9044672591937,-7.02609722131951,Road_River,18374,4039,1.6,5,11.8,CL_MINOR,492,5,,15.99,0,Inland,Low,1,Culvert
4484,54.9052940911089,-7.06447811431156,Road_River,18375,3836,1.6,5,52.3,CL_MINOR,697,5,,15.5,0,Inland,Low,1,Culvert
4485,54.8962039725257,-7.05009922924826,Road_River,18375,4033,1.9,5,16.7,CL_MINOR,697,5,,16.65,0,Inland,Low,1,Masonry_Arch
4486,54.9084230022909,-7.0664064905177,Road_River,18376,3836,2.4,5,5.5,CL_MINOR,697,5,,15.14,0,Inland,Low,1,Masonry_Arch
4487,54.8846959505508,-7.04027709248377,Road_River,18377,3941,1.4,5,14.7,CL_MINOR,530,5,,18.01,0,Inland,Low,1,Culvert
4488,54.8871277650093,-7.02058935512995,Road_River,18378,4034,1.6,5,6.2,CL_MINOR,530,5,,17.94,0,Inland,Low,1,Culvert
4489,54.8984876825809,-6.99416067813676,Road_River,18383,3830,1.4,5,16.4,CL_MINOR,530,5,,17.08,0,Inland,Low,1,Culvert
4490,54.9223681922944,-6.99943963144655,Road_River,18384,3733,4.4,5,62,CL_MINOR,530,5,,14.43,0,Inland,Low,1,Masonry_Arch
4491,54.9051555520436,-7.0060019252432,Road_River,18384,3831,1.6,5,16.2,CL_MINOR,530,5,,16.18,0,Inland,Low,1,Culvert
4492,54.9083476361114,-7.0074681971537,Road_River,18384,3832,2.1,5,4.8,CL_MINOR,530,5,,15.82,0,Inland,Low,1,Masonry_Arch
4493,54.9038224362856,-6.95738316877777,Road_River,18385,4011,18.7,5,16.4,CL_MINOR,716,5,,17.27,0,Inland,High,4,RC_Slab
4494,54.899260613571,-6.95892936198574,Road_River,18387,4011,46,5,22,CL_MINOR,716,5,,17.7,0,Inland,High,8,Bespoke_Viaduct
4495,54.8928775741243,-6.95722922499961,Road_River,18387,4017,1.7,5,18.9,CL_MINOR,716,5,,18.4,0,Inland,Low,1,Culvert
4496,54.8925787692785,-6.95602756822781,Road_River,18387,4017,1,5,11.6,CL_MINOR,716,5,,18.46,0,Inland,Low,1,Culvert
4497,54.8998968622244,-6.97684568071738,Road_River,18388,4025,1.8,5,22.1,CL_MINOR,418,5,,17.24,0,Inland,Low,1,Culvert
4498,55.0010845008925,-7.05543771538223,Road_River,18390,3533,2.3,5,13.8,CL_MINOR,511,5,,5.1,0,Coastal,Low,1,Masonry_Arch
4499,55.0028372006538,-7.06036366907277,Road_River,18390,3537,4.4,5,11.9,CL_MINOR,511,5,,4.84,0,Coastal,Low,1,Masonry_Arch
4500,54.9756063943989,-6.98780504212446,Road_River,18392,723,5,5,27.3,CL_MINOR,492,5,,9.17,0,Inland,Low,1,RC_Slab
4501,54.9718241370027,-6.98920845095803,Road_River,18392,725,6.1,5,43.1,CL_MINOR,492,5,,9.53,0,Inland,Medium,2,Masonry_Arch
4502,54.9233709553122,-6.91111554553423,Road_River,18397,2668,2.6,5,12,CL_MINOR,641,5,,16.6,0,Inland,Low,1,Masonry_Arch
4503,54.9137918675152,-6.93453235037105,Road_River,18398,3818,4.9,5,33.5,CL_MINOR,604,5,,16.84,0,Inland,Low,1,RC_Slab
4504,54.9049825563265,-6.94254106513477,Road_River,18398,3821,2.5,5,22.1,CL_MINOR,604,5,,17.53,0,Inland,Low,1,Masonry_Arch
4505,54.8756021904332,-7.06219268815636,Road_River,18399,3940,3.2,5,11.8,CL_MINOR,790,5,,18.78,0,Inland,Low,1,Masonry_Arch
4506,54.9001696542647,-6.98965401008858,Road_River,18400,3825,27.2,5,52.6,CL_MINOR,530,5,,16.97,0,Inland,High,5,Bespoke_Viaduct
4507,54.9002411241253,-6.98852553658752,Road_River,18400,4026,1.2,5,16.8,CL_MINOR,530,5,,16.99,0,Inland,Low,1,Culvert
4508,54.8663007586228,-7.03946456577844,Road_River,18401,4242,2.1,5,4.59999999999999,CL_MINOR,530,5,,20.03,0,Inland,Low,1,Masonry_Arch
4509,54.9591948477129,-6.9900775064729,Road_River,18402,3620,3.4,5,43.9,CL_MINOR,530,5,,10.78,0,Inland,Low,1,Masonry_Arch
4510,55.0303246879561,-7.00030527310521,Road_River,18409,3371,1.4,5,4.90000000000001,CL_MINOR,586,5,,3.65,0,Coastal,Low,1,Culvert
4511,55.0235990816811,-6.99312764224138,Road_River,18409,3428,2.9,5,34.9,CL_MINOR,586,5,,4.5,0,Coastal,Low,1,Masonry_Arch
4512,55.0285190303775,-7.0336390362802,Road_River,18412,3377,1.1,5,12.4,CL_MINOR,809,5,,2.64,0,Coastal,Low,1,Culvert
4513,55.0320421559449,-7.01913681296721,Road_River,18416,3426,7.7,5,23.3,CL_MINOR,809,5,,2.68,0,Coastal,Low,2,Masonry_Arch
4514,55.0319263599073,-7.028519082251,Road_River,18420,3368,2.7,5,30.5,CL_MINOR,809,5,,2.39,0,Coastal,Low,1,Masonry_Arch
4515,55.0347256400954,-7.02812238658766,Road_River,18421,3376,1.4,5,34.3,CL_MINOR,474,5,,2.13,0,Coastal,Low,1,Culvert
4516,55.0361094002936,-7.0613569121309,Road_River,18422,3384,2,5,0.0999999999999943,CL_MINOR,511,5,,1.23,0,Coastal,Low,1,Masonry_Arch
4517,55.0427287459537,-6.99307521572136,Road_River,18424,3369,3.8,5,50.5,CL_MINOR,623,5,,3.4,0,Coastal,Medium,1,Masonry_Arch
4518,55.0379118276362,-7.02141903271766,Road_River,18425,3426,11.7,5,1.59999999999999,CL_MINOR,474,5,,2.09,0,Coastal,Low,2,RC_Slab
4519,55.0418785100795,-7.0616107825889,Road_River,18426,3380,3.1,5,17.2,CL_MINOR,455,5,,0.6,0,Marine,Low,1,Masonry_Arch
4520,55.0140100790134,-6.90727591614731,Road_River,18430,3409,2.6,5,31.7,CL_MINOR,604,5,,9.64,0,Inland,Low,1,Masonry_Arch
4521,55.0137047628746,-6.90697650984564,Road_River,18430,3409,2.5,5,68.7,CL_MINOR,604,5,,9.67,0,Inland,Low,1,Masonry_Arch
4522,55.0120386172541,-6.90435174736479,Road_River,18430,3409,2.4,5,35.6,CL_MINOR,604,5,,9.92,0,Inland,Low,1,Masonry_Arch
4523,55.0251742092211,-6.91680021726118,Road_River,18431,3410,2.1,5,23.7,CL_MINOR,660,5,,8.38,0,Inland,Low,1,Masonry_Arch
4524,55.0257209342742,-6.93811419784175,Road_River,18432,3362,114.1,5,23.6,CL_MINOR,660,5,,7.28,0,Inland,High,4,Bespoke_Viaduct
4525,55.0230766168398,-6.97771083521298,Road_River,18433,3420,10.7,5,30.2,CL_MINOR,902,5,,5.3,0,Inland,Low,1,Bespoke_Viaduct
4526,55.0222393978656,-6.97169908465299,Road_River,18433,3425,4.2,5,10.9,CL_MINOR,902,5,,5.66,0,Inland,Low,1,Masonry_Arch
4527,55.0405933313819,-6.98278476162698,Road_River,18436,3365,11.8,5,18.7,CL_MINOR,902,5,,4.07,0,Coastal,Low,2,RC_Slab
4528,55.0378282729809,-6.97554068786938,Road_River,18436,3367,1.2,5,3.3,CL_MINOR,902,5,,4.61,0,Coastal,Low,1,Culvert
4529,55.037282463333,-6.97248027275799,Road_River,18436,3367,1.3,5,21.4,CL_MINOR,902,5,,4.79,0,Coastal,Low,1,Culvert
4530,55.0633073251601,-6.92136821740237,Road_River,18440,3325,28.7,5,36,CL_MINOR,1014,5,,6.16,0,Inland,Medium,1,Bespoke_Viaduct
4531,55.0595108461312,-6.9879224802068,Road_River,18442,4409,4.8,5,22.1,CL_MINOR,623,5,,2.43,0,Coastal,Low,1,RC_Slab
4532,55.0271236187419,-6.91544524202166,Road_River,18443,3410,1.8,5,27.3,CL_MINOR,660,5,,8.32,0,Inland,Low,1,Culvert
4533,55.0383885986523,-6.93795144215687,Road_River,18445,3364,1.9,5,39.2,CL_MINOR,1014,5,,6.41,0,Inland,Low,1,Masonry_Arch
4534,55.0446965458141,-6.94196867712976,Road_River,18446,3364,2.2,5,1,CL_MINOR,1014,5,,5.8,0,Inland,Low,1,Masonry_Arch
4535,55.0596609082015,-6.98826772906013,Road_River,18459,4409,8.3,5,54.3,CL_MINOR,623,5,,2.4,0,Coastal,Medium,2,Masonry_Arch
4536,55.0843977097802,-6.94304599638073,Road_River,18460,3281,4,5,11.9,CL_MINOR,474,5,,4.11,0,Coastal,Low,1,Masonry_Arch
4537,55.0670937585464,-6.74974617964689,Road_River,18466,4663,3.9,5,11.1,CL_MINOR,586,5,,10.86,0,Inland,Low,1,Masonry_Arch
4538,55.1053819373322,-6.89514838906657,Road_River,18468,3254,2.8,5,47.8,CL_MINOR,455,5,,6.09,0,Inland,Low,1,Masonry_Arch
4539,55.0777948532729,-6.89473681437225,Road_River,18469,3274,1.5,5,23.6,CL_MINOR,455,5,,7.09,0,Inland,Low,1,Culvert
4540,55.0834081534744,-6.85196747687871,Road_River,18470,3267,5.9,5,39.2,CL_MINOR,437,5,,9.08,0,Inland,Low,1,RC_Slab
4541,55.0732750894373,-6.88244863945611,Road_River,18470,3304,5.7,5,53.6,CL_MINOR,437,5,,8.03,0,Inland,Medium,1,RC_Slab
4542,55.0686687193405,-6.88003431631886,Road_River,18472,3303,1.2,5,38.2,CL_MINOR,492,5,,8.43,0,Inland,Low,1,Culvert
4543,55.0724497151805,-6.8848450376431,Road_River,18472,3305,11.9,5,31.9,CL_MINOR,492,5,,7.94,0,Inland,Medium,1,Bespoke_Viaduct
4544,55.1036810623271,-6.76710025738424,Road_River,18473,4524,2.1,5,24.2,CL_MINOR,474,5,,6.73,0,Inland,Low,1,Masonry_Arch
4545,55.0970388292663,-6.76303652778274,Road_River,18473,4532,8.2,5,21.8,CL_MINOR,474,5,,7.48,0,Inland,Low,2,Masonry_Arch
4546,55.0917423128785,-6.75896325437657,Road_River,18473,4588,3.6,5,8.7,CL_MINOR,474,5,,8.08,0,Inland,Low,1,Masonry_Arch
4547,55.052590491562,-6.88219598667127,Road_River,18475,3321,4.3,5,55.3,CL_MINOR,492,5,,8.91,0,Inland,Low,1,Masonry_Arch
4548,55.0421329628791,-6.85072324213716,Road_River,18477,3320,9.1,5,28.2,CL_MINOR,474,5,,11.21,0,Inland,Low,2,RC_Slab
4549,55.0333700151847,-6.88398866863301,Road_River,18479,3348,1.9,5,27.7,CL_MINOR,474,5,,9.65,0,Inland,Low,1,Masonry_Arch
4550,55.024841581565,-6.85793910228973,Road_River,18480,3337,2.5,5,11.3,CL_MINOR,492,5,,11.58,0,Inland,Low,1,Masonry_Arch
4551,55.0299581608382,-6.85303246890097,Road_River,18480,3338,2.1,5,4.5,CL_MINOR,492,5,,11.6,0,Inland,Low,1,Masonry_Arch
4552,55.0276276438409,-6.85352854447994,Road_River,18480,3339,2.5,5,24,CL_MINOR,492,5,,11.69,0,Inland,Low,1,Masonry_Arch
4553,55.0214242424369,-6.86263234034204,Road_River,18480,3392,1.5,5,21,CL_MINOR,492,5,,11.5,0,Inland,Low,1,Culvert
4554,55.0386066894374,-6.8513550030693,Road_River,18480,4404,1.9,5,21,CL_MINOR,492,5,,11.31,0,Inland,Low,1,Masonry_Arch
4555,55.0293412914474,-6.89560409897638,Road_River,18481,3347,2.4,5,4.59999999999999,CL_MINOR,604,5,,9.23,0,Inland,Low,1,Masonry_Arch
4556,55.0282831511922,-6.8991421102423,Road_River,18481,3350,3.3,5,2.8,CL_MINOR,604,5,,9.11,0,Inland,Low,1,Masonry_Arch
4557,55.0287514984784,-6.89687339364993,Road_River,18481,3355,20.6,5,25.1,CL_MINOR,604,5,,9.2,0,Inland,Medium,1,Bespoke_Viaduct
4558,55.0267760081313,-6.88950570457218,Road_River,18482,3349,6.7,5,5.2,CL_MINOR,604,5,,9.72,0,Inland,Low,2,Masonry_Arch
4559,55.0264839065367,-6.88925138990261,Road_River,18482,3351,1.6,5,1.40000000000001,CL_MINOR,604,5,,9.75,0,Inland,Low,1,Culvert
4560,55.0589588616102,-6.78100351740603,Road_River,18483,4669,2.4,5,13.7,CL_MINOR,399,5,,11.72,0,Inland,Low,1,Masonry_Arch
4561,55.059558581087,-6.77018355493699,Road_River,18483,4722,1.6,5,14.8,CL_MINOR,399,5,,11.63,0,Inland,Low,1,Culvert
4562,55.0597333958554,-6.76348880966653,Road_River,18483,4723,1.7,5,6.2,CL_MINOR,399,5,,11.61,0,Inland,Low,1,Culvert
4563,55.057867932622,-6.78581935653413,Road_River,18483,4731,1.6,5,13.3,CL_MINOR,399,5,,11.87,0,Inland,Low,1,Culvert
4564,55.0543629213694,-6.79682075401096,Road_River,18483,4732,2.3,5,19.5,CL_MINOR,399,5,,12.34,0,Inland,Low,1,Masonry_Arch
4565,55.0817454389032,-6.75526405776676,Road_River,18484,4589,1.9,5,8,CL_MINOR,474,5,,9.21,0,Inland,Low,1,Masonry_Arch
4566,55.1122305523442,-6.79961425357148,Road_River,18490,4529,2.6,5,37.6,CL_MINOR,567,5,,6.12,0,Inland,Low,1,Masonry_Arch
4567,55.0856465213272,-6.90748472849211,Road_River,18491,3275,2.3,5,39.9,CL_MINOR,474,5,,5.96,0,Inland,Low,1,Masonry_Arch
4568,55.0855171664434,-6.91982553373737,Road_River,18491,3277,1.7,5,13.3,CL_MINOR,474,5,,5.26,0,Inland,Low,1,Culvert
4569,55.0854424928957,-6.92843385083473,Road_River,18491,3278,2.3,5,40.3,CL_MINOR,474,5,,4.8,0,Inland,Low,1,Masonry_Arch
4570,55.1289893012458,-6.78933048197527,Road_River,18494,4529,1,5,10.9,CL_MINOR,567,5,,4.15,0,Coastal,Low,1,Culvert
4571,55.1249112076279,-6.80752260306173,Road_River,18495,4478,7.3,5,4.3,CL_MINOR,548,5,,4.69,0,Coastal,Low,2,Masonry_Arch
4572,55.1246807347161,-6.81568272523164,Road_River,18498,4492,3,5,28.4,CL_MINOR,548,5,,4.65,0,Coastal,Low,1,Masonry_Arch
4573,55.1019006523653,-6.83229202429289,Road_River,18499,3246,2.3,5,6.7,CL_MINOR,548,5,,7.11,0,Inland,Low,1,Masonry_Arch
4574,55.105119730222,-6.83110146473938,Road_River,18499,3246,2.5,5,28.6,CL_MINOR,548,5,,6.77,0,Inland,Low,1,Masonry_Arch
4575,55.1221901165598,-6.82647276237338,Road_River,18499,4480,4.3,5,28.3,CL_MINOR,548,5,,4.91,0,Inland,Low,1,Masonry_Arch
4576,55.1171665790708,-6.82981611136344,Road_River,18499,4483,2.5,5,27.2,CL_MINOR,548,5,,5.46,0,Inland,Low,1,Masonry_Arch
4577,55.1163092841765,-6.82979855975693,Road_River,18499,4483,2.4,5,6.40000000000001,CL_MINOR,548,5,,5.55,0,Inland,Low,1,Masonry_Arch
4578,55.1338339858813,-6.76789176577472,Road_River,18500,4476,2.3,5,4.09999999999999,CL_MINOR,660,5,,3.39,0,Coastal,Low,1,Masonry_Arch
4579,55.1300870613864,-6.766393432989,Road_River,18500,4476,2.7,5,6.7,CL_MINOR,660,5,,3.8,0,Coastal,Low,1,Masonry_Arch
4580,55.1326430103504,-6.78361650309339,Road_River,18502,4523,1.2,5,22.6,CL_MINOR,567,5,,3.65,0,Coastal,Low,1,Culvert
4581,55.125753506246,-6.82346748622906,Road_River,18505,4492,1.6,5,1,CL_MINOR,548,5,,4.53,0,Coastal,Low,1,Culvert
4582,55.1387526104118,-6.77738102916299,Road_River,18506,4476,1.9,5,16.7,CL_MINOR,567,5,,2.9,0,Coastal,Low,1,Masonry_Arch
4583,55.1346416657461,-6.78204811728337,Road_River,18506,4523,1.9,5,44.7,CL_MINOR,567,5,,3.41,0,Coastal,Low,1,Masonry_Arch
4584,55.1424850359413,-6.80830884978292,Road_River,18510,3198,1,5,21.3,CL_MINOR,548,5,,2.77,0,Coastal,Low,1,Culvert
4585,55.1407074152282,-6.82259563486856,Road_River,18513,3199,4.7,5,18.7,CL_MINOR,548,5,,2.86,0,Coastal,Low,1,RC_Slab
4586,55.1413172093869,-6.81968270616105,Road_River,18513,3201,2.2,5,8.5,CL_MINOR,548,5,,2.79,0,Coastal,Low,1,Masonry_Arch
4587,55.1392809046033,-6.828931970349,Road_River,18513,3212,2.4,5,36.9,CL_MINOR,548,5,,3.01,0,Coastal,Low,1,Masonry_Arch
4588,55.1447072972287,-6.77178328951352,Road_River,18514,4452,5.3,5,14.1,CL_MINOR,567,5,,2.19,0,Coastal,Low,1,RC_Slab
4589,55.14243873899,-6.79100342435194,Road_River,18518,4453,2.2,5,10.3,CL_MINOR,567,5,,2.77,0,Coastal,Low,1,Masonry_Arch
4590,55.1389096647847,-6.78796405778452,Road_River,18518,4454,7.1,5,5.09999999999999,CL_MINOR,567,5,,3.09,0,Coastal,Low,2,Masonry_Arch
4591,55.1506246244347,-6.80774601391161,Road_River,18519,3168,2,5,29.4,CL_MINOR,828,5,,1.9,0,Coastal,Low,1,Masonry_Arch
4592,55.1513594642592,-6.80972623016339,Road_River,18519,3174,7.6,5,15.7,CL_MINOR,828,5,,1.79,0,Coastal,Low,1,RC_Slab
4593,55.1515337723189,-6.81255620458551,Road_River,18520,3174,5.2,5,10.5,CL_MINOR,697,5,,1.73,0,Coastal,Low,1,RC_Slab
4594,55.1476891879267,-6.8285294369076,Road_River,18521,3197,5.8,5,47.9,CL_MINOR,697,5,,2.08,0,Coastal,Medium,1,RC_Slab
4595,55.1431704302649,-6.82264709394001,Road_River,18521,3199,5.5,5,38.8,CL_MINOR,697,5,,2.59,0,Coastal,Low,1,RC_Slab
4596,55.1434531709485,-6.82380762415863,Road_River,18521,3200,4.2,5,15.2,CL_MINOR,697,5,,2.57,0,Coastal,Low,1,Masonry_Arch
4597,55.1444164316022,-6.81858604394385,Road_River,18521,3201,2.1,5,6.40000000000001,CL_MINOR,697,5,,2.45,0,Coastal,Low,1,Masonry_Arch
4598,55.1510049910519,-6.82662995788179,Road_River,18521,3209,2.2,5,15,CL_MINOR,697,5,,1.73,0,Coastal,Low,1,Masonry_Arch
4599,55.148907000309,-6.76723382531774,Road_River,18522,4427,7.5,5,36.4,CL_MINOR,474,5,,1.71,0,Coastal,Low,2,Masonry_Arch
4600,55.1549355466623,-6.75856310404504,Road_River,18523,4428,2.4,5,2.8,CL_MINOR,474,5,,1.22,0,Coastal,Low,1,Masonry_Arch
4601,55.1551855320321,-6.75104633781969,Road_River,18523,9887,1.5,5,16.3,CL_MINOR,474,5,,1.46,0,Coastal,Low,1,Culvert
4602,55.1554028537718,-6.76395292407075,Road_River,18524,4427,4.9,5,30.5,CL_MINOR,474,5,,1.03,0,Coastal,Low,1,RC_Slab
4603,55.1537845056972,-6.78988897176898,Road_River,18526,9873,1.1,5,19.3,CL_MINOR,828,5,,1.51,0,Coastal,Low,1,Culvert
4604,55.1534392890669,-6.80762973317247,Road_River,18527,3170,10.4,5,0.200000000000003,CL_MINOR,697,5,,1.6,0,Coastal,Low,1,Bespoke_Viaduct
4605,55.1535814080582,-6.81934568050365,Road_River,18531,3171,2.8,5,37.9,CL_MINOR,697,5,,1.43,0,Coastal,Low,1,Masonry_Arch
4606,55.1558087672877,-6.8276801829396,Road_River,18532,3172,2.3,5,0.700000000000003,CL_MINOR,697,5,,1.19,0,Coastal,Low,1,Masonry_Arch
4607,55.1557879233714,-6.82201641262273,Road_River,18534,3172,2.3,5,28.6,CL_MINOR,697,5,,1.19,0,Marine,Low,1,Masonry_Arch
4608,55.1575253006664,-6.81967049947329,Road_River,18534,3173,4,5,1.59999999999999,CL_MINOR,697,5,,1,0,Marine,Low,1,Masonry_Arch
4609,55.1611356160222,-6.81418892080587,Road_River,18539,3176,4.3,5,1.40000000000001,CL_MINOR,697,5,,0.67,0,Marine,Low,1,Masonry_Arch
4610,55.1658404724269,-6.7870169296614,Road_River,18540,4376,1.8,5,23.3,CL_MINOR,828,5,,0.17,0,Marine,Low,1,Culvert
4611,55.1657165003104,-6.78709039923665,Road_River,18541,4376,1.4,5,5.2,CL_MINOR,828,5,,0.18,0,Marine,Low,1,Culvert
4612,55.1262740864451,-6.89617970830665,Road_River,18543,3235,3.5,5,59.8,CL_MINOR,492,5,,4.69,0,Coastal,Low,1,Masonry_Arch
4613,55.1279141730613,-6.89830654483441,Road_River,18543,3236,5.8,5,44,CL_MINOR,492,5,,4.55,0,Coastal,Medium,1,RC_Slab
4614,55.1287435798998,-6.89999957085787,Road_River,18543,3241,1.4,5,1.2,CL_MINOR,492,5,,4.5,0,Coastal,Low,1,Culvert
4615,55.1203279312002,-6.88913532980715,Road_River,18544,3234,2.8,5,45.5,CL_MINOR,492,5,,5.23,0,Coastal,Low,1,Masonry_Arch
4616,55.1319340061953,-6.92639674236668,Road_River,18547,3242,1,5,6.5,CL_MINOR,511,5,,3.15,0,Coastal,Low,1,Culvert
4617,55.1249169476081,-6.94350212585442,Road_River,18548,3243,1.5,5,39.5,CL_MINOR,511,5,,2.37,0,Coastal,Low,1,Culvert
4618,55.1246222118662,-6.94406112185683,Road_River,18548,4385,3,5,36.3,CL_MINOR,511,5,,2.35,0,Coastal,Low,1,Masonry_Arch
4619,55.1221567458825,-6.94756129753258,Road_River,18549,4387,1.3,5,4.59999999999999,CL_MINOR,492,5,,2.25,0,Coastal,Low,1,Culvert
4620,55.133225460407,-6.92614755988648,Road_River,18551,3242,2.7,5,27.9,CL_MINOR,511,5,,3.11,0,Coastal,Low,1,Masonry_Arch
4621,55.1355189393105,-6.92953472029097,Road_River,18552,3227,4,5,51.2,CL_MINOR,511,5,,2.82,0,Coastal,Medium,1,Masonry_Arch
4622,55.1362739138185,-6.93314095523752,Road_River,18552,4383,2.2,5,16,CL_MINOR,511,5,,2.57,0,Coastal,Low,1,Masonry_Arch
4623,55.143573701378,-6.85489373928443,Road_River,18553,3210,1,5,2.3,CL_MINOR,437,5,,2.41,0,Coastal,Low,1,Culvert
4624,55.1567548589475,-6.85272417738093,Road_River,18554,3181,10.4,5,17.9,CL_MINOR,437,5,,0.94,0,Coastal,Low,1,Bespoke_Viaduct
4625,55.1515522079218,-6.86405207355616,Road_River,18554,3182,1.8,5,1.2,CL_MINOR,437,5,,1.7,0,Coastal,Low,1,Culvert
4626,55.1544362322564,-6.85875907978414,Road_River,18554,3183,2.6,5,5.8,CL_MINOR,437,5,,1.27,0,Coastal,Low,1,Masonry_Arch
4627,55.1498329682246,-6.8733478026401,Road_River,18554,3222,1.5,5,14.4,CL_MINOR,437,5,,1.89,0,Coastal,Low,1,Culvert
4628,55.142129531379,-6.8823702213638,Road_River,18554,3223,1.7,5,21.6,CL_MINOR,437,5,,2.77,0,Coastal,Low,1,Culvert
4629,55.1358505252829,-6.88371061815582,Road_River,18554,3226,1.9,5,15.3,CL_MINOR,437,5,,3.47,0,Coastal,Low,1,Masonry_Arch
4630,54.095852973478,-6.58057745248935,Road_River,18557,13409,4.5,5,9.3,CL_MINOR,735,5,,20.23,0,Inland,Low,1,Masonry_Arch
4631,54.0847297969758,-6.48901491894569,Road_River,18561,12629,3.2,5,28.3,CL_MINOR,846,5,,14.45,0,Inland,Low,1,Masonry_Arch
4632,54.0851675940116,-6.51750125024236,Road_River,18565,13150,1.9,5,55.8,CL_MINOR,753,5,,16.27,0,Inland,Low,1,Masonry_Arch
4633,54.1104058639208,-6.48160507614779,Road_River,18567,13334,2.2,5,10.1,CL_MINOR,828,5,,13.86,0,Inland,Low,1,Masonry_Arch
4634,54.1082861441828,-6.47760402755093,Road_River,18568,13401,9.7,5,34,CL_MINOR,604,5,,13.59,0,Inland,Low,2,RC_Slab
4635,54.0741699540045,-6.54787605736212,Road_River,18573,12634,1.7,5,30.6,CL_MINOR,753,5,,18.39,0,Inland,Low,1,Culvert
4636,54.0805667699348,-6.50997290708438,Road_River,18575,13150,2.8,5,37.6,CL_MINOR,846,5,,15.86,0,Inland,Low,1,Masonry_Arch
4637,54.0853386941659,-6.49539265437373,Road_River,18577,13405,16.3,5,49.1,CL_MINOR,846,5,,14.85,0,Inland,Medium,3,RC_Slab
4638,54.0835353798619,-6.62841012010335,Road_River,18582,13165,1.4,5,6.3,CL_MINOR,753,5,,23.4,0,Inland,Low,1,Culvert
4639,54.2214008048611,-6.47935237503671,Road_River,18588,9549,2.1,5,26.2,CL_MINOR,1014,5,,18.98,0,Inland,Low,1,Masonry_Arch
4640,54.265175458505,-6.66632032046773,Road_River,18593,9352,7.8,5,17,CL_MINOR,958,5,,31.42,0,Inland,Low,1,RC_Slab
4641,54.2574921831193,-6.7730184311316,Road_River,18597,9379,7.4,5,45,CL_MINOR,1014,5,,36.86,0,Inland,Medium,2,Masonry_Arch
4642,54.2286043514813,-6.77340295320094,Road_River,18602,9581,2.7,5,42.2,CL_MINOR,1014,5,,35.5,0,Inland,Low,1,Masonry_Arch
4643,54.1218494652137,-6.4973808522116,Road_River,18604,13333,4.6,5,19.4,CL_MINOR,828,5,,15,0,Inland,Low,1,RC_Slab
4644,54.2307001876104,-6.65610153544508,Road_River,18606,9560,1.9,5,53.9,CL_MINOR,790,5,,28.81,0,Inland,Low,1,Masonry_Arch
4645,54.2003724275331,-6.70297574372272,Road_River,18609,12754,2.8,5,26.8,CL_MINOR,511,5,,30.11,0,Inland,Low,1,Masonry_Arch
4646,54.25058745772,-6.5578045433913,Road_River,18615,9324,9.4,5,26.3,CL_MINOR,1014,5,,24.9,0,Inland,Low,2,RC_Slab
4647,54.2534984180209,-6.56888876706865,Road_River,18615,9325,2.3,5,43.6,CL_MINOR,1014,5,,25.65,0,Inland,Low,1,Masonry_Arch
4648,54.2328580524484,-6.53597455580457,Road_River,18620,9555,2,5,15.8,CL_MINOR,902,5,,22.55,0,Inland,Low,1,Masonry_Arch
4649,54.2329134624276,-6.51834096293137,Road_River,18622,9555,3.3,5,47.1,CL_MINOR,1014,5,,21.7,0,Inland,Medium,1,Masonry_Arch
4650,54.2192490245247,-6.515776593889,Road_River,18628,9556,2,5,32.3,CL_MINOR,902,5,,20.59,0,Inland,Low,1,Masonry_Arch
4651,54.2712335513882,-6.72462784131663,Road_River,18633,9196,3.1,5,7.3,CL_MINOR,1014,5,,34.92,0,Inland,Low,1,Masonry_Arch
4652,54.2900870216354,-6.77770407089581,Road_River,18635,9216,15.5,5,7.59999999999999,CL_MINOR,902,5,,38.93,0,Inland,High,3,RC_Slab
4653,54.2936556695147,-6.72011369991346,Road_River,18641,9060,3,5,39.5,CL_MINOR,977,5,,36.07,0,Inland,Low,1,Masonry_Arch
4654,54.2754270854104,-6.47162332320403,Road_River,18643,9128,3.4,5,43,CL_MINOR,1014,5,,23.25,0,Inland,Low,1,Masonry_Arch
4655,54.2782273595868,-6.48108776814822,Road_River,18644,9132,36.2,5,52.2,CL_MINOR,1014,5,,23.86,0,Inland,High,2,Bespoke_Viaduct
4656,54.2791928207272,-6.48495014293094,Road_River,18645,9130,1.6,5,2,CL_MINOR,1014,5,,24.09,0,Inland,Low,1,Culvert
4657,54.2675415227147,-6.5241106280192,Road_River,18651,9145,2.2,5,26.2,CL_MINOR,1014,5,,24.67,0,Inland,Low,1,Masonry_Arch
4658,54.2676433259338,-6.54380165496619,Road_River,18654,9147,2.1,5,4,CL_MINOR,1014,5,,25.55,0,Inland,Low,1,Masonry_Arch
4659,54.2685738529131,-6.54974119056748,Road_River,18654,9148,3.6,5,58.1,CL_MINOR,1014,5,,25.89,0,Inland,Medium,1,Masonry_Arch
4660,54.2595202747612,-6.55715208803432,Road_River,18656,9327,3.2,5,21.2,CL_MINOR,1014,5,,25.53,0,Inland,Low,1,Masonry_Arch
4661,54.2699879994938,-6.55816393471495,Road_River,18658,9152,1.6,5,27.6,CL_MINOR,1014,5,,26.38,0,Inland,Low,1,Culvert
4662,54.2574218220579,-6.57468746603742,Road_River,18661,9326,2.2,5,25.6,CL_MINOR,1014,5,,26.22,0,Inland,Low,1,Masonry_Arch
4663,54.2593852384234,-6.58895466490698,Road_River,18662,9336,2.7,5,15.3,CL_MINOR,1014,5,,27.06,0,Inland,Low,1,Masonry_Arch
4664,54.2799796632393,-6.56571306714538,Road_River,18664,9153,1.8,5,18.3,CL_MINOR,1014,5,,27.51,0,Inland,Low,1,Culvert
4665,54.2810024239758,-6.56636457835081,Road_River,18664,9156,1.6,5,9.7,CL_MINOR,1014,5,,27.62,0,Inland,Low,1,Culvert
4666,54.255081038515,-6.56591594335382,Road_River,18665,9326,3,5,31.8,CL_MINOR,1014,5,,25.62,0,Inland,Low,1,Masonry_Arch
4667,54.2879055697564,-6.57135943918379,Road_River,18669,9021,4.5,5,54.8,CL_MINOR,1014,5,,28.4,0,Inland,Low,1,Masonry_Arch
4668,54.2956764253355,-6.58897172709317,Road_River,18672,9029,1.7,5,25.4,CL_MINOR,977,5,,29.81,0,Inland,Low,1,Culvert
4669,54.2841565132452,-6.62111488601082,Road_River,18673,9170,6.1,5,5.3,CL_MINOR,977,5,,30.43,0,Inland,Low,2,Masonry_Arch
4670,54.2844611512837,-6.62770043106557,Road_River,18674,9031,2.3,5,7.09999999999999,CL_MINOR,828,5,,30.77,0,Inland,Low,1,Masonry_Arch
4671,54.2858001512476,-6.60845688499746,Road_River,18676,9027,3.1,5,14.3,CL_MINOR,977,5,,29.94,0,Inland,Low,1,Masonry_Arch
4672,54.2848410479986,-6.60757021668844,Road_River,18676,9163,2.3,5,32.9,CL_MINOR,977,5,,29.83,0,Inland,Low,1,Masonry_Arch
4673,54.2829938808961,-6.60041848307648,Road_River,18677,9163,2.9,5,42.7,CL_MINOR,977,5,,29.35,0,Inland,Low,1,Masonry_Arch
4674,54.2796924636899,-6.6190778922696,Road_River,18681,9173,1.8,5,52.5,CL_MINOR,1014,5,,30,0,Inland,Low,1,Culvert
4675,54.2772432223626,-6.61599621500136,Road_River,18681,9174,4,5,51.4,CL_MINOR,1014,5,,29.67,0,Inland,Low,1,Masonry_Arch
4676,54.2709946027177,-6.60332559031587,Road_River,18683,9162,4.4,5,5.90000000000001,CL_MINOR,1014,5,,28.6,0,Inland,Low,1,Masonry_Arch
4677,54.2707273984672,-6.60290001527987,Road_River,18683,9334,2.2,5,34.7,CL_MINOR,1014,5,,28.56,0,Inland,Low,1,Masonry_Arch
4678,54.2628084796491,-6.58569009599369,Road_River,18684,9336,2.5,5,13.3,CL_MINOR,1014,5,,27.15,0,Inland,Low,1,Masonry_Arch
4679,54.2658575773371,-6.59183520450136,Road_River,18684,9337,2.9,5,29.3,CL_MINOR,1014,5,,27.67,0,Inland,Low,1,Masonry_Arch
4680,54.2601487908826,-6.59582567165618,Road_River,18686,9334,1.6,5,17.4,CL_MINOR,1014,5,,27.46,0,Inland,Low,1,Culvert
4681,54.2808614151218,-6.6716078043761,Road_River,18690,9189,3.1,5,12.6,CL_MINOR,958,5,,32.72,0,Inland,Low,1,Masonry_Arch
4682,54.2771628523823,-6.70202078208153,Road_River,18696,9190,2.6,5,37.3,CL_MINOR,1014,5,,34.06,0,Inland,Low,1,Masonry_Arch
4683,54.2766030685391,-6.70089706820687,Road_River,18696,9191,1.8,5,28.9,CL_MINOR,1014,5,,33.97,0,Inland,Low,1,Culvert
4684,54.2717662562486,-6.6939121487613,Road_River,18696,9364,2.1,5,2.09999999999999,CL_MINOR,1014,5,,33.3,0,Inland,Low,1,Masonry_Arch
4685,54.2850260798832,-6.71293169907796,Road_River,18699,9195,2.3,5,0.599999999999994,CL_MINOR,977,5,,35.14,0,Inland,Low,1,Masonry_Arch
4686,54.2612834940984,-6.72856611660704,Road_River,18704,9367,4,5,36.9,CL_MINOR,1014,5,,34.56,0,Inland,Low,1,Masonry_Arch
4687,54.2232143455532,-6.7148746076403,Road_River,18707,9572,5.3,5,50.4,CL_MINOR,790,5,,31.81,0,Inland,Medium,1,RC_Slab
4688,54.1334609788376,-6.63414788457995,Road_River,18708,13314,2,5,44.6,CL_MINOR,586,5,,23.91,0,Inland,Low,1,Masonry_Arch
4689,54.2513120796894,-6.68941254584603,Road_River,18711,9474,4.1,5,9.59999999999999,CL_MINOR,958,5,,31.82,0,Inland,Low,1,Masonry_Arch
4690,54.2510838493594,-6.68926039852874,Road_River,18711,9476,4.6,5,52.5,CL_MINOR,958,5,,31.8,0,Inland,Medium,1,RC_Slab
4691,54.2482074954479,-6.70284252411911,Road_River,18713,9474,4.6,5,42.6,CL_MINOR,958,5,,32.39,0,Inland,Medium,1,RC_Slab
4692,54.2469550436551,-6.69245259661047,Road_River,18713,9477,4.6,5,30.1,CL_MINOR,958,5,,31.75,0,Inland,Low,1,RC_Slab
4693,54.2469130937681,-6.69279480569022,Road_River,18713,9478,2.5,5,55.9,CL_MINOR,958,5,,31.76,0,Inland,Low,1,Masonry_Arch
4694,54.2528239467447,-6.65506069282498,Road_River,18720,9353,2.7,5,5.8,CL_MINOR,1014,5,,30.04,0,Inland,Low,1,Masonry_Arch
4695,54.2564533384233,-6.63186166368589,Road_River,18721,9344,3.9,5,34.8,CL_MINOR,1014,5,,29.04,0,Inland,Low,1,Masonry_Arch
4696,54.2563728607631,-6.63762170763106,Road_River,18722,9342,1.8,5,14,CL_MINOR,1014,5,,29.34,0,Inland,Low,1,Culvert
4697,54.2558034009172,-6.62611313732271,Road_River,18723,9345,1.2,5,27.5,CL_MINOR,1014,5,,28.7,0,Inland,Low,1,Culvert
4698,54.2504580175793,-6.6682920160999,Road_River,18726,9351,3.8,5,12,CL_MINOR,958,5,,30.62,0,Inland,Low,1,Masonry_Arch
4699,54.2500914344427,-6.62609997041241,Road_River,18729,9468,1.9,5,34.8,CL_MINOR,1014,5,,28.33,0,Inland,Low,1,Masonry_Arch
4700,54.2346601842213,-6.68309358004493,Road_River,18735,9568,3.1,5,57.6,CL_MINOR,958,5,,30.55,0,Inland,Low,1,Masonry_Arch
4701,54.214549060728,-6.67903258075096,Road_River,18738,9563,1.1,5,31.4,CL_MINOR,958,5,,29.31,0,Inland,Low,1,Culvert
4702,54.2138471515522,-6.67901268993661,Road_River,18739,9562,6.1,5,43.5,CL_MINOR,958,5,,29.27,0,Inland,Medium,2,Masonry_Arch
4703,54.2085987608893,-6.6296896115119,Road_River,18743,12752,1.8,5,1.7,CL_MINOR,790,5,,26.16,0,Inland,Low,1,Culvert
4704,54.2207820266459,-6.6317340468686,Road_River,18750,9560,2.7,5,21.4,CL_MINOR,790,5,,26.91,0,Inland,Low,1,Masonry_Arch
4705,54.2189303322984,-6.5090798140754,Road_River,18751,9553,5.9,5,63.5,CL_MINOR,1014,5,,20.23,0,Inland,Medium,1,RC_Slab
4706,54.1947291659304,-6.62782067019244,Road_River,18756,12833,2.5,5,9.7,CL_MINOR,753,5,,25.39,0,Inland,Low,1,Masonry_Arch
4707,54.1872646894887,-6.58313582402948,Road_River,18758,12824,6,5,2.40000000000001,CL_MINOR,1014,5,,22.43,0,Inland,Low,1,RC_Slab
4708,54.183071086624,-6.64399140187388,Road_River,18760,12834,5.5,5,40.3,CL_MINOR,753,5,,25.88,0,Inland,Medium,1,RC_Slab
4709,54.1764065590365,-6.6239880982282,Road_River,18764,12918,2.9,5,29.6,CL_MINOR,753,5,,24.42,0,Inland,Low,1,Masonry_Arch
4710,54.1688132916688,-6.63405149526805,Road_River,18766,12917,1.6,5,3.8,CL_MINOR,641,5,,24.77,0,Inland,Low,1,Culvert
4711,54.1709703263848,-6.63548874630608,Road_River,18766,12920,3.9,5,29.8,CL_MINOR,641,5,,24.93,0,Inland,Low,1,Masonry_Arch
4712,54.1434609852269,-6.60976869297309,Road_River,18767,12592,10.1,5,32.3,CL_MINOR,735,5,,22.55,0,Inland,Low,2,RC_Slab
4713,54.1946173685669,-6.59896336060423,Road_River,18780,12829,3.9,5,49.3,CL_MINOR,753,5,,23.7,0,Inland,Low,1,Masonry_Arch
4714,54.1820994320309,-6.56571934436676,Road_River,18782,12826,1.8,5,43.9,CL_MINOR,1014,5,,21.17,0,Inland,Low,1,Culvert
4715,54.2754839066733,-6.66637225586809,Road_River,18790,9178,1.5,5,10.7,CL_MINOR,958,5,,32.09,0,Inland,Low,1,Culvert
4716,54.2034460808793,-6.55506684922333,Road_River,18792,12746,2.8,5,29.1,CL_MINOR,1014,5,,21.66,0,Inland,Low,1,Masonry_Arch
4717,54.2857623173224,-6.68020402583483,Road_River,18795,9188,2.2,5,1.8,CL_MINOR,902,5,,33.49,0,Inland,Low,1,Masonry_Arch
4718,54.2695981127597,-6.66632895526392,Road_River,18796,9349,24.3,5,56.5,CL_MINOR,958,5,,31.7,0,Inland,Medium,1,Bespoke_Viaduct
4719,54.2671945169808,-6.66679076149727,Road_River,18796,9349,62.1,5,70.7,CL_MINOR,958,5,,31.57,0,Inland,High,11,Bespoke_Viaduct
4720,54.265497818922,-6.66644359077219,Road_River,18796,9349,56,5,75,CL_MINOR,958,5,,31.44,0,Inland,High,10,Bespoke_Viaduct
4721,54.275923985949,-6.66651949027822,Road_River,18797,9177,29,5,34.8,CL_MINOR,958,5,,32.12,0,Inland,Medium,1,Bespoke_Viaduct
4722,54.3162344869203,-6.61763849844527,Road_River,18800,8934,3.9,5,50.4,CL_MINOR,977,5,,32.73,0,Inland,Low,1,Masonry_Arch
4723,54.3079292987816,-6.6738890388821,Road_River,18801,8942,2.6,5,7,CL_MINOR,902,5,,34.72,0,Inland,Low,1,Masonry_Arch
4724,54.3480554335789,-6.66864686130153,Road_River,18806,8698,31.3,5,5.3,CL_MINOR,1014,5,,37.56,0,Inland,High,6,Bespoke_Viaduct
4725,54.3753619338421,-6.50416269616778,Road_River,18807,8304,2.4,5,16.7,CL_MINOR,735,5,,33.89,0,Inland,Low,1,Masonry_Arch
4726,54.3061850986507,-6.66535175876282,Road_River,18826,8943,6,5,28.4,CL_MINOR,902,5,,34.18,0,Inland,Low,1,RC_Slab
4727,54.3002509207299,-6.68923302955238,Road_River,18828,9056,20.9,5,14.5,CL_MINOR,902,5,,34.94,0,Inland,Medium,1,Bespoke_Viaduct
4728,54.3001390871502,-6.68930303783147,Road_River,18828,9195,2.4,5,26.1,CL_MINOR,902,5,,34.93,0,Inland,Low,1,Masonry_Arch
4729,54.3088022200439,-6.63391258638404,Road_River,18829,8938,7.5,5,51.2,CL_MINOR,828,5,,32.89,0,Inland,Medium,2,Masonry_Arch
4730,54.3142225467525,-6.76743823333747,Road_River,18832,8960,2.6,5,43.4,CL_MINOR,902,5,,39.88,0,Inland,Low,1,Masonry_Arch
4731,54.3692681380473,-6.52846713634331,Road_River,18835,8306,3,5,33.3,CL_MINOR,884,5,,34.03,0,Inland,Low,1,Masonry_Arch
4732,54.3401967129708,-6.73305371480383,Road_River,18838,8821,6.4,5,16.5,CL_MINOR,995,5,,39.95,0,Inland,Low,2,Masonry_Arch
4733,54.3331962381138,-6.74362671004534,Road_River,18839,8825,1.5,5,29.3,CL_MINOR,995,5,,39.97,0,Inland,Low,1,Culvert
4734,54.3228741411333,-6.6124372267908,Road_River,18846,8935,4,5,3.40000000000001,CL_MINOR,1014,5,,33.04,0,Inland,Low,1,Masonry_Arch
4735,54.3345276521653,-6.62166914888713,Road_River,18851,8808,3.5,5,31.7,CL_MINOR,1014,5,,34.4,0,Inland,Low,1,Masonry_Arch
4736,54.3479170384299,-6.67806033852749,Road_River,18857,8704,2.8,5,65.3,CL_MINOR,1014,5,,37.97,0,Inland,Low,1,Masonry_Arch
4737,54.362398056159,-6.66244790063707,Road_River,18860,8325,26,5,10.9,CL_MINOR,753,5,,38.46,0,Inland,High,5,Bespoke_Viaduct
4738,54.4291141248299,-6.50677109944458,Road_River,18862,7457,2.1,5,13.8,CL_MINOR,697,5,,39.37,0,Inland,Low,1,Masonry_Arch
4739,54.3975978828672,-6.49553548647977,Road_River,18865,7977,8.9,5,17.3,CL_MINOR,753,5,,35.87,0,Inland,Low,2,Masonry_Arch
4740,54.3778539872049,-6.49601979153467,Road_River,18872,8305,6.3,5,1.7,CL_MINOR,735,5,,33.9,0,Inland,Low,1,RC_Slab
4741,54.3773330714031,-6.47141110058468,Road_River,18875,8673,2.1,5,11.7,CL_MINOR,1014,5,,33.19,0,Inland,Low,1,Masonry_Arch
4742,54.3712314335103,-6.62495009082635,Road_River,18879,8323,4,5,25.6,CL_MINOR,977,5,,37.67,0,Inland,Low,1,Masonry_Arch
4743,54.3810760679854,-6.60550517984267,Road_River,18880,8319,2.3,5,2.40000000000001,CL_MINOR,790,5,,37.81,0,Inland,Low,1,Masonry_Arch
4744,54.3748990149466,-6.70040175343904,Road_River,18883,8329,1.7,5,16.3,CL_MINOR,939,5,,41.13,0,Inland,Low,1,Culvert
4745,54.391227304854,-6.68592490426849,Road_River,18892,7995,2.8,5,21.5,CL_MINOR,1014,5,,41.87,0,Inland,Low,1,Masonry_Arch
4746,54.399752510954,-6.55533559475229,Road_River,18893,7982,3.9,5,8.59999999999999,CL_MINOR,902,5,,37.83,0,Inland,Low,1,Masonry_Arch
4747,54.3997807258388,-6.56294442757285,Road_River,18896,7828,2,5,16.1,CL_MINOR,902,5,,38.07,0,Inland,Low,1,Masonry_Arch
4748,54.4044494493091,-6.63262766624137,Road_River,18899,7831,3.1,5,35.8,CL_MINOR,1014,5,,40.94,0,Inland,Low,1,Masonry_Arch
4749,54.4042955409993,-6.6377868404545,Road_River,18904,7989,30.7,5,25.7,CL_MINOR,1014,5,,41.11,0,Inland,High,6,Bespoke_Viaduct
4750,54.408788532712,-6.66469303096718,Road_River,18905,7685,1.9,5,18.3,CL_MINOR,1014,5,,42.54,0,Inland,Low,1,Masonry_Arch
4751,54.4082516097238,-6.65874486364995,Road_River,18906,7685,3,5,39.8,CL_MINOR,1014,5,,42.26,0,Inland,Low,1,Masonry_Arch
4752,54.4172706659788,-6.65150959066085,Road_River,18912,7687,2.3,5,25.5,CL_MINOR,1014,5,,42.8,0,Inland,Low,1,Masonry_Arch
4753,54.412414895175,-6.62688810100471,Road_River,18913,7683,22.9,5,6.09999999999999,CL_MINOR,1014,5,,41.45,0,Inland,High,4,Bespoke_Viaduct
4754,54.4132093644832,-6.6376131368631,Road_River,18913,17215,2.5,5,30.2,CL_MINOR,1014,5,,41.92,0,Inland,Low,1,Masonry_Arch
4755,54.4140795437781,-6.66671998150697,Road_River,18915,7685,1.4,5,33.3,CL_MINOR,1014,5,,43.09,0,Inland,Low,1,Culvert
4756,54.4269683179644,-6.68805725210852,Road_River,18920,7689,4.3,5,2,CL_MINOR,1014,5,,45.06,0,Inland,Low,1,Masonry_Arch
4757,54.4225755874697,-6.60356013697639,Road_River,18921,7830,4.1,5,52.3,CL_MINOR,902,5,,41.59,0,Inland,Low,1,Masonry_Arch
4758,54.4262808827553,-6.6001004619675,Road_River,18924,7682,1.9,5,14.1,CL_MINOR,1014,5,,41.82,0,Inland,Low,1,Masonry_Arch
4759,54.4283062883295,-6.56203699800884,Road_River,18935,7676,3.7,5,14.7,CL_MINOR,1014,5,,40.82,0,Inland,Low,1,Masonry_Arch
4760,54.424636598427,-6.63407071134384,Road_River,18938,7684,3.3,5,35.6,CL_MINOR,995,5,,42.84,0,Inland,Low,1,Masonry_Arch
4761,54.4283252829207,-6.64491169801616,Road_River,18940,17216,22,5,4.3,CL_MINOR,995,5,,43.57,0,Inland,High,4,Bespoke_Viaduct
4762,54.4384284500898,-6.65510762063768,Road_River,18941,7469,2.8,5,35,CL_MINOR,995,5,,44.86,0,Inland,Low,1,Masonry_Arch
4763,54.3761189023374,-6.71736288109098,Road_River,18942,8333,2.4,5,8.59999999999999,CL_MINOR,939,5,,41.98,0,Inland,Low,1,Masonry_Arch
4764,54.3777962198508,-6.72513543716344,Road_River,18944,8332,11,5,21.9,CL_MINOR,939,5,,42.46,0,Inland,Low,2,RC_Slab
4765,54.3787441856194,-6.73265919213743,Road_River,18945,7998,2.2,5,21.2,CL_MINOR,641,5,,42.88,0,Inland,Low,1,Masonry_Arch
4766,54.4095712107103,-6.73893518284392,Road_River,18952,7848,74.3,5,0.0999999999999943,CL_MINOR,921,5,,45.65,0,Inland,High,3,Bespoke_Viaduct
4767,54.4029911345102,-6.73750136000608,Road_River,18953,7847,1.2,5,41,CL_MINOR,921,5,,45.05,0,Inland,Low,1,Culvert
4768,54.3933213328882,-6.73839216534227,Road_River,18953,8005,3.1,5,37.9,CL_MINOR,921,5,,44.3,0,Inland,Low,1,Masonry_Arch
4769,54.448301710519,-6.5516275512848,Road_River,18966,7511,1.1,5,4.8,CL_MINOR,697,5,,42.5,0,Inland,Low,1,Culvert
4770,54.4671374101241,-6.47606654591037,Road_River,18974,7378,1.8,5,20.9,CL_MINOR,1014,5,,38.67,0,Inland,Low,1,Culvert
4771,54.4655836702366,-6.52398850272833,Road_River,18979,7508,2,5,10.1,CL_MINOR,1014,5,,41.6,0,Inland,Low,1,Masonry_Arch
4772,54.4411743305538,-6.57764552159107,Road_River,18987,7460,23.9,5,13.6,CL_MINOR,1014,5,,42.55,0,Inland,High,4,Bespoke_Viaduct
4773,54.4414429912835,-6.59893111593103,Road_River,18989,7460,17.3,5,16.5,CL_MINOR,1014,5,,43.24,0,Inland,High,3,RC_Slab
4774,54.4483800085228,-6.63644616204676,Road_River,18999,7516,1.9,5,1.90000000000001,CL_MINOR,995,5,,45.14,0,Inland,Low,1,Masonry_Arch
4775,54.4475666415176,-6.63837130042608,Road_River,18999,7518,2.6,5,6.2,CL_MINOR,995,5,,45.13,0,Inland,Low,1,Masonry_Arch
4776,54.4524292406642,-6.63050962366915,Road_River,19002,7513,49.7,5,9.90000000000001,CL_MINOR,995,5,,45.32,0,Inland,High,9,Bespoke_Viaduct
4777,54.4682779137073,-6.65507543571642,Road_River,19010,7389,86.3,5,14.4,CL_MINOR,828,5,,47.65,0,Inland,High,3,Bespoke_Viaduct
4778,54.4693899211618,-6.69118485554431,Road_River,19016,7526,3.2,5,37.8,CL_MINOR,865,5,,49.01,0,Inland,Low,1,Masonry_Arch
4779,54.4761123018768,-6.68533952431541,Road_River,19017,7391,5.2,5,31.9,CL_MINOR,865,5,,49.43,0,Inland,Low,1,RC_Slab
4780,54.4701541237703,-6.69987827643564,Road_River,19018,7396,4.1,5,15.1,CL_MINOR,1014,5,,49.4,0,Inland,Low,1,Masonry_Arch
4781,54.4512702555577,-6.75901170946045,Road_River,19026,7530,2.7,5,22.7,CL_MINOR,1014,5,,50.01,0,Inland,Low,1,Masonry_Arch
4782,54.4691078449624,-6.72130353594806,Road_River,19028,7403,5.9,5,11.1,CL_MINOR,1014,5,,50.1,0,Inland,Low,1,RC_Slab
4783,54.6135175003988,-6.70781523105742,Road_River,19042,7035,2.4,5,3.09999999999999,CL_MINOR,865,5,,50.7,0,Inland,Low,1,Masonry_Arch
4784,54.6402315513086,-6.73100301131394,Road_River,19048,6987,1.6,5,11.7,CL_MINOR,1014,5,,49.91,0,Inland,Low,1,Culvert
4785,54.6281779770305,-6.74759258612788,Road_River,19063,7037,1.3,5,26.9,CL_MINOR,1014,5,,50.71,0,Inland,Low,1,Culvert
4786,54.6156555018154,-6.70374039548427,Road_River,19066,7036,1.7,5,24.4,CL_MINOR,865,5,,50.45,0,Inland,Low,1,Culvert
4787,54.623110246577,-6.7255679485124,Road_River,19068,7080,36.6,5,44.2,CL_MINOR,865,5,,51.8,0,Inland,High,2,Bespoke_Viaduct
4788,54.6381922716122,-6.71603219306853,Road_River,19071,6984,6.3,5,55.7,CL_MINOR,865,5,,50.52,0,Inland,Medium,2,Masonry_Arch
4789,54.6293305086869,-6.70739100098611,Road_River,19072,6981,47.6,5,1.8,CL_MINOR,865,5,,50.75,0,Inland,High,8,Bespoke_Viaduct
4790,54.5913808874588,-6.76355684326545,Road_River,19084,7083,26.1,5,6.8,CL_MINOR,735,5,,54.12,0,Inland,High,5,Bespoke_Viaduct
4791,54.5957958882281,-6.69315282061217,Road_River,19094,7076,3.9,5,23.3,CL_MINOR,865,5,,49.74,0,Inland,Low,1,Masonry_Arch
4792,54.60299218245,-6.74262122741101,Road_River,19099,7080,29.6,5,30.6,CL_MINOR,977,5,,52.93,0,Inland,High,5,Bespoke_Viaduct
4793,54.6292403996461,-6.75551270102678,Road_River,19103,7037,1.4,5,0.799999999999997,CL_MINOR,1014,5,,50.4,0,Inland,Low,1,Culvert
4794,54.6446784023619,-6.77034467520536,Road_River,19106,6916,4.5,5,22.9,CL_MINOR,809,5,,48.45,0,Inland,Low,1,Masonry_Arch
4795,54.6453446264777,-6.77601260175831,Road_River,19106,6917,7.1,5,53.3,CL_MINOR,809,5,,48.25,0,Inland,Medium,2,Masonry_Arch
4796,54.6207393127686,-6.64851551858966,Road_River,19111,7028,2.7,5,28.1,CL_MINOR,641,5,,46.91,0,Inland,Low,1,Masonry_Arch
4797,54.6049752673564,-6.67007171434948,Road_River,19123,7075,4.6,5,2,CL_MINOR,865,5,,48.25,0,Inland,Low,1,RC_Slab
4798,54.6150349854377,-6.69265529117889,Road_River,19131,7033,2.6,5,27.9,CL_MINOR,697,5,,49.73,0,Inland,Low,1,Masonry_Arch
4799,54.61742991054,-6.62661290023141,Road_River,19132,7067,1.1,5,17.9,CL_MINOR,641,5,,45.48,0,Inland,Low,1,Culvert
4800,54.6164817149857,-6.61582760897849,Road_River,19135,7025,2.6,5,33.2,CL_MINOR,790,5,,44.79,0,Inland,Low,1,Masonry_Arch
4801,54.6190122600676,-6.56450289069964,Road_River,19139,7065,1.7,5,8,CL_MINOR,828,5,,41.49,0,Inland,Low,1,Culvert
4802,54.6018145951646,-6.61663591684491,Road_River,19144,7067,2.2,5,17.5,CL_MINOR,809,5,,44.81,0,Inland,Low,1,Masonry_Arch
4803,54.6565363474322,-6.5371697020166,Road_River,19149,6893,3.6,5,70.5,CL_MINOR,567,5,,40.1,0,Inland,Low,1,Masonry_Arch
4804,54.657410883219,-6.67256185274175,Road_River,19154,6904,8.3,5,1,CL_MINOR,679,5,,48.81,0,Inland,Low,2,Masonry_Arch
4805,54.657183589781,-6.67329796670566,Road_River,19154,6906,2.1,5,8.5,CL_MINOR,679,5,,48.85,0,Inland,Low,1,Masonry_Arch
4806,54.6354226338097,-6.66229079318687,Road_River,19158,6979,20.5,5,28.8,CL_MINOR,697,5,,47.9,0,Inland,High,4,Bespoke_Viaduct
4807,54.6274319823693,-6.6561650520051,Road_River,19160,7027,8,5,12.5,CL_MINOR,641,5,,47.44,0,Inland,Low,1,RC_Slab
4808,54.6246796388528,-6.6646552954733,Road_River,19161,7027,11.2,5,6.3,CL_MINOR,697,5,,47.97,0,Inland,Low,2,RC_Slab
4809,54.5381923744674,-6.68885699408101,Road_River,19168,7177,2.5,5,63.3,CL_MINOR,1014,5,,49.94,0,Inland,Low,1,Masonry_Arch
4810,54.5397448756686,-6.69674806833115,Road_River,19168,7178,2.4,5,45.4,CL_MINOR,1014,5,,50.42,0,Inland,Low,1,Masonry_Arch
4811,54.478634193628,-6.48586573905398,Road_River,19172,7377,3.5,5,4.7,CL_MINOR,809,5,,38.79,0,Inland,Low,1,Masonry_Arch
4812,54.4823353230338,-6.56110742660564,Road_River,19177,7382,7.4,5,30.6,CL_MINOR,1014,5,,43.25,0,Inland,Low,2,Masonry_Arch
4813,54.4873155714577,-6.63585757092663,Road_River,19181,7512,58.4,5,29.7,CL_MINOR,828,5,,47.72,0,Inland,High,10,Bespoke_Viaduct
4814,54.5407145597236,-6.70297516339237,Road_River,19185,7181,7.8,5,62.6,CL_MINOR,1014,5,,50.81,0,Inland,Medium,1,RC_Slab
4815,54.5454990226128,-6.71903145671984,Road_River,19188,7180,1.3,5,6.7,CL_MINOR,1014,5,,51.77,0,Inland,Low,1,Culvert
4816,54.5513523975284,-6.74051801426891,Road_River,19191,17210,8.9,5,18.8,CL_MINOR,995,5,,53.07,0,Inland,Low,2,Masonry_Arch
4817,54.5499043816151,-6.74962302330447,Road_River,19193,7184,4.2,5,11.8,CL_MINOR,995,5,,53.67,0,Inland,Low,1,Masonry_Arch
4818,54.5580822000202,-6.75886150557622,Road_River,19200,7186,2.9,5,48.6,CL_MINOR,995,5,,54.18,0,Inland,Low,1,Masonry_Arch
4819,54.5731996945064,-6.75095659576085,Road_River,19207,7116,2.6,5,29.7,CL_MINOR,977,5,,53.55,0,Inland,Low,1,Masonry_Arch
4820,54.5406863240978,-6.70283251184241,Road_River,19208,7181,11.6,5,68.9,CL_MINOR,1014,5,,50.8,0,Inland,Medium,2,RC_Slab
4821,54.5041890070388,-6.75237040218397,Road_River,19210,7297,2.7,5,24.8,CL_MINOR,1014,5,,54.43,0,Inland,Low,1,Masonry_Arch
4822,54.5478136312762,-6.74494316089673,Road_River,19212,7183,1.1,5,8.40000000000001,CL_MINOR,995,5,,53.4,0,Inland,Low,1,Culvert
4823,54.5409195909594,-6.71217217885621,Road_River,19214,7179,1.2,5,6.2,CL_MINOR,1014,5,,51.39,0,Inland,Low,1,Culvert
4824,54.540066463794,-6.70497507811615,Road_River,19214,7182,2.4,5,34.6,CL_MINOR,1014,5,,50.94,0,Inland,Low,1,Masonry_Arch
4825,54.5394469833261,-6.72438562552628,Road_River,19216,7222,4.4,5,17,CL_MINOR,1014,5,,52.19,0,Inland,Low,1,Masonry_Arch
4826,54.5241479339691,-6.73168645087568,Road_River,19224,7223,0.9,5,6.59999999999999,CL_MINOR,939,5,,52.9,0,Inland,Low,1,Culvert
4827,54.5078694877225,-6.73683908237503,Road_River,19225,7296,2.4,5,33.8,CL_MINOR,1014,5,,53.54,0,Inland,Low,1,Masonry_Arch
4828,54.5232551670883,-6.65246429133287,Road_River,19233,7177,2.2,5,24,CL_MINOR,828,5,,47.88,0,Inland,Low,1,Masonry_Arch
4829,54.5354268865982,-6.66417827338129,Road_River,19234,7177,2.8,5,25.9,CL_MINOR,1014,5,,48.41,0,Inland,Low,1,Masonry_Arch
4830,54.5302816566525,-6.68202883166778,Road_River,19237,7217,4.5,5,35.2,CL_MINOR,828,5,,49.63,0,Inland,Low,1,Masonry_Arch
4831,54.5048227056613,-6.48898211722184,Road_River,19245,7273,1.4,5,3.5,CL_MINOR,530,5,,38.07,0,Inland,Low,1,Culvert
4832,54.5032604743727,-6.47581856023111,Road_River,19247,7272,1.8,5,2,CL_MINOR,697,5,,37.31,0,Inland,Low,1,Culvert
4833,54.4825202104064,-6.51653558442275,Road_River,19253,7345,2.6,5,29.2,CL_MINOR,809,5,,40.51,0,Inland,Low,1,Masonry_Arch
4834,54.4824633227187,-6.55511915149925,Road_River,19256,7384,3.7,5,7.5,CL_MINOR,1014,5,,42.87,0,Inland,Low,1,Masonry_Arch
4835,54.5063053065752,-6.63800554121498,Road_River,19257,7217,2,5,25,CL_MINOR,753,5,,47.34,0,Inland,Low,1,Masonry_Arch
4836,54.5068632840129,-6.63763304854316,Road_River,19257,7286,4,5,22.3,CL_MINOR,753,5,,47.31,0,Inland,Low,1,Masonry_Arch
4837,54.5050475798939,-6.63884517009639,Road_River,19257,7287,16.4,5,50.2,CL_MINOR,753,5,,47.43,0,Inland,Medium,3,RC_Slab
4838,54.4865754104661,-6.75065990633366,Road_River,19262,2796,2.7,5,34.4,CL_MINOR,1014,5,,52.78,0,Inland,Low,1,Masonry_Arch
4839,54.6933362111745,-6.67385174957248,Road_River,19263,6786,8.4,5,37.2,CL_MINOR,1014,5,,46.36,0,Inland,Low,2,Masonry_Arch
4840,54.8404472364773,-6.72279242649846,Road_River,19265,5954,5.9,5,56.5,CL_MINOR,1014,5,,31.26,0,Inland,Medium,1,RC_Slab
4841,54.8400107661987,-6.72407866026945,Road_River,19265,5955,1.7,5,2,CL_MINOR,1014,5,,31.24,0,Inland,Low,1,Culvert
4842,54.8330602244216,-6.74470923684848,Road_River,19267,5810,1.9,5,20.1,CL_MINOR,828,5,,30.98,0,Inland,Low,1,Masonry_Arch
4843,54.8354487612595,-6.73761775038977,Road_River,19267,5957,11.2,5,18.5,CL_MINOR,828,5,,31.06,0,Inland,Low,2,RC_Slab
4844,54.8352091556658,-6.72477652109026,Road_River,19269,5956,9.6,5,10.4,CL_MINOR,1014,5,,31.61,0,Inland,Low,2,RC_Slab
4845,54.8194495738811,-6.75096521521819,Road_River,19276,6185,27.1,5,8.40000000000001,CL_MINOR,865,5,,31.94,0,Inland,High,5,Bespoke_Viaduct
4846,54.8019976744911,-6.74087813372476,Road_River,19279,6260,2.9,5,25.6,CL_MINOR,865,5,,33.89,0,Inland,Low,1,Masonry_Arch
4847,54.7904985686857,-6.72418896265615,Road_River,19284,6288,1.8,5,45.3,CL_MINOR,735,5,,35.55,0,Inland,Low,1,Culvert
4848,54.7843563100015,-6.72394845434313,Road_River,19286,6287,2.2,5,49,CL_MINOR,697,5,,36.12,0,Inland,Low,1,Masonry_Arch
4849,54.8347796593803,-6.68731758260064,Road_River,19288,5947,7.3,5,6,CL_MINOR,1014,5,,33.27,0,Inland,Low,2,Masonry_Arch
4850,54.7742759925259,-6.71963356109372,Road_River,19289,6535,1.4,5,13.8,CL_MINOR,697,5,,37.2,0,Inland,Low,1,Culvert
4851,54.7706300437674,-6.71765405271616,Road_River,19293,6534,1.3,5,8,CL_MINOR,697,5,,37.61,0,Inland,Low,1,Culvert
4852,54.7693033337914,-6.71685062855888,Road_River,19293,6537,2.5,5,29.4,CL_MINOR,697,5,,37.76,0,Inland,Low,1,Masonry_Arch
4853,54.7536850011798,-6.6997836558704,Road_River,19294,2758,1.2,5,8.40000000000001,CL_MINOR,697,5,,39.81,0,Inland,Low,1,Culvert
4854,54.7561957737193,-6.70436315036035,Road_River,19294,2763,3.4,5,25.5,CL_MINOR,697,5,,39.41,0,Inland,Low,1,Masonry_Arch
4855,54.7462288974816,-6.69659065860761,Road_River,19296,2759,2.4,5,2,CL_MINOR,660,5,,40.61,0,Inland,Low,1,Masonry_Arch
4856,54.7168919150585,-6.74002781949547,Road_River,19297,6744,2.1,5,34.6,CL_MINOR,418,5,,41.99,0,Inland,Low,1,Masonry_Arch
4857,54.7171905911784,-6.73278960772618,Road_River,19297,6745,2.6,5,6.2,CL_MINOR,418,5,,42.18,0,Inland,Low,1,Masonry_Arch
4858,54.7144231344236,-6.74580780108971,Road_River,19297,6748,2.2,5,14.9,CL_MINOR,418,5,,42.07,0,Inland,Low,1,Masonry_Arch
4859,54.693980739146,-6.70383974271677,Road_River,19299,6746,0.9,5,0.700000000000003,CL_MINOR,548,5,,45.34,0,Inland,Low,1,Culvert
4860,54.6889951188467,-6.74453553216184,Road_River,19301,6793,4.3,5,9.3,CL_MINOR,623,5,,44.63,0,Inland,Low,1,Masonry_Arch
4861,54.6893664293565,-6.73051118769029,Road_River,19305,6750,2.1,5,1,CL_MINOR,548,5,,44.99,0,Inland,Low,1,Masonry_Arch
4862,54.6921205100345,-6.72110907649942,Road_River,19305,6792,2.1,5,30.2,CL_MINOR,548,5,,45,0,Inland,Low,1,Masonry_Arch
4863,54.6587183013142,-6.691793903186,Road_River,19307,6907,8.2,5,1.40000000000001,CL_MINOR,846,5,,49.16,0,Inland,Low,2,Masonry_Arch
4864,54.6778164184913,-6.72758891982248,Road_River,19309,6793,1.8,5,7.59999999999999,CL_MINOR,548,5,,46.22,0,Inland,Low,1,Culvert
4865,54.679422118623,-6.73153571041003,Road_River,19309,6793,4.9,5,24,CL_MINOR,548,5,,45.95,0,Inland,Low,1,RC_Slab
4866,54.7090570800514,-6.68363332726699,Road_River,19313,9865,1.7,5,27,CL_MINOR,1014,5,,44.55,0,Inland,Low,1,Culvert
4867,54.8308230836242,-6.75420829834224,Road_River,19315,6184,4,5,31.3,CL_MINOR,828,5,,30.8,0,Inland,Low,1,Masonry_Arch
4868,54.7994211193142,-6.6953616828347,Road_River,19319,6257,2.7,5,9.09999999999999,CL_MINOR,567,5,,35.88,0,Inland,Low,1,Masonry_Arch
4869,54.7589901262953,-6.7092109257638,Road_River,19320,6529,1.5,5,51.7,CL_MINOR,697,5,,38.98,0,Inland,Low,1,Culvert
4870,54.7632171554747,-6.71239104202559,Road_River,19320,6533,1.9,5,7.5,CL_MINOR,697,5,,38.48,0,Inland,Low,1,Masonry_Arch
4871,54.7192211530939,-6.72264954855723,Road_River,19321,6696,1.9,5,13.7,CL_MINOR,660,5,,42.3,0,Inland,Low,1,Masonry_Arch
4872,54.6647756943686,-6.68698107804871,Road_River,19323,6846,2.7,5,35.3,CL_MINOR,679,5,,48.71,0,Inland,Low,1,Masonry_Arch
4873,54.6637483986779,-6.68791753856413,Road_River,19323,6907,4.4,5,8,CL_MINOR,679,5,,48.78,0,Inland,Low,1,Masonry_Arch
4874,54.8358456735538,-6.66843264001645,Road_River,19336,5943,26.2,5,23,CL_MINOR,1014,5,,34.03,0,Inland,High,5,Bespoke_Viaduct
4875,54.7833629094654,-6.51654985916363,Road_River,19341,6411,1.7,5,10.6,CL_MINOR,921,5,,40.56,0,Inland,Low,1,Culvert
4876,54.7919452161061,-6.50121365672157,Road_River,19342,6163,1.7,5,29.2,CL_MINOR,586,5,,39.22,0,Inland,Low,1,Culvert
4877,54.7904471978181,-6.52343017187641,Road_River,19343,6239,5.2,5,41.7,CL_MINOR,679,5,,40.52,0,Inland,Medium,1,RC_Slab
4878,54.8062312468512,-6.51547302443649,Road_River,19347,6163,2.7,5,15.5,CL_MINOR,679,5,,39.18,0,Inland,Low,1,Masonry_Arch
4879,54.8084810168686,-6.54324622665076,Road_River,19349,6238,2,5,12.8,CL_MINOR,679,5,,40.62,0,Inland,Low,1,Masonry_Arch
4880,54.8130185088278,-6.45558751466692,Road_River,19350,6156,3.9,5,7.40000000000001,CL_MINOR,492,5,,35.48,0,Inland,Low,1,Masonry_Arch
4881,54.8035695295081,-6.45521581074714,Road_River,19350,6234,2.3,5,16.5,CL_MINOR,492,5,,36.03,0,Inland,Low,1,Masonry_Arch
4882,54.8151925708644,-6.49063195191957,Road_River,19351,6162,2.1,5,1.40000000000001,CL_MINOR,586,5,,37.3,0,Inland,Low,1,Masonry_Arch
4883,54.823720342548,-6.52321100459065,Road_River,19354,6163,2.8,5,40.4,CL_MINOR,530,5,,38.7,0,Inland,Low,1,Masonry_Arch
4884,54.8231573683394,-6.47296037243817,Road_River,19357,6161,4.3,5,5.2,CL_MINOR,492,5,,35.87,0,Inland,Low,1,Masonry_Arch
4885,54.725667545036,-5.8488440038767,Road_River,19379,8542,2,5,19.4,CL_MINOR,586,5,,2.21,0,Coastal,Low,1,Masonry_Arch
4886,54.7338633480433,-5.94360192051362,Road_River,19380,6584,2.6,5,51,CL_MINOR,809,5,,6.96,0,Inland,Low,1,Masonry_Arch
4887,54.7311840333065,-5.84758080814136,Road_River,19385,8540,3.6,5,14.4,CL_MINOR,586,5,,2.72,0,Coastal,Low,1,Masonry_Arch
4888,54.7360295127525,-5.86983150185117,Road_River,19385,11455,2.9,5,53.6,CL_MINOR,586,5,,3.88,0,Coastal,Low,1,Masonry_Arch
4889,54.7465082921943,-5.87068708947631,Road_River,19386,11446,5.8,5,29.2,CL_MINOR,492,5,,4.92,0,Coastal,Low,1,RC_Slab
4890,54.7445746942217,-5.87755729703865,Road_River,19386,11448,1.9,5,29.2,CL_MINOR,492,5,,4.95,0,Coastal,Low,1,Masonry_Arch
4891,54.7093575063787,-6.55259585996503,Road_River,19390,6689,1.9,5,0.400000000000006,CL_MINOR,679,5,,41.72,0,Inland,Low,1,Masonry_Arch
4892,54.6977335911526,-6.5659209619868,Road_River,19392,6733,2.7,5,9.8,CL_MINOR,679,5,,42.37,0,Inland,Low,1,Masonry_Arch
4893,54.7151559728389,-6.55843808800719,Road_River,19395,6689,1.9,5,30,CL_MINOR,660,5,,42.2,0,Inland,Low,1,Masonry_Arch
4894,54.7006192623353,-6.67530333458591,Road_River,19398,9870,3.8,5,5.09999999999999,CL_MINOR,1014,5,,45.62,0,Inland,Low,1,Masonry_Arch
4895,54.7804158830501,-6.64048618702703,Road_River,19401,6426,2,5,19.5,CL_MINOR,865,5,,39.77,0,Inland,Low,1,Masonry_Arch
4896,54.7042692480506,-6.55353520258407,Road_River,19404,6732,3,5,11.6,CL_MINOR,567,5,,41.69,0,Inland,Low,1,Masonry_Arch
4897,54.688080099069,-6.54580000204899,Road_River,19404,6772,4.7,5,6.8,CL_MINOR,567,5,,40.95,0,Inland,Low,1,RC_Slab
4898,54.6826586796976,-6.55214834780998,Road_River,19405,6776,6.6,5,25,CL_MINOR,567,5,,41.28,0,Inland,Low,1,RC_Slab
4899,54.6747447483324,-6.54254024629679,Road_River,19406,6832,2.1,5,35.7,CL_MINOR,567,5,,40.58,0,Inland,Low,1,Masonry_Arch
4900,54.7464696932182,-6.54512551770811,Road_River,19416,6619,9.3,5,13.1,CL_MINOR,828,5,,42.14,0,Inland,Low,1,RC_Slab
4901,54.7467535913922,-6.54092334332488,Road_River,19417,6619,9.9,5,10.9,CL_MINOR,828,5,,41.89,0,Inland,Low,2,RC_Slab
4902,54.734622192759,-6.45360781549464,Road_River,19419,17025,6.7,5,47.9,CL_MINOR,586,5,,36.1,0,Inland,Medium,2,Masonry_Arch
4903,54.7216051726148,-6.54088303509171,Road_River,19422,17027,4.3,5,4,CL_MINOR,828,5,,41.23,0,Inland,Low,1,Masonry_Arch
4904,54.7222633576781,-6.53598555277853,Road_River,19425,17027,1.9,5,23.4,CL_MINOR,828,5,,40.93,0,Inland,Low,1,Masonry_Arch
4905,54.7199565449527,-6.45730092179867,Road_River,19428,6686,3.3,5,37.7,CL_MINOR,586,5,,35.93,0,Inland,Low,1,Masonry_Arch
4906,54.7526860019297,-6.59096036691657,Road_River,19429,6631,2.3,5,28,CL_MINOR,1014,5,,44.18,0,Inland,Low,1,Masonry_Arch
4907,54.8304978085691,-6.68236618464687,Road_River,19434,5944,2.8,5,16.2,CL_MINOR,1014,5,,33.83,0,Inland,Low,1,Masonry_Arch
4908,54.7592988881437,-6.61167064079561,Road_River,19437,6629,2,5,4.7,CL_MINOR,1014,5,,42.75,0,Inland,Low,1,Masonry_Arch
4909,54.7517386044054,-6.61606965650541,Road_River,19441,6629,1.3,5,5.59999999999999,CL_MINOR,1014,5,,43.21,0,Inland,Low,1,Culvert
4910,54.7581197199901,-6.59636470663095,Road_River,19442,6631,1.7,5,8.3,CL_MINOR,1014,5,,43.5,0,Inland,Low,1,Culvert
4911,54.7392488862873,-6.60602794917216,Road_River,19445,6631,3.8,5,50.7,CL_MINOR,660,5,,44.7,0,Inland,Medium,1,Masonry_Arch
4912,54.7684147667242,-6.67618206054417,Road_River,19451,6526,12.5,5,33.1,CL_MINOR,995,5,,39.36,0,Inland,Low,1,Bespoke_Viaduct
4913,54.7620533690686,-6.60479409750023,Road_River,19457,6511,1.8,5,10.8,CL_MINOR,1014,5,,42.81,0,Inland,Low,1,Culvert
4914,54.7678235575304,-6.58486175149548,Road_River,19458,6507,1.8,5,31.2,CL_MINOR,1014,5,,43.2,0,Inland,Low,1,Culvert
4915,54.7576291962334,-6.6476436798125,Road_River,19462,6516,1.2,5,22.3,CL_MINOR,865,5,,41.43,0,Inland,Low,1,Culvert
4916,54.7530951601831,-6.64606970042927,Road_River,19464,6517,2.1,5,16.6,CL_MINOR,865,5,,41.89,0,Inland,Low,1,Masonry_Arch
4917,54.7519278790461,-6.64544905867261,Road_River,19464,6519,1.1,5,19.8,CL_MINOR,865,5,,42.01,0,Inland,Low,1,Culvert
4918,54.7511915604828,-6.64513223316484,Road_River,19464,6633,8.4,5,75,CL_MINOR,865,5,,42.09,0,Inland,Low,2,Masonry_Arch
4919,54.7511547820832,-6.64511640803736,Road_River,19464,6633,2.1,5,59.4,CL_MINOR,865,5,,42.1,0,Inland,Low,1,Masonry_Arch
4920,54.7472302417513,-6.57696965129948,Road_River,19466,6627,2.3,5,28.7,CL_MINOR,1014,5,,44.14,0,Inland,Low,1,Masonry_Arch
4921,54.7473196400529,-6.58192105923057,Road_River,19466,6628,1.7,5,45.2,CL_MINOR,1014,5,,44.45,0,Inland,Low,1,Culvert
4922,54.7572895289249,-6.55981558723938,Road_River,19467,6501,12.1,5,40.5,CL_MINOR,1014,5,,43.38,0,Inland,Medium,3,Masonry_Arch
4923,54.7681241620263,-6.55946788586939,Road_River,19467,6502,1.8,5,2.8,CL_MINOR,1014,5,,43.71,0,Inland,Low,1,Culvert
4924,54.7589442946645,-6.55471303336222,Road_River,19469,6501,7,5,26.7,CL_MINOR,1014,5,,43.12,0,Inland,Low,1,RC_Slab
4925,54.7642074476096,-6.55361295808774,Road_River,19469,6502,2.6,5,23.3,CL_MINOR,1014,5,,43.22,0,Inland,Low,1,Masonry_Arch
4926,54.7493068414697,-6.56158612066262,Road_River,19470,6626,4,5,4.2,CL_MINOR,1014,5,,43.25,0,Inland,Low,1,Masonry_Arch
4927,54.7621141426069,-6.57153477461866,Road_River,19471,6504,12.5,5,23.2,CL_MINOR,1014,5,,44.25,0,Inland,Low,3,Masonry_Arch
4928,54.7621345332563,-6.57163850871096,Road_River,19471,6507,1.1,5,35.7,CL_MINOR,1014,5,,44.25,0,Inland,Low,1,Culvert
4929,54.7524829576137,-6.5853506165624,Road_River,19474,6508,2.3,5,24.3,CL_MINOR,1014,5,,44.44,0,Inland,Low,1,Masonry_Arch
4930,54.7401150545793,-6.55610685154243,Road_River,19480,6620,1.5,5,6.40000000000001,CL_MINOR,660,5,,42.64,0,Inland,Low,1,Culvert
4931,54.7167576833339,-6.65065510097005,Road_River,19484,6738,1.1,5,13.3,CL_MINOR,679,5,,44.98,0,Inland,Low,1,Culvert
4932,54.731636575137,-6.61364371236555,Road_River,19485,6690,1.8,5,7.3,CL_MINOR,660,5,,45.05,0,Inland,Low,1,Culvert
4933,54.7288739281599,-6.59709227227096,Road_River,19487,6689,2.5,5,51.2,CL_MINOR,660,5,,44.94,0,Inland,Low,1,Masonry_Arch
4934,54.7341932265587,-6.56468548881685,Road_River,19490,6625,1.6,5,31.1,CL_MINOR,660,5,,43.03,0,Inland,Low,1,Culvert
4935,54.7299644951049,-6.55512020771531,Road_River,19491,6687,1.7,5,25.2,CL_MINOR,660,5,,42.32,0,Inland,Low,1,Culvert
4936,54.7222584555552,-6.57219348293307,Road_River,19494,6689,1.4,5,20.3,CL_MINOR,660,5,,43.22,0,Inland,Low,1,Culvert
4937,54.7218915910802,-6.56250646831463,Road_River,19495,6688,1.7,5,20.4,CL_MINOR,660,5,,42.6,0,Inland,Low,1,Culvert
4938,54.7814875150725,-6.62981390227426,Road_River,19502,6509,2.2,5,39.7,CL_MINOR,865,5,,40.13,0,Inland,Low,1,Masonry_Arch
4939,54.7799463511795,-6.65623787220836,Road_River,19505,6279,22.8,5,25.6,CL_MINOR,865,5,,39.15,0,Inland,High,4,Bespoke_Viaduct
4940,54.7798108483028,-6.65572283358326,Road_River,19505,6427,10.7,5,16,CL_MINOR,865,5,,39.18,0,Inland,Low,1,Bespoke_Viaduct
4941,54.7769579147113,-6.66848646584771,Road_River,19506,6280,1.4,5,13.2,CL_MINOR,995,5,,38.91,0,Inland,Low,1,Culvert
4942,54.7801004111447,-6.5645623227335,Road_River,19507,6419,2.6,5,21,CL_MINOR,1014,5,,43.15,0,Inland,Low,1,Masonry_Arch
4943,54.786453858685,-6.59106619842619,Road_River,19508,6421,3,5,42.3,CL_MINOR,902,5,,41.44,0,Inland,Low,1,Masonry_Arch
4944,54.7920549107422,-6.56747494589258,Road_River,19512,6243,4,5,10.5,CL_MINOR,511,5,,42.09,0,Inland,Low,1,Masonry_Arch
4945,54.795902860157,-6.68068068692651,Road_River,19518,6256,6.3,5,29.9,CL_MINOR,567,5,,36.78,0,Inland,Low,2,Masonry_Arch
4946,54.7996445361245,-6.61260391651676,Road_River,19520,6251,20.1,5,9.5,CL_MINOR,902,5,,39.42,0,Inland,High,4,Bespoke_Viaduct
4947,54.801236499385,-6.581189563604,Road_River,19524,6245,2.1,5,21.1,CL_MINOR,511,5,,40.75,0,Inland,Low,1,Masonry_Arch
4948,54.811736401591,-6.6997514445433,Road_River,19527,6175,2.3,5,19.7,CL_MINOR,567,5,,34.64,0,Inland,Low,1,Masonry_Arch
4949,54.8053551859496,-6.6412527830364,Road_River,19528,6254,1.2,5,26,CL_MINOR,530,5,,37.68,0,Inland,Low,1,Culvert
4950,54.7966184564246,-6.62002990539886,Road_River,19528,6420,12.4,5,29.8,CL_MINOR,530,5,,39.33,0,Inland,High,3,Masonry_Arch
4951,54.8097200669128,-6.58455076111034,Road_River,19530,6245,2,5,14,CL_MINOR,511,5,,39.95,0,Inland,Low,1,Masonry_Arch
4952,54.8143240424713,-6.63936431768019,Road_River,19536,6164,23.8,5,7.09999999999999,CL_MINOR,567,5,,37.05,0,Inland,Medium,1,Bespoke_Viaduct
4953,54.8224662861037,-6.62477412667798,Road_River,19539,6169,4.7,5,59.9,CL_MINOR,902,5,,37.09,0,Inland,Low,1,RC_Slab
4954,54.8282447963636,-6.6331700908577,Road_River,19543,6168,1.1,5,13.5,CL_MINOR,623,5,,36.26,0,Inland,Low,1,Culvert
4955,54.9719571240152,-6.69736368887931,Road_River,19550,4937,2.4,5,24.1,CL_MINOR,641,5,,21.84,0,Inland,Low,1,Masonry_Arch
4956,54.9686190378357,-6.70587144707565,Road_River,19550,5192,2.7,5,21.7,CL_MINOR,641,5,,22.1,0,Inland,Low,1,Masonry_Arch
4957,55.0144292227115,-6.74044102323735,Road_River,19554,763,1.8,5,13.9,CL_MINOR,567,5,,16.74,0,Inland,Low,1,Culvert
4958,55.0068845553872,-6.75642539804798,Road_River,19555,4944,1.1,5,13.9,CL_MINOR,567,5,,17.49,0,Inland,Low,1,Culvert
4959,55.0124360153079,-6.73542375389948,Road_River,19556,763,1.4,5,8.8,CL_MINOR,567,5,,16.99,0,Inland,Low,1,Culvert
4960,55.0169646334623,-6.64880905566515,Road_River,19558,746,3.4,5,49.8,CL_MINOR,660,5,,17.81,0,Inland,Low,1,Masonry_Arch
4961,55.0129417165392,-6.66013106705966,Road_River,19560,747,1,5,20.3,CL_MINOR,660,5,,18.05,0,Inland,Low,1,Culvert
4962,55.0151089023509,-6.64581755022812,Road_River,19561,749,16.7,5,3.90000000000001,CL_MINOR,660,5,,18.06,0,Inland,High,3,RC_Slab
4963,55.0110448319596,-6.60483142191893,Road_River,19566,737,3.1,5,2.7,CL_MINOR,790,5,,19.41,0,Inland,Low,1,Masonry_Arch
4964,55.0102429411819,-6.44583073277855,Road_River,19571,4894,2.8,5,18.8,CL_MINOR,437,5,,23.72,0,Inland,Low,1,Masonry_Arch
4965,55.0071820185924,-6.46799302636052,Road_River,19572,4895,2.1,5,1.3,CL_MINOR,437,5,,23.61,0,Inland,Low,1,Masonry_Arch
4966,54.8457133434248,-6.68743193959145,Road_River,19575,5790,1.2,5,20.1,CL_MINOR,1014,5,,32.39,0,Inland,Low,1,Culvert
4967,54.8395727629346,-6.68189368715468,Road_River,19580,5941,22.7,5,24.5,CL_MINOR,1014,5,,33.13,0,Inland,Medium,1,Bespoke_Viaduct
4968,54.8812586292538,-6.66090742868075,Road_River,19581,5624,1.2,5,27.7,CL_MINOR,660,5,,31.08,0,Inland,Low,1,Culvert
4969,54.8795388585167,-6.68142282430385,Road_River,19586,5716,12,5,6.8,CL_MINOR,660,5,,30.16,0,Inland,Low,2,RC_Slab
4970,54.8506336971204,-6.65231792661255,Road_River,19592,5788,1.4,5,18.7,CL_MINOR,623,5,,33.67,0,Inland,Low,1,Culvert
4971,54.8498269531851,-6.6553655429008,Road_River,19592,5936,2,5,5,CL_MINOR,623,5,,33.58,0,Inland,Low,1,Masonry_Arch
4972,54.8469150307013,-6.6429792563093,Road_River,19593,5788,5.5,5,64.2,CL_MINOR,623,5,,34.39,0,Inland,Low,1,RC_Slab
4973,54.8825913896493,-6.71742139839876,Road_River,19595,5630,10.9,5,12.8,CL_MINOR,697,5,,28.18,0,Inland,Low,2,RC_Slab
4974,54.8800545257415,-6.68134684663411,Road_River,19596,5626,1.8,5,15.6,CL_MINOR,660,5,,30.13,0,Inland,Low,1,Culvert
4975,54.8712010919546,-6.71077070832553,Road_River,19598,5721,3.8,5,5.40000000000001,CL_MINOR,697,5,,29.35,0,Inland,Low,1,Masonry_Arch
4976,54.8798514711971,-6.70009299483722,Road_River,19599,5628,11.4,5,7.40000000000001,CL_MINOR,697,5,,29.22,0,Inland,Low,2,RC_Slab
4977,54.856901264096,-6.74323224118429,Road_River,19601,5815,4.2,5,0.799999999999997,CL_MINOR,511,5,,29.02,0,Inland,Low,1,Masonry_Arch
4978,54.8603184754662,-6.73377938489412,Road_River,19604,5808,2.1,5,3.8,CL_MINOR,511,5,,29.15,0,Inland,Low,1,Masonry_Arch
4979,54.8593165664568,-6.69922331529374,Road_River,19606,5719,3.6,5,58.3,CL_MINOR,697,5,,30.79,0,Inland,Low,1,Masonry_Arch
4980,54.8534182280923,-6.69518828712248,Road_River,19607,5719,2.3,5,6.2,CL_MINOR,1014,5,,31.44,0,Inland,Low,1,Masonry_Arch
4981,54.8550897167309,-6.70356943046412,Road_River,19607,5801,1.5,5,30.7,CL_MINOR,1014,5,,30.92,0,Inland,Low,1,Culvert
4982,54.8569885939872,-6.71478899576401,Road_River,19609,5802,2.4,5,22.7,CL_MINOR,697,5,,30.26,0,Inland,Low,1,Masonry_Arch
4983,54.8566453416628,-6.74352624172321,Road_River,19611,5806,9.4,5,33.9,CL_MINOR,828,5,,29.02,0,Inland,Low,2,RC_Slab
4984,54.8503454145575,-6.72346601843487,Road_River,19612,5805,8.7,5,3.40000000000001,CL_MINOR,1014,5,,30.41,0,Inland,Low,2,Masonry_Arch
4985,54.8512352510645,-6.72343487375574,Road_River,19612,5808,3.4,5,48.1,CL_MINOR,1014,5,,30.34,0,Inland,Medium,1,Masonry_Arch
4986,54.8467968663474,-6.70480319816907,Road_River,19618,5793,11.1,5,19.2,CL_MINOR,1014,5,,31.52,0,Inland,High,2,RC_Slab
4987,54.8461994590404,-6.70189351672341,Road_River,19620,5719,1.7,5,34,CL_MINOR,1014,5,,31.7,0,Inland,Low,1,Culvert
4988,54.8446102162883,-6.69242330946676,Road_River,19620,5796,2.6,5,3.90000000000001,CL_MINOR,1014,5,,32.25,0,Inland,Low,1,Masonry_Arch
4989,54.8505648229263,-6.70640638052859,Road_River,19623,5797,2.3,5,41.1,CL_MINOR,1014,5,,31.15,0,Inland,Low,1,Masonry_Arch
4990,54.8470942696199,-6.70510721522262,Road_River,19623,5801,1.8,5,40.7,CL_MINOR,1014,5,,31.49,0,Inland,Low,1,Culvert
4991,54.8463580759882,-6.69787125287667,Road_River,19624,5719,2.5,5,25.5,CL_MINOR,1014,5,,31.87,0,Inland,Low,1,Masonry_Arch
4992,54.8460539167682,-6.69337368168007,Road_River,19624,5796,2.3,5,4.2,CL_MINOR,1014,5,,32.1,0,Inland,Low,1,Masonry_Arch
4993,54.8422278435939,-6.7174364146228,Road_River,19625,5946,1,5,12,CL_MINOR,1014,5,,31.34,0,Inland,Low,1,Culvert
4994,55.0047304027316,-6.7422198530433,Road_River,19627,758,11,5,1.3,CL_MINOR,567,5,,17.8,0,Inland,Low,2,RC_Slab
4995,54.987583333844,-6.74683813572629,Road_River,19628,780,5.4,5,44,CL_MINOR,511,5,,19.67,0,Inland,Medium,1,RC_Slab
4996,54.9988178199239,-6.74272491072419,Road_River,19628,782,1.6,5,24.4,CL_MINOR,511,5,,18.45,0,Inland,Low,1,Culvert
4997,54.9861087184567,-6.74482303191384,Road_River,19630,780,3.5,5,3.09999999999999,CL_MINOR,511,5,,19.84,0,Inland,Low,1,Masonry_Arch
4998,54.9868669349971,-6.73201850432217,Road_River,19633,778,3.1,5,40.1,CL_MINOR,641,5,,19.84,0,Inland,Medium,1,Masonry_Arch
4999,54.9871609471375,-6.72701982869732,Road_River,19633,779,2.9,5,28.5,CL_MINOR,641,5,,19.85,0,Inland,Low,1,Masonry_Arch
5000,54.9864941993334,-6.73828468253136,Road_River,19633,5094,2.3,5,2.40000000000001,CL_MINOR,641,5,,19.84,0,Inland,Low,1,Masonry_Arch
5001,54.985306738966,-6.74559548315899,Road_River,19634,5097,1.2,5,14,CL_MINOR,511,5,,19.93,0,Inland,Low,1,Culvert
5002,54.9792153437695,-6.7610571021678,Road_River,19635,5205,2.4,5,23.5,CL_MINOR,548,5,,19.54,0,Inland,Low,1,Masonry_Arch
5003,54.9663039368885,-6.7123001731558,Road_River,19639,5193,2.9,5,0.5,CL_MINOR,641,5,,22.28,0,Inland,Low,1,Masonry_Arch
5004,54.9717391980493,-6.73305408152265,Road_River,19641,5091,27.5,5,41,CL_MINOR,641,5,,21.5,0,Inland,Medium,1,Bespoke_Viaduct
5005,54.9621550752632,-6.7511792499047,Road_River,19643,5202,12,5,11.8,CL_MINOR,567,5,,21.13,0,Inland,Low,2,RC_Slab
5006,54.9698034271167,-6.74935813201559,Road_River,19644,5095,1.5,5,5.7,CL_MINOR,511,5,,20.74,0,Inland,Low,1,Culvert
5007,54.9608266762687,-6.7277137428808,Road_River,19645,5197,2.5,5,45.5,CL_MINOR,418,5,,22.45,0,Inland,Medium,1,Masonry_Arch
5008,54.9584154205648,-6.73033268940727,Road_River,19645,5321,3.9,5,7.90000000000001,CL_MINOR,418,5,,22.46,0,Inland,Low,1,Masonry_Arch
5009,54.9550471595778,-6.74212391174164,Road_River,19647,5323,1.8,5,27.8,CL_MINOR,567,5,,22.06,0,Inland,Low,1,Culvert
5010,54.9620784557041,-6.74873021034243,Road_River,19649,5195,22,5,27.4,CL_MINOR,567,5,,21.26,0,Inland,High,4,Bespoke_Viaduct
5011,55.0052515036016,-6.66611932695439,Road_River,19650,745,1.2,5,8.2,CL_MINOR,772,5,,18.79,0,Inland,Low,1,Culvert
5012,54.9900679307154,-6.6416404983317,Road_River,19652,5054,4.7,5,12.1,CL_MINOR,586,5,,20.81,0,Inland,Low,1,RC_Slab
5013,54.9980792426431,-6.65519509364827,Road_River,19653,5058,1.2,5,6.8,CL_MINOR,586,5,,19.73,0,Inland,Low,1,Culvert
5014,54.9866676269122,-6.64872891635704,Road_River,19654,5056,10.7,5,5.09999999999999,CL_MINOR,586,5,,21.05,0,Inland,Low,2,RC_Slab
5015,54.9875190451659,-6.66939367650316,Road_River,19655,4932,2.8,5,31.6,CL_MINOR,772,5,,20.64,0,Inland,Low,1,Masonry_Arch
5016,54.9871627558832,-6.64001074501861,Road_River,19656,4928,1.7,5,20,CL_MINOR,586,5,,21.15,0,Inland,Low,1,Culvert
5017,54.9697020542182,-6.67073646348599,Road_River,19661,5315,3,5,46.1,CL_MINOR,772,5,,22.5,0,Inland,Low,1,Masonry_Arch
5018,54.9703208617104,-6.6718611782102,Road_River,19661,5316,2.5,5,20.8,CL_MINOR,772,5,,22.42,0,Inland,Low,1,Masonry_Arch
5019,54.961766354714,-6.65690130966003,Road_River,19664,5189,2.3,5,11.9,CL_MINOR,548,5,,23.61,0,Inland,Low,1,Masonry_Arch
5020,54.9568733900216,-6.64391461799865,Road_River,19665,5311,2.6,5,6.09999999999999,CL_MINOR,548,5,,24.34,0,Inland,Low,1,Masonry_Arch
5021,54.9439852759648,-6.73055763106176,Road_River,19669,5322,1.3,5,17.9,CL_MINOR,418,5,,23.39,0,Inland,Low,1,Culvert
5022,54.9277437362289,-6.71745771133776,Road_River,19669,5446,2.6,5,36.5,CL_MINOR,418,5,,25.12,0,Inland,Low,1,Masonry_Arch
5023,54.9427735925367,-6.72899309223274,Road_River,19669,5448,1.5,5,10.6,CL_MINOR,418,5,,23.55,0,Inland,Low,1,Culvert
5024,54.9219833259206,-6.69929733740182,Road_River,19671,5445,1.5,5,23,CL_MINOR,548,5,,26.45,0,Inland,Low,1,Culvert
5025,54.926519056289,-6.66755280820105,Road_River,19674,5527,3.4,5,7.40000000000001,CL_MINOR,623,5,,27.19,0,Inland,Low,1,Masonry_Arch
5026,54.934891114903,-6.64409466720662,Road_River,19677,5436,2.2,5,28.6,CL_MINOR,548,5,,26.7,0,Inland,Low,1,Masonry_Arch
5027,54.9147478733397,-6.64257331491503,Road_River,19680,5524,1.6,5,19.4,CL_MINOR,753,5,,28.87,0,Inland,Low,1,Culvert
5028,54.9149858845171,-6.69284990904396,Road_River,19681,5438,12.5,5,17.2,CL_MINOR,623,5,,27.22,0,Inland,Low,3,Masonry_Arch
5029,54.9057596119712,-6.69056879489815,Road_River,19682,5528,1.1,5,3.2,CL_MINOR,623,5,,27.92,0,Inland,Low,1,Culvert
5030,54.9138410147432,-6.65839030951014,Road_River,19683,5527,4.5,5,34.5,CL_MINOR,753,5,,28.7,0,Inland,Low,1,Masonry_Arch
5031,54.911231088551,-6.65815459163255,Road_River,19685,5527,2,5,7.90000000000001,CL_MINOR,753,5,,28.98,0,Inland,Low,1,Masonry_Arch
5032,54.9070462080095,-6.65758861905049,Road_River,19686,5527,3.1,5,26.8,CL_MINOR,753,5,,29.44,0,Inland,Low,1,Masonry_Arch
5033,54.9039157951335,-6.64956646919947,Road_River,19686,5621,2.7,5,27.8,CL_MINOR,753,5,,29.91,0,Inland,Low,1,Masonry_Arch
5034,54.8894153949128,-6.65294172618011,Road_River,19687,5619,7.2,5,17.1,CL_MINOR,809,5,,30.95,0,Inland,Low,2,Masonry_Arch
5035,54.9100319541941,-6.6805120005439,Road_River,19691,5528,1.1,5,18.8,CL_MINOR,623,5,,28.19,0,Inland,Low,1,Culvert
5036,54.8343064531204,-6.49156046646073,Road_River,19692,5932,2.8,5,46.8,CL_MINOR,697,5,,36.34,0,Inland,Low,1,Masonry_Arch
5037,54.8319411704316,-6.5297871242433,Road_River,19693,5934,1.7,5,36.9,CL_MINOR,530,5,,38.67,0,Inland,Low,1,Culvert
5038,54.8521263288048,-6.49708659942676,Road_River,19696,851,1.7,5,46.4,CL_MINOR,697,5,,35.8,0,Inland,Low,1,Culvert
5039,54.8498467359552,-6.49596407589114,Road_River,19696,854,2.2,5,15,CL_MINOR,697,5,,35.84,0,Inland,Low,1,Masonry_Arch
5040,54.8698661989826,-6.44509758411241,Road_River,19697,5692,3.1,5,54.7,CL_MINOR,884,5,,31.94,0,Inland,Low,1,Masonry_Arch
5041,54.8724675386168,-6.52240709598681,Road_River,19699,5696,1.2,5,1.90000000000001,CL_MINOR,548,5,,35.65,0,Inland,Low,1,Culvert
5042,54.8701654395826,-6.52387752995722,Road_River,19701,5695,16.4,5,48.6,CL_MINOR,548,5,,35.85,0,Inland,High,3,RC_Slab
5043,54.8721172267656,-6.5107068113734,Road_River,19702,5701,13,5,14,CL_MINOR,641,5,,35.77,0,Inland,High,3,Masonry_Arch
5044,54.8803520145998,-6.44591718671714,Road_River,19703,5596,2.6,5,42.3,CL_MINOR,884,5,,31.54,0,Inland,Medium,1,Masonry_Arch
5045,54.8862333342949,-6.57855856701834,Road_River,19707,5614,1.5,5,16.6,CL_MINOR,567,5,,33.01,0,Inland,Low,1,Culvert
5046,54.8863817795901,-6.56677828039458,Road_River,19708,5613,2.8,5,22.2,CL_MINOR,548,5,,33.22,0,Inland,Low,1,Masonry_Arch
5047,54.8858598688296,-6.61485265786354,Road_River,19710,5615,3.3,5,17.8,CL_MINOR,660,5,,32.45,0,Inland,Low,1,Masonry_Arch
5048,54.8816362469063,-6.58928804891447,Road_River,19712,5612,1.5,5,29.2,CL_MINOR,660,5,,33.31,0,Inland,Low,1,Culvert
5049,54.8778692722198,-6.57898670345335,Road_River,19715,5610,16.9,5,4.2,CL_MINOR,567,5,,33.89,0,Inland,High,3,RC_Slab
5050,54.8722554487307,-6.63454091972861,Road_River,19722,5714,16.9,5,56.4,CL_MINOR,809,5,,33.04,0,Inland,Medium,3,RC_Slab
5051,54.8797220213515,-6.6356479270867,Road_River,19723,5617,11.1,5,40.7,CL_MINOR,809,5,,32.49,0,Inland,Medium,2,RC_Slab
5052,54.8732595176584,-6.60534423364355,Road_River,19724,5711,11.9,5,42,CL_MINOR,660,5,,33.95,0,Inland,Medium,2,RC_Slab
5053,54.8660138627334,-6.61699326884246,Road_River,19725,5714,11.2,5,13.7,CL_MINOR,660,5,,34.36,0,Inland,Low,2,RC_Slab
5054,54.8604363867766,-6.61448503960712,Road_River,19732,5786,2.7,5,5.40000000000001,CL_MINOR,660,5,,34.86,0,Inland,Low,1,Masonry_Arch
5055,54.8640970955513,-6.58958179310091,Road_River,19735,5709,3.3,5,46.6,CL_MINOR,660,5,,35.18,0,Inland,Low,1,Masonry_Arch
5056,54.8604351896506,-6.60061719651726,Road_River,19735,5785,1.5,5,35.6,CL_MINOR,660,5,,35.4,0,Inland,Low,1,Culvert
5057,54.8616137748249,-6.56519947091795,Road_River,19736,5784,1,5,10.5,CL_MINOR,567,5,,35.87,0,Inland,Low,1,Culvert
5058,54.8529176652189,-6.63166663394468,Road_River,19738,5789,4.3,5,54.1,CL_MINOR,697,5,,34.51,0,Inland,Medium,1,Masonry_Arch
5059,54.8543929591301,-6.6151967041925,Road_River,19738,5935,2.4,5,1.7,CL_MINOR,697,5,,35.24,0,Inland,Low,1,Masonry_Arch
5060,54.8619922366393,-6.5864116880398,Road_River,19740,5709,2.3,5,46.7,CL_MINOR,660,5,,35.46,0,Inland,Low,1,Masonry_Arch
5061,54.9949751854094,-6.60867476269117,Road_River,19744,5048,2.7,5,3,CL_MINOR,790,5,,20.96,0,Inland,Low,1,Masonry_Arch
5062,55.0134685210473,-6.56843236669397,Road_River,19745,4903,2,5,13.6,CL_MINOR,455,5,,20.24,0,Inland,Low,1,Masonry_Arch
5063,55.0121202650454,-6.57010108174828,Road_River,19745,4904,1.5,5,11.7,CL_MINOR,455,5,,20.32,0,Inland,Low,1,Culvert
5064,55.0080184943899,-6.50972600094457,Road_River,19746,4899,2.6,5,9.5,CL_MINOR,492,5,,22.76,0,Inland,Low,1,Masonry_Arch
5065,55.0057780772353,-6.52070375722419,Road_River,19746,5032,4.2,5,7.3,CL_MINOR,492,5,,22.65,0,Inland,Low,1,Masonry_Arch
5066,54.9993657378542,-6.5404646439006,Road_River,19746,5042,2.4,5,1.59999999999999,CL_MINOR,492,5,,22.52,0,Inland,Low,1,Masonry_Arch
5067,54.9985757442513,-6.56309386801509,Road_River,19747,4902,1.4,5,19.4,CL_MINOR,641,5,,21.85,0,Inland,Low,1,Culvert
5068,54.9939362187775,-6.61390204093963,Road_River,19748,5049,3.3,5,43.9,CL_MINOR,567,5,,20.95,0,Inland,Medium,1,Masonry_Arch
5069,55.0032384893072,-6.62241140861036,Road_River,19749,739,2.4,5,15.2,CL_MINOR,790,5,,19.79,0,Inland,Low,1,Masonry_Arch
5070,55.0002982124857,-6.62348439781502,Road_River,19749,5053,11,5,29.3,CL_MINOR,790,5,,20.07,0,Inland,Low,1,Bespoke_Viaduct
5071,54.9974394886307,-6.62757777336246,Road_River,19750,5053,8.3,5,16.5,CL_MINOR,586,5,,20.29,0,Inland,Low,1,RC_Slab
5072,54.9958550152829,-6.56881088800658,Road_River,19751,4902,2.6,5,2.7,CL_MINOR,641,5,,21.94,0,Inland,Low,1,Masonry_Arch
5073,54.993228633703,-6.55602290802175,Road_River,19753,5039,1.9,5,19.2,CL_MINOR,641,5,,22.59,0,Inland,Low,1,Masonry_Arch
5074,54.9879800279893,-6.61664691586538,Road_River,19754,5049,12.3,5,68.7,CL_MINOR,586,5,,21.51,0,Inland,Medium,3,Masonry_Arch
5075,54.987841024606,-6.62397139719037,Road_River,19754,5052,1.8,5,5.90000000000001,CL_MINOR,586,5,,21.37,0,Inland,Low,1,Culvert
5076,54.9884012638496,-6.60578162492791,Road_River,19756,9868,3,5,5.3,CL_MINOR,567,5,,21.71,0,Inland,Low,1,Masonry_Arch
5077,54.9836774938012,-6.5486112061686,Road_River,19758,4916,4.6,5,33.2,CL_MINOR,641,5,,23.75,0,Inland,Low,1,RC_Slab
5078,54.9854687562928,-6.55799452614672,Road_River,19758,5040,2.7,5,3.09999999999999,CL_MINOR,641,5,,23.29,0,Inland,Low,1,Masonry_Arch
5079,54.9793814649564,-6.60212322871945,Road_River,19760,9868,3.7,5,39.5,CL_MINOR,567,5,,22.73,0,Inland,Low,1,Masonry_Arch
5080,54.9700697685471,-6.63791526409866,Road_River,19765,4925,1.5,5,42.5,CL_MINOR,586,5,,23.01,0,Inland,Low,1,Culvert
5081,54.9735030797517,-6.64183689289688,Road_River,19765,4926,5.3,5,44.2,CL_MINOR,586,5,,22.58,0,Inland,Medium,1,RC_Slab
5082,54.9797321881902,-6.65317614802892,Road_River,19765,4927,2,5,16.3,CL_MINOR,586,5,,21.74,0,Inland,Low,1,Masonry_Arch
5083,54.9917539135643,-6.62867263927285,Road_River,19766,5052,2.3,5,26.4,CL_MINOR,586,5,,20.87,0,Inland,Low,1,Masonry_Arch
5084,54.9573074073244,-6.62311379515108,Road_River,19769,5185,2.5,5,22.7,CL_MINOR,548,5,,24.63,0,Inland,Low,1,Masonry_Arch
5085,54.9573833690442,-6.63231995449019,Road_River,19769,5188,2.2,5,10.7,CL_MINOR,548,5,,24.47,0,Inland,Low,1,Masonry_Arch
5086,54.9698620290768,-6.59934224256319,Road_River,19771,9869,2.5,5,8.59999999999999,CL_MINOR,567,5,,23.78,0,Inland,Low,1,Masonry_Arch
5087,54.9662954554863,-6.62358699473739,Road_River,19773,4923,4.3,5,13.5,CL_MINOR,567,5,,23.66,0,Inland,Low,1,Masonry_Arch
5088,54.9402711366656,-6.54793411013769,Road_River,19782,5299,1.5,5,18.2,CL_MINOR,567,5,,28.08,0,Inland,Low,1,Culvert
5089,54.9968834203236,-6.50505399992266,Road_River,19783,5032,7.4,5,60.1,CL_MINOR,567,5,,24.03,0,Inland,Medium,1,RC_Slab
5090,54.9956936160081,-6.54060911905211,Road_River,19786,5036,2.6,5,14.3,CL_MINOR,548,5,,22.86,0,Inland,Low,1,Masonry_Arch
5091,54.9910004367582,-6.50931366239074,Road_River,19788,5035,1.4,5,10.7,CL_MINOR,567,5,,24.41,0,Inland,Low,1,Culvert
5092,54.9952760075689,-6.47819202331173,Road_River,19789,5029,1.2,5,6.2,CL_MINOR,455,5,,24.66,0,Inland,Low,1,Culvert
5093,54.976139370971,-6.46557629335246,Road_River,19791,5074,2.1,5,10,CL_MINOR,455,5,,26.93,0,Inland,Low,1,Masonry_Arch
5094,54.9772834546627,-6.46850814448248,Road_River,19791,5079,2.8,5,48.1,CL_MINOR,455,5,,26.75,0,Inland,Low,1,Masonry_Arch
5095,54.9812552135801,-6.54197765205109,Road_River,19792,4913,9.8,5,66.1,CL_MINOR,548,5,,24.19,0,Inland,Medium,2,RC_Slab
5096,54.9829022100756,-6.54450424463513,Road_River,19792,4914,1.4,5,7.8,CL_MINOR,548,5,,23.95,0,Inland,Low,1,Culvert
5097,54.9825667686634,-6.53216450556994,Road_River,19795,4912,1.2,5,6.5,CL_MINOR,548,5,,24.39,0,Inland,Low,1,Culvert
5098,54.9727680011839,-6.47249328094206,Road_River,19796,5075,1.7,5,12.9,CL_MINOR,455,5,,27.16,0,Inland,Low,1,Culvert
5099,54.971631078329,-6.48750674924138,Road_River,19796,5077,1.8,5,10.6,CL_MINOR,455,5,,26.97,0,Inland,Low,1,Culvert
5100,54.9734463309698,-6.45870957969697,Road_River,19798,5075,2.3,5,6.5,CL_MINOR,455,5,,27.35,0,Inland,Low,1,Masonry_Arch
5101,54.959421179737,-6.48528915432321,Road_River,19802,5178,1.2,5,17,CL_MINOR,753,5,,28.17,0,Inland,Low,1,Culvert
5102,54.9475255276419,-6.47604091919221,Road_River,19808,5177,1.3,5,40.3,CL_MINOR,530,5,,29.61,0,Inland,Low,1,Culvert
5103,54.9531386667566,-6.63994530985398,Road_River,19810,5187,2.4,5,30.5,CL_MINOR,548,5,,24.81,0,Inland,Low,1,Masonry_Arch
5104,54.9444132119077,-6.63355423343373,Road_River,19810,5313,1.3,5,40.6,CL_MINOR,548,5,,25.84,0,Inland,Low,1,Culvert
5105,54.9275947736294,-6.60881769967378,Road_River,19817,5434,2.4,5,36.8,CL_MINOR,679,5,,28.05,0,Inland,Low,1,Masonry_Arch
5106,54.9302368934591,-6.59342370317956,Road_River,19819,5428,2.4,5,26.5,CL_MINOR,679,5,,28.06,0,Inland,Low,1,Masonry_Arch
5107,54.9285833098686,-6.60121970084155,Road_River,19819,5431,3.9,5,38.4,CL_MINOR,679,5,,28.09,0,Inland,Low,1,Masonry_Arch
5108,54.9272093198869,-6.58841243762736,Road_River,19822,5428,4,5,61.7,CL_MINOR,679,5,,28.48,0,Inland,Low,1,Masonry_Arch
5109,54.9265481835739,-6.59743326182591,Road_River,19822,5429,11.2,5,20.5,CL_MINOR,679,5,,28.37,0,Inland,Low,2,RC_Slab
5110,54.9250222300721,-6.60175252581584,Road_River,19823,5432,3.5,5,48,CL_MINOR,679,5,,28.46,0,Inland,Low,1,Masonry_Arch
5111,54.9225609160467,-6.61176458358215,Road_River,19823,5433,1.9,5,21.6,CL_MINOR,679,5,,28.54,0,Inland,Low,1,Masonry_Arch
5112,54.9252141427557,-6.60158597317651,Road_River,19825,5432,2.1,5,47.9,CL_MINOR,679,5,,28.44,0,Inland,Low,1,Masonry_Arch
5113,54.9255263090435,-6.60173807626439,Road_River,19825,5435,1.9,5,4.90000000000001,CL_MINOR,679,5,,28.4,0,Inland,Low,1,Masonry_Arch
5114,54.9248999855082,-6.55253816734302,Road_River,19827,5421,11.1,5,2.8,CL_MINOR,511,5,,29.53,0,Inland,Low,1,Bespoke_Viaduct
5115,54.9188792668909,-6.57095983414716,Road_River,19828,5424,16.2,5,43.5,CL_MINOR,530,5,,29.72,0,Inland,Medium,3,RC_Slab
5116,54.9255571212683,-6.57260666021018,Road_River,19828,5425,4.4,5,13.4,CL_MINOR,530,5,,28.99,0,Inland,Low,1,Masonry_Arch
5117,54.9297649555259,-6.57583990529685,Road_River,19828,5425,4.4,5,39.3,CL_MINOR,530,5,,28.48,0,Inland,Low,1,Masonry_Arch
5118,54.9058316812083,-6.61273657346125,Road_River,19829,5522,1.3,5,36.3,CL_MINOR,679,5,,30.32,0,Inland,Low,1,Culvert
5119,54.912388004052,-6.59473333169968,Road_River,19831,5521,1.7,5,1.3,CL_MINOR,679,5,,29.93,0,Inland,Low,1,Culvert
5120,54.9168500381877,-6.57913766375134,Road_River,19833,5423,5.9,5,21.2,CL_MINOR,530,5,,29.76,0,Inland,Low,1,RC_Slab
5121,54.8940289123854,-6.56107991704864,Road_River,19836,5613,1.2,5,38.9,CL_MINOR,530,5,,32.54,0,Inland,Low,1,Culvert
5122,54.8969762033281,-6.62566269349385,Road_River,19840,5524,2.5,5,26.4,CL_MINOR,753,5,,31.07,0,Inland,Low,1,Masonry_Arch
5123,54.9449922192509,-6.51498036470366,Road_River,19849,5296,2,5,16.6,CL_MINOR,753,5,,28.56,0,Inland,Low,1,Masonry_Arch
5124,54.9289219998173,-6.49054601477981,Road_River,19850,5417,4,5,31.5,CL_MINOR,492,5,,30.88,0,Inland,Low,1,Masonry_Arch
5125,54.9315333211014,-6.44721463362055,Road_River,19851,5292,2.7,5,30.7,CL_MINOR,530,5,,28.94,0,Inland,Low,1,Masonry_Arch
5126,54.9308009083171,-6.45866894250339,Road_River,19851,5409,2,5,15.3,CL_MINOR,530,5,,29.63,0,Inland,Low,1,Masonry_Arch
5127,54.9329449525288,-6.4638168238449,Road_River,19852,5293,2.7,5,7.59999999999999,CL_MINOR,530,5,,29.8,0,Inland,Low,1,Masonry_Arch
5128,54.9390886056208,-6.46999717173742,Road_River,19852,5295,2.4,5,4.90000000000001,CL_MINOR,530,5,,29.83,0,Inland,Low,1,Masonry_Arch
5129,54.917903940874,-6.54414994052752,Road_River,19856,5421,6.8,5,18.9,CL_MINOR,511,5,,30.45,0,Inland,Low,2,Masonry_Arch
5130,54.9127427950932,-6.5330014075609,Road_River,19857,5416,1.5,5,1.8,CL_MINOR,511,5,,31.26,0,Inland,Low,1,Culvert
5131,54.9114909110969,-6.53601475679139,Road_River,19861,5421,10.3,5,4.09999999999999,CL_MINOR,511,5,,31.31,0,Inland,Low,2,RC_Slab
5132,54.9205011225825,-6.49290754549188,Road_River,19862,5411,2.2,5,33.4,CL_MINOR,492,5,,31.63,0,Inland,Low,1,Masonry_Arch
5133,54.9187778718668,-6.4929758383668,Road_River,19862,5412,1.9,5,44.1,CL_MINOR,492,5,,31.79,0,Inland,Low,1,Masonry_Arch
5134,54.9263935214316,-6.49351537074544,Road_River,19862,5417,3.7,5,4.90000000000001,CL_MINOR,492,5,,31.03,0,Inland,Low,1,Masonry_Arch
5135,54.9151978232499,-6.49276012005855,Road_River,19862,5507,1.8,5,48.8,CL_MINOR,492,5,,32.15,0,Inland,Low,1,Culvert
5136,54.904544317049,-6.49226171780019,Road_River,19863,5512,4.4,5,14.4,CL_MINOR,492,5,,32.98,0,Inland,Low,1,Masonry_Arch
5137,54.8891236132634,-6.48711196066005,Road_River,19863,5600,5.8,5,0.400000000000006,CL_MINOR,492,5,,33.65,0,Inland,Low,1,RC_Slab
5138,54.9122444826523,-6.46084706060334,Road_River,19864,5507,1.2,5,29.9,CL_MINOR,697,5,,30.81,0,Inland,Low,1,Culvert
5139,54.8952720727059,-6.53151066459902,Road_River,19866,5609,1,5,9.90000000000001,CL_MINOR,548,5,,33.08,0,Inland,Low,1,Culvert
5140,54.8976485404089,-6.45873505242831,Road_River,19867,5508,10.2,5,5.90000000000001,CL_MINOR,697,5,,31.61,0,Inland,Low,1,Bespoke_Viaduct
5141,54.9027883209287,-6.4695387395092,Road_River,19867,5509,2.7,5,26.8,CL_MINOR,697,5,,31.86,0,Inland,Low,1,Masonry_Arch
5142,54.8862734893736,-6.50975796684856,Road_River,19871,5606,2.2,5,1.2,CL_MINOR,641,5,,34.55,0,Inland,Low,1,Masonry_Arch
5143,54.8908750395121,-6.4761279252934,Road_River,19872,5596,4.9,5,39.5,CL_MINOR,641,5,,32.96,0,Inland,Low,1,RC_Slab
5144,54.8905623163889,-6.48147805190651,Road_River,19872,5600,12.5,5,20.7,CL_MINOR,641,5,,33.26,0,Inland,Low,3,Masonry_Arch
5145,54.8886907256803,-6.44616724067096,Road_River,19874,5595,2.9,5,1,CL_MINOR,884,5,,31.23,0,Inland,Low,1,Masonry_Arch
5146,54.885723236958,-6.45566079203763,Road_River,19875,5596,5.6,5,46.6,CL_MINOR,884,5,,31.91,0,Inland,Medium,1,RC_Slab
5147,54.9843597922248,-6.66500356092715,Road_River,19876,4932,3.2,5,30.4,CL_MINOR,772,5,,21.06,0,Inland,Low,1,Masonry_Arch
5148,54.9858160387756,-6.64861579906085,Road_River,19878,4926,4.8,5,25.1,CL_MINOR,586,5,,21.15,0,Inland,Low,1,RC_Slab
5149,54.9857126202667,-6.64919836946335,Road_River,19878,4930,2.2,5,45.9,CL_MINOR,586,5,,21.15,0,Inland,Medium,1,Masonry_Arch
5150,54.9239424471452,-6.69456001671349,Road_River,19881,5444,2.7,5,3.2,CL_MINOR,623,5,,26.59,0,Inland,Low,1,Masonry_Arch
5151,54.877056695048,-6.48062653012973,Road_River,19883,5598,2,5,12.4,CL_MINOR,641,5,,33.76,0,Inland,Low,1,Masonry_Arch
5152,54.8802634893594,-6.48324393146825,Road_River,19883,5599,2.5,5,3.40000000000001,CL_MINOR,641,5,,33.79,0,Inland,Low,1,Masonry_Arch
5153,55.193869479552,-6.50377128817181,Road_River,19887,10080,3.2,5,0.299999999999997,CL_MINOR,660,5,,3.42,0,Coastal,Low,1,Masonry_Arch
5154,55.1889344858392,-6.70838478729683,Road_River,19890,11260,1.5,5,14,CL_MINOR,641,5,,0.18,0,Marine,Low,1,Culvert
5155,55.1967475069586,-6.65649093230456,Road_River,19891,11255,5.3,5,6.90000000000001,CL_MINOR,1014,5,,0.28,0,Marine,Low,1,RC_Slab
5156,55.1923564734704,-6.65752240726072,Road_River,19897,10098,3.6,5,13.4,CL_MINOR,1014,5,,0.71,0,Marine,Low,1,Masonry_Arch
5157,55.194884439231,-6.65706651173751,Road_River,19897,11255,36.6,5,75,CL_MINOR,1014,5,,0.45,0,Marine,High,2,Bespoke_Viaduct
5158,55.1868859268161,-6.65048818484391,Road_River,19898,10098,3.9,5,1.7,CL_MINOR,1014,5,,1.43,0,Coastal,Low,1,Masonry_Arch
5159,55.1898269132497,-6.62186791876511,Road_River,19901,10095,1.5,5,1.3,CL_MINOR,567,5,,1.89,0,Coastal,Low,1,Culvert
5160,55.1765713709213,-6.59481214965433,Road_River,19909,10212,1.5,5,24.7,CL_MINOR,530,5,,3.31,0,Coastal,Low,1,Culvert
5161,55.1547881523109,-6.72836212138521,Road_River,19917,9901,2.8,5,25.4,CL_MINOR,474,5,,1.76,0,Coastal,Low,1,Masonry_Arch
5162,55.1541459346403,-6.6871064387769,Road_River,19918,9900,2.5,5,54.1,CL_MINOR,1014,5,,3.18,0,Coastal,Low,1,Masonry_Arch
5163,55.1575493211733,-6.6790862079622,Road_River,19920,9900,2.6,5,3.2,CL_MINOR,1014,5,,3.4,0,Coastal,Low,1,Masonry_Arch
5164,55.1509160035938,-6.72063119340884,Road_River,19921,9886,3,5,41,CL_MINOR,697,5,,2.24,0,Coastal,Low,1,Masonry_Arch
5165,55.1384222476223,-6.73398446487358,Road_River,19923,4444,1.4,5,8.09999999999999,CL_MINOR,641,5,,3.49,0,Coastal,Low,1,Culvert
5166,55.1315645030377,-6.71083552796826,Road_River,19926,4442,3.7,5,27,CL_MINOR,641,5,,4.48,0,Coastal,Low,1,Masonry_Arch
5167,55.1401234648979,-6.75887816392568,Road_River,19927,4448,4,5,19.2,CL_MINOR,660,5,,2.76,0,Coastal,Low,1,Masonry_Arch
5168,55.1524483678295,-6.66119118524069,Road_River,19928,4425,7,5,55,CL_MINOR,697,5,,4.68,0,Coastal,Medium,1,RC_Slab
5169,55.1519060043907,-6.65997133584448,Road_River,19928,4425,16.3,5,75,CL_MINOR,697,5,,4.78,0,Coastal,Medium,3,RC_Slab
5170,55.1640909547905,-6.66675854127882,Road_River,19940,4422,3.3,5,11.1,CL_MINOR,1014,5,,3.73,0,Coastal,Low,1,Masonry_Arch
5171,55.169672002493,-6.64904793120065,Road_River,19941,4412,1.1,5,20.8,CL_MINOR,697,5,,3.28,0,Coastal,Low,1,Culvert
5172,55.1714714660525,-6.65830970966454,Road_River,19941,4413,1.5,5,30.6,CL_MINOR,697,5,,3,0,Coastal,Low,1,Culvert
5173,55.1497806821201,-6.64751003325912,Road_River,19942,4425,4.6,5,25.7,CL_MINOR,697,5,,5.47,0,Coastal,Low,1,RC_Slab
5174,55.1596242621061,-6.67120168770307,Road_River,19944,4424,2.7,5,1.8,CL_MINOR,1014,5,,3.74,0,Coastal,Low,1,Masonry_Arch
5175,55.142170579019,-6.60494866099563,Road_River,19949,4431,3.5,5,5.7,CL_MINOR,530,5,,7.03,0,Inland,Low,1,Masonry_Arch
5176,55.1432607414177,-6.60179793947213,Road_River,19949,4431,5.6,5,46.2,CL_MINOR,530,5,,6.92,0,Inland,Medium,1,RC_Slab
5177,55.1251477580395,-6.63807347369756,Road_River,19952,4467,8.2,5,43.1,CL_MINOR,1014,5,,7.66,0,Inland,Medium,2,Masonry_Arch
5178,55.120354350306,-6.63201593421304,Road_River,19953,4464,1.9,5,12.3,CL_MINOR,1014,5,,8.31,0,Inland,Low,1,Masonry_Arch
5179,55.1210231531189,-6.6312121855249,Road_River,19953,4465,1.3,5,0.400000000000006,CL_MINOR,1014,5,,8.3,0,Inland,Low,1,Culvert
5180,55.1211143501833,-6.62668060681948,Road_River,19954,4465,0.9,5,0.200000000000003,CL_MINOR,1014,5,,8.51,0,Inland,Low,1,Culvert
5181,55.135887961197,-6.60374885224597,Road_River,19958,4430,5.7,5,66.3,CL_MINOR,567,5,,7.73,0,Inland,Low,1,RC_Slab
5182,55.1254041448748,-6.6025153278194,Road_River,19958,4461,1,5,11.2,CL_MINOR,567,5,,8.9,0,Inland,Low,1,Culvert
5183,55.1277139456102,-6.60284348689791,Road_River,19958,4462,2.1,5,41.3,CL_MINOR,567,5,,8.64,0,Inland,Low,1,Masonry_Arch
5184,55.1134524075375,-6.59293693323779,Road_River,19959,4497,3.2,5,45.6,CL_MINOR,567,5,,10.27,0,Inland,Medium,1,Masonry_Arch
5185,55.1188313561944,-6.60739739484073,Road_River,19960,4460,2.1,5,4.8,CL_MINOR,567,5,,9.48,0,Inland,Low,1,Masonry_Arch
5186,55.1188012168137,-6.62079416209768,Road_River,19960,4464,2.4,5,29.4,CL_MINOR,567,5,,8.97,0,Inland,Low,1,Masonry_Arch
5187,55.1327557676283,-6.6669663777451,Road_River,19968,9877,12.7,5,27.1,CL_MINOR,1014,5,,5.74,0,Inland,Low,3,Masonry_Arch
5188,55.1424384985475,-6.60529045803272,Road_River,19970,4431,4.1,5,68.4,CL_MINOR,530,5,,7,0,Inland,Medium,1,Masonry_Arch
5189,55.1903634149216,-6.62795653706842,Road_River,19971,11254,4,5,18.8,CL_MINOR,1014,5,,1.85,0,Coastal,Low,1,Masonry_Arch
5190,55.1866021187561,-6.66297691354148,Road_River,19973,10099,4.2,5,20.9,CL_MINOR,530,5,,1.32,0,Coastal,Low,1,Masonry_Arch
5191,55.1186333586093,-6.5816226793386,Road_River,19980,4458,3.2,5,36.9,CL_MINOR,772,5,,9.79,0,Inland,Low,1,Masonry_Arch
5192,55.1132214155129,-6.59106701540062,Road_River,19980,4497,4.5,5,13.4,CL_MINOR,772,5,,10.3,0,Inland,Low,1,Masonry_Arch
5193,55.1397387175274,-6.55724538421669,Road_River,19981,10360,1.9,5,6.2,CL_MINOR,772,5,,7.84,0,Inland,Low,1,Masonry_Arch
5194,55.1708651684848,-6.57826477019266,Road_River,19983,10212,2.1,5,31.1,CL_MINOR,790,5,,4.15,0,Coastal,Low,1,Masonry_Arch
5195,55.110662476088,-6.43958223444761,Road_River,19986,10588,25.3,5,20,CL_MINOR,716,5,,13.49,0,Inland,High,5,Bespoke_Viaduct
5196,55.064977741646,-6.46675834810968,Road_River,19988,4615,4.2,5,60.9,CL_MINOR,623,5,,17.51,0,Inland,Low,1,Masonry_Arch
5197,55.0764885427619,-6.43380637011014,Road_River,19989,4610,3.6,5,43.1,CL_MINOR,735,5,,17.08,0,Inland,Low,1,Masonry_Arch
5198,55.072724587608,-6.43560192922533,Road_River,19989,4610,2.8,5,20.6,CL_MINOR,735,5,,17.41,0,Inland,Low,1,Masonry_Arch
5199,55.0879349618652,-6.4549603780267,Road_River,19990,4541,3.1,5,30.9,CL_MINOR,604,5,,15.37,0,Inland,Low,1,Masonry_Arch
5200,55.08590925747,-6.45415973870719,Road_River,19990,4542,8,5,55.4,CL_MINOR,604,5,,15.6,0,Inland,Medium,2,Masonry_Arch
5201,55.0902072621779,-6.45623517154451,Road_River,19990,4543,3,5,55.3,CL_MINOR,604,5,,15.1,0,Inland,Low,1,Masonry_Arch
5202,55.0848078528819,-6.45418864294877,Road_River,19990,4544,1.8,5,35.6,CL_MINOR,604,5,,15.71,0,Inland,Low,1,Culvert
5203,55.0792095117358,-6.45802954942818,Road_River,19990,4611,5.2,5,14.5,CL_MINOR,604,5,,16.2,0,Inland,Low,1,RC_Slab
5204,55.0929383045166,-6.45684653486575,Road_River,19993,4543,1.2,5,20.7,CL_MINOR,604,5,,14.81,0,Inland,Low,1,Culvert
5205,55.0956508997601,-6.4348345344686,Road_River,19996,4541,2.4,5,12.3,CL_MINOR,735,5,,15.12,0,Inland,Low,1,Masonry_Arch
5206,55.1093344273509,-6.46761503710218,Road_River,19997,10590,20.9,5,27.9,CL_MINOR,604,5,,12.86,0,Inland,High,4,Bespoke_Viaduct
5207,55.0642721883698,-6.51790742357574,Road_River,20003,4621,31,5,33.1,CL_MINOR,958,5,,16.59,0,Inland,High,6,Bespoke_Viaduct
5208,55.0636062499126,-6.51503937437663,Road_River,20003,4625,5.7,5,38.7,CL_MINOR,958,5,,16.71,0,Inland,Low,1,RC_Slab
5209,55.0636017838926,-6.51502014021896,Road_River,20003,4799,2.3,5,44.2,CL_MINOR,958,5,,16.71,0,Inland,Low,1,Masonry_Arch
5210,55.0819156024812,-6.54558962487007,Road_River,20012,4549,1.6,5,9.90000000000001,CL_MINOR,809,5,,14.25,0,Inland,Low,1,Culvert
5211,55.0848424462283,-6.56398263546219,Road_River,20013,9867,2.2,5,8.3,CL_MINOR,567,5,,13.68,0,Inland,Low,1,Masonry_Arch
5212,55.0797432853681,-6.58508879464904,Road_River,20015,4554,3.2,5,26.1,CL_MINOR,567,5,,13.64,0,Inland,Low,1,Masonry_Arch
5213,55.0791747778389,-6.57876043477073,Road_River,20015,4556,2.9,5,38.4,CL_MINOR,567,5,,13.97,0,Inland,Low,1,Masonry_Arch
5214,55.078374356435,-6.56528267903777,Road_River,20015,9866,2.9,5,8.8,CL_MINOR,567,5,,14.37,0,Inland,Low,1,Masonry_Arch
5215,55.0777086331541,-6.55575577252171,Road_River,20016,4549,1.8,5,17.3,CL_MINOR,809,5,,14.57,0,Inland,Low,1,Culvert
5216,55.0762790759945,-6.54868378994291,Road_River,20016,4549,1.4,5,0.799999999999997,CL_MINOR,809,5,,14.82,0,Inland,Low,1,Culvert
5217,55.0932091651913,-6.56383548396611,Road_River,20018,4552,1.4,5,36.2,CL_MINOR,567,5,,12.78,0,Inland,Low,1,Culvert
5218,55.123239422717,-6.46878080844069,Road_River,20025,10456,16.9,5,11.3,CL_MINOR,586,5,,11.43,0,Inland,High,3,RC_Slab
5219,55.1175161687649,-6.51385828229065,Road_River,20029,10460,18.5,5,11.1,CL_MINOR,492,5,,11.11,0,Inland,Medium,1,Bespoke_Viaduct
5220,55.1317569609001,-6.53814371424427,Road_River,20029,10462,1.5,5,6.7,CL_MINOR,492,5,,9.07,0,Inland,Low,1,Culvert
5221,55.1317931954554,-6.50174058747762,Road_River,20030,10358,2.1,5,1.2,CL_MINOR,530,5,,9.76,0,Inland,Low,1,Masonry_Arch
5222,55.159124359667,-6.46303489254172,Road_River,20032,10276,1.7,5,13.7,CL_MINOR,586,5,,8.08,0,Inland,Low,1,Culvert
5223,55.162716850704,-6.52256740414633,Road_River,20035,10277,43.2,5,40.6,CL_MINOR,604,5,,6.09,0,Inland,High,8,Bespoke_Viaduct
5224,55.1663048320316,-6.45145234415497,Road_River,20036,10198,2.5,5,18.3,CL_MINOR,586,5,,7.75,0,Inland,Low,1,Masonry_Arch
5225,55.1578334339675,-6.44574268845965,Road_River,20036,10274,4.8,5,60.5,CL_MINOR,586,5,,8.54,0,Inland,Low,1,RC_Slab
5226,55.1687891997359,-6.45660378625904,Road_River,20037,10196,4.7,5,37.6,CL_MINOR,586,5,,7.49,0,Inland,Low,1,RC_Slab
5227,55.16896533055,-6.45607861099385,Road_River,20037,10197,2.4,5,13.7,CL_MINOR,586,5,,7.5,0,Inland,Low,1,Masonry_Arch
5228,55.1662572155082,-6.46958188750368,Road_River,20039,10276,1.8,5,10.2,CL_MINOR,586,5,,7.19,0,Inland,Low,1,Culvert
5229,55.1728674977231,-6.45383380310702,Road_River,20042,10195,3.3,5,15.2,CL_MINOR,586,5,,7.13,0,Inland,Low,1,Masonry_Arch
5230,55.1102866155165,-6.56288348787987,Road_River,20053,4457,2.3,5,26.8,CL_MINOR,772,5,,10.94,0,Inland,Low,1,Masonry_Arch
5231,55.1049636538411,-6.5646027082714,Road_River,20053,4494,1.1,5,15.8,CL_MINOR,772,5,,11.49,0,Inland,Low,1,Culvert
5232,55.1172521415155,-6.55824857192708,Road_River,20053,10468,1.4,5,14,CL_MINOR,772,5,,10.24,0,Inland,Low,1,Culvert
5233,55.1541515813012,-6.561746639973,Road_River,20058,10360,3.4,5,6.59999999999999,CL_MINOR,790,5,,6.22,0,Inland,Low,1,Masonry_Arch
5234,55.1556802053788,-6.53944296799904,Road_River,20060,10279,1.5,5,6.40000000000001,CL_MINOR,604,5,,6.57,0,Inland,Low,1,Culvert
5235,55.1607652195223,-6.57858263885208,Road_River,20066,10280,2.5,5,21.7,CL_MINOR,790,5,,5.25,0,Coastal,Low,1,Masonry_Arch
5236,55.1739268904492,-6.55651763235764,Road_River,20067,10208,1.9,5,44.1,CL_MINOR,790,5,,4.28,0,Coastal,Low,1,Masonry_Arch
5237,55.175495298849,-6.55825448401682,Road_River,20067,10210,1,5,4.5,CL_MINOR,790,5,,4.07,0,Coastal,Low,1,Culvert
5238,55.1823715974528,-6.46625101513473,Road_River,20070,10201,2.1,5,47.6,CL_MINOR,492,5,,5.98,0,Inland,Low,1,Masonry_Arch
5239,55.186792686774,-6.45260674851812,Road_River,20073,10076,2.1,5,25.6,CL_MINOR,492,5,,5.65,0,Inland,Low,1,Masonry_Arch
5240,55.1896242222107,-6.43713543555285,Road_River,20073,10199,4.4,5,52.9,CL_MINOR,492,5,,5.01,0,Inland,Low,1,Masonry_Arch
5241,55.1848974199185,-6.49948683103487,Road_River,20074,10078,2.2,5,11.1,CL_MINOR,660,5,,4.4,0,Coastal,Low,1,Masonry_Arch
5242,55.1913001115131,-6.49802286966708,Road_River,20075,10079,2.2,5,0.700000000000003,CL_MINOR,660,5,,3.87,0,Coastal,Low,1,Masonry_Arch
5243,55.1911449489961,-6.53992808851433,Road_River,20076,10090,4,5,36.6,CL_MINOR,604,5,,2.77,0,Coastal,Low,1,Masonry_Arch
5244,55.1812602943801,-6.53228417725938,Road_River,20076,10091,1.9,5,1.5,CL_MINOR,604,5,,3.94,0,Coastal,Low,1,Masonry_Arch
5245,55.1741477701006,-6.52921540096116,Road_River,20076,10205,3.4,5,43.8,CL_MINOR,604,5,,4.76,0,Coastal,Low,1,Masonry_Arch
5246,55.1658775375197,-6.52696243607663,Road_River,20076,10206,1.7,5,15.9,CL_MINOR,604,5,,5.68,0,Coastal,Low,1,Culvert
5247,55.1901491003281,-6.57551927857945,Road_River,20079,11252,1.9,5,21.8,CL_MINOR,623,5,,2.16,0,Coastal,Low,1,Masonry_Arch
5248,55.0703851501736,-6.61514529950758,Road_River,20085,4641,1.8,5,44.1,CL_MINOR,660,5,,13.28,0,Inland,Low,1,Culvert
5249,55.1068834357398,-6.70956239377421,Road_River,20089,4519,2.6,5,28.3,CL_MINOR,735,5,,7.18,0,Inland,Low,1,Masonry_Arch
5250,55.0184016721787,-6.50797552672306,Road_River,20091,4897,2.2,5,31.6,CL_MINOR,660,5,,21.67,0,Inland,Low,1,Masonry_Arch
5251,55.0143094617572,-6.46249174657123,Road_River,20092,4896,1.6,5,14,CL_MINOR,437,5,,22.99,0,Inland,Low,1,Culvert
5252,55.0261405346728,-6.51346532563314,Road_River,20093,4801,2.6,5,33.4,CL_MINOR,492,5,,20.75,0,Inland,Low,1,Masonry_Arch
5253,55.0237918616924,-6.5243437650312,Road_River,20093,4897,1.1,5,11.2,CL_MINOR,492,5,,20.84,0,Inland,Low,1,Culvert
5254,55.0244236026825,-6.52106759863525,Road_River,20093,4897,1.9,5,62,CL_MINOR,492,5,,20.82,0,Inland,Low,1,Masonry_Arch
5255,55.0319586865283,-6.46780386115905,Road_River,20095,4797,2,5,7.8,CL_MINOR,437,5,,21.03,0,Inland,Low,1,Masonry_Arch
5256,55.0332057863591,-6.46346620605211,Road_River,20095,4894,2.3,5,25.3,CL_MINOR,437,5,,20.96,0,Inland,Low,1,Masonry_Arch
5257,55.0299042742693,-6.4795234136413,Road_River,20096,4798,2.7,5,43.8,CL_MINOR,660,5,,20.98,0,Inland,Low,1,Masonry_Arch
5258,55.0350390775253,-6.52554876749214,Road_River,20097,4807,4.5,5,21.3,CL_MINOR,492,5,,19.61,0,Inland,Low,1,Masonry_Arch
5259,55.0369919410158,-6.48213399162994,Road_River,20098,4799,2.1,5,14.6,CL_MINOR,958,5,,20.19,0,Inland,Low,1,Masonry_Arch
5260,55.0469945798201,-6.52289667167729,Road_River,20099,4685,1.8,5,3.3,CL_MINOR,660,5,,18.35,0,Inland,Low,1,Culvert
5261,55.0467983305926,-6.52507970854743,Road_River,20099,4800,2.7,5,31.4,CL_MINOR,660,5,,18.34,0,Inland,Low,1,Masonry_Arch
5262,55.0505855877043,-6.48651019717178,Road_River,20100,4797,1.1,5,20,CL_MINOR,958,5,,18.67,0,Inland,Low,1,Culvert
5263,55.0521723358473,-6.48028087779616,Road_River,20100,4894,2.2,5,7.40000000000001,CL_MINOR,958,5,,18.65,0,Inland,Low,1,Masonry_Arch
5264,55.048354093272,-6.50090803516411,Road_River,20101,4799,1.3,5,20.5,CL_MINOR,958,5,,18.6,0,Inland,Low,1,Culvert
5265,55.0475326643043,-6.5079493754685,Road_River,20102,4798,1.4,5,7,CL_MINOR,958,5,,18.55,0,Inland,Low,1,Culvert
5266,55.0201222621103,-6.56041680657163,Road_River,20103,4806,1.4,5,17.9,CL_MINOR,455,5,,19.89,0,Inland,Low,1,Culvert
5267,55.0218871860067,-6.54497648346208,Road_River,20103,4806,1.9,5,13.5,CL_MINOR,455,5,,20.28,0,Inland,Low,1,Masonry_Arch
5268,55.0217929085584,-6.54591055049565,Road_River,20103,4809,1.9,5,7,CL_MINOR,455,5,,20.25,0,Inland,Low,1,Masonry_Arch
5269,55.0225085560508,-6.53381904294965,Road_River,20105,4805,12.8,5,36.3,CL_MINOR,492,5,,20.65,0,Inland,Low,3,Masonry_Arch
5270,55.013365929085,-6.59058421549525,Road_River,20106,736,2.7,5,24.8,CL_MINOR,455,5,,19.57,0,Inland,Low,1,Masonry_Arch
5271,55.029946364316,-6.54494074751737,Road_River,20109,4805,17.4,5,53.6,CL_MINOR,492,5,,19.56,0,Inland,Medium,3,RC_Slab
5272,55.0226211218681,-6.54369792773649,Road_River,20109,4806,2.7,5,13,CL_MINOR,492,5,,20.26,0,Inland,Low,1,Masonry_Arch
5273,55.0279692596614,-6.60690605749987,Road_River,20111,4813,12.3,5,2.09999999999999,CL_MINOR,790,5,,17.65,0,Inland,High,3,Masonry_Arch
5274,55.0432036922186,-6.55992437665862,Road_River,20113,4696,2.6,5,12.5,CL_MINOR,455,5,,17.8,0,Inland,Low,1,Masonry_Arch
5275,55.0393587548317,-6.56094779951411,Road_River,20113,4805,4.4,5,5.8,CL_MINOR,455,5,,18.11,0,Inland,Low,1,Masonry_Arch
5276,55.0212147765321,-6.56759506558555,Road_River,20113,4806,1.4,5,17.8,CL_MINOR,455,5,,19.54,0,Inland,Low,1,Culvert
5277,55.0266464250089,-6.56532241946061,Road_River,20113,4809,0.9,5,15.1,CL_MINOR,455,5,,19.11,0,Inland,Low,1,Culvert
5278,55.0412664621063,-6.58270005679142,Road_River,20115,4697,41,5,2,CL_MINOR,623,5,,17.13,0,Inland,High,7,Bespoke_Viaduct
5279,55.0441540689681,-6.54626050500408,Road_River,20116,4807,4.2,5,2.7,CL_MINOR,660,5,,18.27,0,Inland,Low,1,Masonry_Arch
5280,55.0498307705265,-6.53463716989334,Road_River,20117,4687,2,5,17.9,CL_MINOR,660,5,,17.88,0,Inland,Low,1,Masonry_Arch
5281,55.0530520221496,-6.55569368668702,Road_River,20119,4699,2,5,13.6,CL_MINOR,623,5,,17.12,0,Inland,Low,1,Masonry_Arch
5282,55.0634448186251,-6.56030918328684,Road_River,20119,4700,19.3,5,20.5,CL_MINOR,623,5,,16.06,0,Inland,Medium,1,Bespoke_Viaduct
5283,55.0447852984429,-6.62740528247886,Road_River,20120,4702,3.2,5,9.09999999999999,CL_MINOR,660,5,,15.4,0,Inland,Low,1,Masonry_Arch
5284,55.0442271694145,-6.62722564986999,Road_River,20120,4817,13.6,5,23.9,CL_MINOR,660,5,,15.46,0,Inland,Medium,1,Bespoke_Viaduct
5285,55.022556005494,-6.66777565871626,Road_River,20121,4822,1.9,5,38.6,CL_MINOR,586,5,,16.89,0,Inland,Low,1,Masonry_Arch
5286,55.0326137621578,-6.645584648711,Road_River,20122,4814,28.6,5,40.2,CL_MINOR,660,5,,16.22,0,Inland,High,5,Bespoke_Viaduct
5287,55.0341951912339,-6.64354271508046,Road_River,20122,4819,1.9,5,4.59999999999999,CL_MINOR,660,5,,16.1,0,Inland,Low,1,Masonry_Arch
5288,55.0300441007473,-6.6557497831005,Road_River,20123,4818,11.9,5,13,CL_MINOR,660,5,,16.29,0,Inland,High,2,RC_Slab
5289,55.0493115644009,-6.65903365792358,Road_River,20127,4710,1.6,5,6.09999999999999,CL_MINOR,492,5,,14.18,0,Inland,Low,1,Culvert
5290,55.0370548457955,-6.65610430904976,Road_River,20127,4819,2,5,37.7,CL_MINOR,492,5,,15.54,0,Inland,Low,1,Masonry_Arch
5291,55.0199522824192,-6.70180176404261,Road_River,20128,750,5.1,5,51,CL_MINOR,474,5,,16.59,0,Inland,Medium,1,RC_Slab
5292,55.0151351443486,-6.72393684504463,Road_River,20128,762,1.8,5,30.4,CL_MINOR,474,5,,16.81,0,Inland,Low,1,Culvert
5293,54.9945722768329,-6.68756535794513,Road_River,20129,5065,8.6,5,1.09999999999999,CL_MINOR,586,5,,19.55,0,Inland,Low,2,Masonry_Arch
5294,55.0236780328708,-6.69208248244567,Road_River,20131,755,2.7,5,14.7,CL_MINOR,586,5,,16.37,0,Inland,Low,1,Masonry_Arch
5295,55.0262852858825,-6.72260929240051,Road_River,20132,4832,5.6,5,29.5,CL_MINOR,474,5,,15.61,0,Inland,Low,1,RC_Slab
5296,55.0605858167711,-6.69746394226386,Road_River,20135,4650,2.7,5,33.4,CL_MINOR,697,5,,12.38,0,Inland,Low,1,Masonry_Arch
5297,55.0572198101892,-6.69592356889599,Road_River,20135,4652,3,5,29.6,CL_MINOR,697,5,,12.76,0,Inland,Low,1,Masonry_Arch
5298,55.0555724105438,-6.69590827234892,Road_River,20135,4711,3.4,5,9.09999999999999,CL_MINOR,697,5,,12.94,0,Inland,Low,1,Masonry_Arch
5299,55.0578244199449,-6.45834954016887,Road_River,20138,4615,2.2,5,3,CL_MINOR,623,5,,18.43,0,Inland,Low,1,Masonry_Arch
5300,55.0633124955339,-6.4421624810124,Road_River,20140,4611,6.4,5,0.5,CL_MINOR,623,5,,18.21,0,Inland,Low,2,Masonry_Arch
5301,55.0531601872729,-6.53098018124693,Road_River,20141,4688,3.1,5,23.6,CL_MINOR,660,5,,17.57,0,Inland,Low,1,Masonry_Arch
5302,55.0631206244408,-6.54071629956178,Road_River,20143,4627,17.2,5,55,CL_MINOR,660,5,,16.35,0,Inland,Medium,1,Bespoke_Viaduct
5303,55.0530479387033,-6.57156577670869,Road_River,20144,4693,16.2,5,10.8,CL_MINOR,623,5,,16.48,0,Inland,High,3,RC_Slab
5304,55.0625297219651,-6.5402433484329,Road_River,20145,4626,2.7,5,55.1,CL_MINOR,660,5,,16.42,0,Inland,Low,1,Masonry_Arch
5305,55.0797512586056,-6.58902165759423,Road_River,20147,4564,1.9,5,41,CL_MINOR,548,5,,13.47,0,Inland,Low,1,Masonry_Arch
5306,55.1001529836097,-6.59163443193601,Road_River,20148,4501,2.4,5,7.8,CL_MINOR,548,5,,11.74,0,Inland,Low,1,Masonry_Arch
5307,55.0868548107531,-6.58828920304771,Road_River,20148,4553,1.8,5,13.7,CL_MINOR,548,5,,12.93,0,Inland,Low,1,Culvert
5308,55.0932792224454,-6.6178064244234,Road_River,20149,4496,3.9,5,5.8,CL_MINOR,548,5,,11.13,0,Inland,Low,1,Masonry_Arch
5309,55.1013898897817,-6.62743023378109,Road_River,20150,4508,21.8,5,61.7,CL_MINOR,511,5,,10.04,0,Inland,High,4,Bespoke_Viaduct
5310,55.1099388451684,-6.60075357326739,Road_River,20152,4459,1.4,5,6.40000000000001,CL_MINOR,567,5,,10.55,0,Inland,Low,1,Culvert
5311,55.0739146282935,-6.59175228973914,Road_River,20153,4632,3.4,5,60.2,CL_MINOR,623,5,,13.86,0,Inland,Medium,1,Masonry_Arch
5312,55.0711532927783,-6.58885205990097,Road_River,20153,4637,4.9,5,26.1,CL_MINOR,623,5,,14.21,0,Inland,Low,1,RC_Slab
5313,55.0731832496487,-6.64256150100029,Road_River,20159,4643,3.4,5,2.59999999999999,CL_MINOR,511,5,,12.13,0,Inland,Low,1,Masonry_Arch
5314,55.0687835091546,-6.66458300675622,Road_River,20160,4647,7.4,5,2.90000000000001,CL_MINOR,697,5,,12.02,0,Inland,Low,2,Masonry_Arch
5315,55.084344096516,-6.68080417018305,Road_River,20165,4569,11.3,5,5.8,CL_MINOR,660,5,,10.05,0,Inland,Low,2,RC_Slab
5316,55.0994345268991,-6.65907131826375,Road_River,20166,4568,1.7,5,7.40000000000001,CL_MINOR,660,5,,9.06,0,Inland,Low,1,Culvert
5317,55.1017249786143,-6.65832440779301,Road_River,20170,4512,2,5,6.8,CL_MINOR,660,5,,8.86,0,Inland,Low,1,Masonry_Arch
5318,55.0990352857658,-6.67832542037353,Road_River,20170,9906,2,5,17.6,CL_MINOR,660,5,,8.57,0,Inland,Low,1,Masonry_Arch
5319,55.0892700155397,-6.69459684965428,Road_River,20171,4573,2.7,5,13.8,CL_MINOR,660,5,,9.29,0,Inland,Low,1,Masonry_Arch
5320,55.0888073432524,-6.69342830476779,Road_River,20171,4574,2.1,5,8.59999999999999,CL_MINOR,660,5,,9.36,0,Inland,Low,1,Masonry_Arch
5321,55.0864621394365,-6.70448494370608,Road_River,20176,4573,1.8,5,29.4,CL_MINOR,735,5,,9.47,0,Inland,Low,1,Culvert
5322,55.0748010811037,-6.70070812260982,Road_River,20176,4651,2.3,5,0.400000000000006,CL_MINOR,735,5,,10.79,0,Inland,Low,1,Masonry_Arch
5323,55.0666328130902,-6.7480681180448,Road_River,20178,4663,4.1,5,12.8,CL_MINOR,474,5,,10.92,0,Inland,Low,1,Masonry_Arch
5324,55.0999670079664,-6.6851483480973,Road_River,20179,4577,11.7,5,8.2,CL_MINOR,660,5,,8.32,0,Inland,Low,1,Bespoke_Viaduct
5325,55.0942090708431,-6.7087062890728,Road_River,20181,4515,1.7,5,19.5,CL_MINOR,735,5,,8.58,0,Inland,Low,1,Culvert
5326,55.0979043128017,-6.70981298960282,Road_River,20182,4520,4.7,5,15.9,CL_MINOR,735,5,,8.16,0,Inland,Low,1,RC_Slab
5327,55.220685872692,-6.44929848835263,Road_River,20202,9994,2.2,5,56.2,CL_MINOR,548,5,,1.94,0,Coastal,Low,1,Masonry_Arch
5328,55.2223031010989,-6.45752142090493,Road_River,20203,9930,4,5,35.8,CL_MINOR,548,5,,1.86,0,Coastal,Low,1,Masonry_Arch
5329,55.214115352805,-6.50566350536269,Road_River,20204,9998,2,5,50.8,CL_MINOR,660,5,,1.85,0,Coastal,Low,1,Masonry_Arch
5330,55.2113982247115,-6.50014665659245,Road_River,20206,9997,2.4,5,4.40000000000001,CL_MINOR,660,5,,2.32,0,Coastal,Low,1,Masonry_Arch
5331,55.1974020575756,-6.50501111451711,Road_River,20208,10081,1.8,5,9.90000000000001,CL_MINOR,660,5,,3.05,0,Coastal,Low,1,Culvert
5332,55.1960431589808,-6.50604273422186,Road_River,20211,10081,1.9,5,36.8,CL_MINOR,660,5,,3.13,0,Coastal,Low,1,Masonry_Arch
5333,55.2297175187674,-6.51866720964828,Road_River,20212,8158,2.9,5,31.7,CL_MINOR,437,5,,0.57,0,Marine,Low,1,Masonry_Arch
5334,55.226461078837,-6.4543013200566,Road_River,20215,9929,3.2,5,24.8,CL_MINOR,548,5,,1.36,0,Coastal,Low,1,Masonry_Arch
5335,55.2256887991653,-6.4549737966297,Road_River,20216,9930,2.6,5,32.2,CL_MINOR,548,5,,1.46,0,Coastal,Low,1,Masonry_Arch
5336,55.2331766263426,-6.45655590832914,Road_River,20217,9932,4.8,5,29.1,CL_MINOR,548,5,,0.66,0,Marine,Low,1,RC_Slab
5337,55.2016013158125,-6.64590452905498,Road_River,20224,11254,4.6,5,40.9,CL_MINOR,1014,5,,0.27,0,Marine,Medium,1,RC_Slab
5338,55.1970041433923,-6.61347974945424,Road_River,20227,11253,1.3,5,18.8,CL_MINOR,567,5,,0.99,0,Marine,Low,1,Culvert
5339,55.2061705780956,-6.58852702704454,Road_River,20228,11249,3.4,5,46.9,CL_MINOR,567,5,,0.2,0,Marine,Low,1,Masonry_Arch
5340,55.2081031873566,-6.57956874390959,Road_River,20228,11252,1.6,5,2.7,CL_MINOR,567,5,,0.22,0,Marine,Low,1,Culvert
5341,55.1979326953266,-6.58311961801084,Road_River,20230,11252,1.5,5,15,CL_MINOR,623,5,,1.17,0,Coastal,Low,1,Culvert
5342,55.1969543083369,-6.64149028383187,Road_River,20231,11254,4.6,5,35.4,CL_MINOR,1014,5,,0.84,0,Coastal,Low,1,RC_Slab
5343,54.0606233108636,-6.42001364798592,Road_River,20237,13500,2.5,5,26.3,CL_MINOR,437,5,,10.93,0,Inland,Low,1,Masonry_Arch
5344,54.1082840954328,-6.33583939051673,Road_River,20239,13394,1.3,5,20.9,CL_MINOR,753,5,,4.48,0,Coastal,Low,1,Culvert
5345,54.1081844084729,-6.33114227007269,Road_River,20241,13139,2.3,5,36.5,CL_MINOR,753,5,,4.18,0,Coastal,Low,1,Masonry_Arch
5346,54.0884586933228,-6.41549388734184,Road_River,20258,12624,1.2,5,4.7,CL_MINOR,865,5,,9.71,0,Inland,Low,1,Culvert
5347,54.0886110868599,-6.39311873686367,Road_River,20264,13395,2,5,5.7,CL_MINOR,1014,5,,8.28,0,Inland,Low,1,Masonry_Arch
5348,54.0885051571646,-6.40505277144281,Road_River,20266,13396,4.1,5,11.1,CL_MINOR,1014,5,,9.04,0,Inland,Low,1,Masonry_Arch
5349,54.1005300191405,-6.24393882289976,Road_River,20279,13513,3.2,5,19.5,CL_MINOR,1014,5,,0.07,0,Marine,Low,1,Masonry_Arch
5350,54.1054234104799,-6.24401722971236,Road_River,20280,13513,3.2,5,51,CL_MINOR,1014,5,,0.57,0,Marine,Medium,1,Masonry_Arch
5351,54.1002454215376,-6.19634002854813,Road_River,20282,13512,23.2,5,19.6,CL_MINOR,399,5,,0.3,0,Marine,High,4,Bespoke_Viaduct
5352,54.1095330687288,-6.23848688159577,Road_River,20287,13511,3.4,5,42.6,CL_MINOR,1014,5,,0.93,0,Marine,Low,1,Masonry_Arch
5353,54.1084318899539,-6.2049797214533,Road_River,20289,13483,3.5,5,52.5,CL_MINOR,735,5,,1.03,0,Coastal,Medium,1,Masonry_Arch
5354,54.0821949529009,-6.45001777783609,Road_River,20294,12627,26.1,5,18.9,CL_MINOR,716,5,,12.02,0,Inland,High,5,Bespoke_Viaduct
5355,54.0745000471609,-6.45823593297421,Road_River,20295,12626,1.9,5,48.1,CL_MINOR,716,5,,12.73,0,Inland,Low,1,Masonry_Arch
5356,54.0808454415093,-6.45022138587359,Road_River,20296,12627,29.9,5,36.5,CL_MINOR,716,5,,12.06,0,Inland,High,5,Bespoke_Viaduct
5357,54.1109872506824,-6.21520492620255,Road_River,20311,13482,5.2,5,61.9,CL_MINOR,735,5,,1.16,0,Marine,Low,1,RC_Slab
5358,54.1115587545338,-6.27227515737819,Road_River,20312,13502,3.8,5,35.2,CL_MINOR,697,5,,1.02,0,Coastal,Low,1,Masonry_Arch
5359,54.1598106714829,-6.454420472342,Road_River,20321,12580,3,5,14.9,CL_MINOR,921,5,,13.63,0,Inland,Low,1,Masonry_Arch
5360,54.2033712491786,-6.35431455624334,Road_River,20334,13462,11.1,5,0.599999999999994,CL_MINOR,1014,5,,12.49,0,Inland,Low,2,RC_Slab
5361,54.1775811618598,-6.33732297605235,Road_River,20339,13509,20,5,8.40000000000001,CL_MINOR,1014,5,,9.45,0,Inland,High,4,Bespoke_Viaduct
5362,54.2309825859407,-6.36865519007004,Road_River,20354,12439,1.9,5,18.4,CL_MINOR,1014,5,,15.65,0,Inland,Low,1,Masonry_Arch
5363,54.1943570416052,-6.27127696826299,Road_River,20357,12728,2.2,5,21.8,CL_MINOR,790,5,,10.15,0,Inland,Low,1,Masonry_Arch
5364,54.1957409323171,-6.27458900176999,Road_River,20358,12726,24.7,5,26,CL_MINOR,790,5,,10.31,0,Inland,High,5,Bespoke_Viaduct
5365,54.2344866366003,-6.19552376398844,Road_River,20361,12422,5.8,5,0.900000000000006,CL_MINOR,995,5,,14.92,0,Inland,Low,1,RC_Slab
5366,54.2648708026174,-6.33822359401593,Road_River,20365,12407,1,5,26.3,CL_MINOR,586,5,,18.55,0,Inland,Low,1,Culvert
5367,54.2751447636651,-6.46280199176923,Road_River,20366,9129,2.5,5,39.6,CL_MINOR,1014,5,,22.91,0,Inland,Low,1,Masonry_Arch
5368,54.2837148057804,-6.42616609548513,Road_River,20372,12363,2.5,5,23.6,CL_MINOR,809,5,,22.54,0,Inland,Low,1,Masonry_Arch
5369,54.2678759800261,-6.43348509194962,Road_River,20380,9303,4.5,5,11.5,CL_MINOR,1014,5,,21.22,0,Inland,Low,1,Masonry_Arch
5370,54.2924131275683,-6.37128296436984,Road_River,20382,13456,7.1,5,6.2,CL_MINOR,623,5,,22.08,0,Inland,Low,2,Masonry_Arch
5371,54.2888271613075,-6.36496630446146,Road_River,20385,13457,2.7,5,4.7,CL_MINOR,623,5,,21.58,0,Inland,Low,1,Masonry_Arch
5372,54.2883192586398,-6.35049082454589,Road_River,20387,12348,6.7,5,9.5,CL_MINOR,623,5,,21.27,0,Inland,Low,1,RC_Slab
5373,54.2781333233576,-6.30434005744072,Road_River,20391,12368,1.9,5,10.1,CL_MINOR,697,5,,19.6,0,Inland,Low,1,Masonry_Arch
5374,54.2825879757926,-6.28343781979124,Road_River,20391,12369,1.7,5,15.4,CL_MINOR,697,5,,19.97,0,Inland,Low,1,Culvert
5375,54.282509843996,-6.42364801192882,Road_River,20393,12363,2.6,5,42.2,CL_MINOR,1014,5,,22.35,0,Inland,Low,1,Masonry_Arch
5376,54.2875143927425,-6.34293831421684,Road_River,20400,12376,3.8,5,57.3,CL_MINOR,586,5,,21.07,0,Inland,Low,1,Masonry_Arch
5377,54.2694756638331,-6.41403513876475,Road_River,20405,9884,2.2,5,33.6,CL_MINOR,1014,5,,20.78,0,Inland,Low,1,Masonry_Arch
5378,54.2698091126786,-6.41391641894543,Road_River,20406,9884,2.6,5,55.9,CL_MINOR,1014,5,,20.8,0,Inland,Low,1,Masonry_Arch
5379,54.2653592751431,-6.36453740406143,Road_River,20410,13458,26,5,62.8,CL_MINOR,586,5,,19.1,0,Inland,High,1,Bespoke_Viaduct
5380,54.265534826377,-6.36522766790124,Road_River,20410,13467,10.9,5,61.5,CL_MINOR,586,5,,19.13,0,Inland,High,2,RC_Slab
5381,54.263960619556,-6.33285573453058,Road_River,20412,12375,5.1,5,1.59999999999999,CL_MINOR,1014,5,,18.37,0,Inland,Low,1,RC_Slab
5382,54.2664741332048,-6.3228360059684,Road_River,20416,12375,15.1,5,50.1,CL_MINOR,1014,5,,18.51,0,Inland,Medium,3,RC_Slab
5383,54.2659567286766,-6.28782050050757,Road_River,20417,12371,2.9,5,3,CL_MINOR,697,5,,18.15,0,Inland,Low,1,Masonry_Arch
5384,54.2617602663837,-6.33397016372121,Road_River,20428,12407,1.2,5,21.1,CL_MINOR,586,5,,18.15,0,Inland,Low,1,Culvert
5385,54.25914945793,-6.33631094140035,Road_River,20428,12407,3.9,5,56,CL_MINOR,586,5,,17.91,0,Inland,Low,1,Masonry_Arch
5386,54.2590363474247,-6.33628331002694,Road_River,20428,12407,4.7,5,75,CL_MINOR,586,5,,17.89,0,Inland,Low,1,RC_Slab
5387,54.2784649685975,-6.22219112788632,Road_River,20441,12366,2.4,5,12.1,CL_MINOR,679,5,,19.67,0,Inland,Low,1,Masonry_Arch
5388,54.2716323434958,-6.21791854204234,Road_River,20451,12366,2.7,5,46.9,CL_MINOR,1014,5,,18.92,0,Inland,Low,1,Masonry_Arch
5389,54.2731144506562,-6.22479958992681,Road_River,20451,12366,2,5,16.8,CL_MINOR,1014,5,,19.07,0,Inland,Low,1,Masonry_Arch
5390,54.274387058238,-6.22671381540208,Road_River,20452,12366,1.3,5,3.3,CL_MINOR,1014,5,,19.21,0,Inland,Low,1,Culvert
5391,54.2758435862887,-6.22510502758755,Road_River,20452,12366,6.9,5,70.5,CL_MINOR,1014,5,,19.38,0,Inland,Low,2,Masonry_Arch
5392,54.2717541478534,-6.21639006223808,Road_River,20453,12366,1.9,5,4.59999999999999,CL_MINOR,679,5,,18.94,0,Inland,Low,1,Masonry_Arch
5393,54.264823035468,-6.27296786330737,Road_River,20460,12367,1.9,5,0.900000000000006,CL_MINOR,1014,5,,17.97,0,Inland,Low,1,Masonry_Arch
5394,54.2630562788501,-6.24341098189474,Road_River,20461,12402,1.7,5,12.8,CL_MINOR,1014,5,,17.84,0,Inland,Low,1,Culvert
5395,54.2707539605256,-6.21426797606061,Road_River,20462,12366,6,5,68.6,CL_MINOR,679,5,,18.83,0,Inland,Low,1,RC_Slab
5396,54.2631517074523,-6.19223694993435,Road_River,20462,12398,1.1,5,23.4,CL_MINOR,679,5,,18.1,0,Inland,Low,1,Culvert
5397,54.262160940501,-6.19187483738295,Road_River,20464,12398,2,5,1.7,CL_MINOR,679,5,,18,0,Inland,Low,1,Masonry_Arch
5398,54.260129328049,-6.1956756194723,Road_River,20464,12399,4,5,52,CL_MINOR,679,5,,17.74,0,Inland,Low,1,Masonry_Arch
5399,54.2593704266907,-6.23407592196014,Road_River,20469,12402,1.7,5,7.2,CL_MINOR,1014,5,,17.49,0,Inland,Low,1,Culvert
5400,54.2557256182975,-6.20996954572101,Road_River,20471,12366,2.6,5,37.8,CL_MINOR,679,5,,17.18,0,Inland,Low,1,Masonry_Arch
5401,54.2529041667529,-6.46297188385998,Road_River,20473,9304,14.5,5,0.900000000000006,CL_MINOR,1014,5,,20.9,0,Inland,High,3,RC_Slab
5402,54.2408517714901,-6.42371611926335,Road_River,20474,9441,2,5,12.1,CL_MINOR,1014,5,,18.34,0,Inland,Low,1,Masonry_Arch
5403,54.2243739168064,-6.43898393610817,Road_River,20480,9546,2.6,5,57.6,CL_MINOR,1014,5,,17.45,0,Inland,Low,1,Masonry_Arch
5404,54.2195315339482,-6.46809041431357,Road_River,20482,9548,18.8,5,56.4,CL_MINOR,865,5,,18.32,0,Inland,Medium,1,Bespoke_Viaduct
5405,54.2052479494343,-6.47134401112991,Road_River,20488,9638,10.4,5,4,CL_MINOR,902,5,,17.39,0,Inland,Low,1,Bespoke_Viaduct
5406,54.2160895925165,-6.45970712043462,Road_River,20489,9545,2.7,5,15,CL_MINOR,865,5,,17.67,0,Inland,Low,1,Masonry_Arch
5407,54.2499538462723,-6.24918229206414,Road_River,20497,12403,1.7,5,12.3,CL_MINOR,1014,5,,16.36,0,Inland,Low,1,Culvert
5408,54.2521297866086,-6.18442005715582,Road_River,20501,12389,1.8,5,19.4,CL_MINOR,809,5,,16.94,0,Inland,Low,1,Culvert
5409,54.2428781069466,-6.25738667139542,Road_River,20506,12432,3.1,5,49.6,CL_MINOR,809,5,,15.55,0,Inland,Low,1,Masonry_Arch
5410,54.2375854027277,-6.18910160118265,Road_River,20514,12423,18.8,5,55.2,CL_MINOR,995,5,,15.31,0,Inland,Medium,4,RC_Slab
5411,54.2319990568989,-6.2057765729528,Road_River,20515,12420,1.6,5,4.40000000000001,CL_MINOR,995,5,,14.57,0,Inland,Low,1,Culvert
5412,54.2348061276926,-6.1966062180208,Road_River,20515,12421,1.6,5,39.4,CL_MINOR,995,5,,14.94,0,Inland,Low,1,Culvert
5413,54.2263033377749,-6.23192032648149,Road_River,20521,12428,4.4,5,6.5,CL_MINOR,809,5,,13.87,0,Inland,Low,1,Masonry_Arch
5414,54.2366568087448,-6.22608850802441,Road_River,20524,12428,4.7,5,21.3,CL_MINOR,995,5,,15.03,0,Inland,Low,1,RC_Slab
5415,54.2225645477384,-6.23975353132685,Road_River,20528,12488,1.8,5,14.1,CL_MINOR,809,5,,13.39,0,Inland,Low,1,Culvert
5416,54.2233433100412,-6.23475803869978,Road_River,20529,12486,27.4,5,30.6,CL_MINOR,809,5,,13.53,0,Inland,High,5,Bespoke_Viaduct
5417,54.2210676612303,-6.23447016712066,Road_River,20529,12487,2.6,5,2.09999999999999,CL_MINOR,809,5,,13.28,0,Inland,Low,1,Masonry_Arch
5418,54.2170046458779,-6.16308652151637,Road_River,20532,12469,3.5,5,1.90000000000001,CL_MINOR,1014,5,,13.34,0,Inland,Low,1,Masonry_Arch
5419,54.2093569225082,-6.19226686361127,Road_River,20533,12475,1.6,5,0.799999999999997,CL_MINOR,995,5,,12.17,0,Inland,Low,1,Culvert
5420,54.2068011187279,-6.20743813268647,Road_River,20533,12562,1.8,5,23.1,CL_MINOR,995,5,,11.78,0,Inland,Low,1,Culvert
5421,54.1978007422225,-6.44387656484993,Road_River,20536,9748,1.7,5,7.3,CL_MINOR,902,5,,15.52,0,Inland,Low,1,Culvert
5422,54.1831025557489,-6.42234321976837,Road_River,20541,12821,2.9,5,42.4,CL_MINOR,1014,5,,13.4,0,Inland,Low,1,Masonry_Arch
5423,54.1938458949165,-6.39099429450101,Road_River,20545,12819,4.5,5,67.4,CL_MINOR,1014,5,,12.87,0,Inland,Low,1,Masonry_Arch
5424,54.192990918428,-6.39219680654538,Road_River,20545,12819,4.9,5,57.8,CL_MINOR,1014,5,,12.85,0,Inland,Low,1,RC_Slab
5425,54.1919434597207,-6.39579033482824,Road_River,20547,12819,4.5,5,70,CL_MINOR,1014,5,,12.91,0,Inland,Low,1,Masonry_Arch
5426,54.1936239171642,-6.33539400179878,Road_River,20549,12733,2.8,5,57.3,CL_MINOR,1014,5,,10.99,0,Inland,Low,1,Masonry_Arch
5427,54.1783202847027,-6.32986672035425,Road_River,20566,12887,2.7,5,23.6,CL_MINOR,1014,5,,9.3,0,Inland,Low,1,Masonry_Arch
5428,54.1735600564386,-6.34116674570491,Road_River,20573,12818,19,5,7.59999999999999,CL_MINOR,1014,5,,9.18,0,Inland,High,4,RC_Slab
5429,54.173636628837,-6.34038589033539,Road_River,20573,13509,48,5,24.3,CL_MINOR,1014,5,,9.16,0,Inland,High,8,Bespoke_Viaduct
5430,54.1846419611552,-6.30380292478465,Road_River,20596,12812,11.3,5,3.59999999999999,CL_MINOR,1014,5,,9.38,0,Inland,High,2,RC_Slab
5431,54.1818519038001,-6.36942339812703,Road_River,20604,13471,2,5,29.3,CL_MINOR,1014,5,,10.97,0,Inland,Low,1,Masonry_Arch
5432,54.1772732844311,-6.28550393260389,Road_River,20606,12813,11.2,5,22.5,CL_MINOR,790,5,,8.34,0,Inland,Medium,1,Bespoke_Viaduct
5433,54.167186268803,-6.31594656319098,Road_River,20609,12887,2.2,5,20.3,CL_MINOR,1014,5,,7.8,0,Inland,Low,1,Masonry_Arch
5434,54.1731709360525,-6.31969104880145,Road_River,20611,12887,2.4,5,23.8,CL_MINOR,1014,5,,8.51,0,Inland,Low,1,Masonry_Arch
5435,54.1741693191164,-6.31924556763061,Road_River,20612,12887,2.7,5,18.5,CL_MINOR,1014,5,,8.6,0,Inland,Low,1,Masonry_Arch
5436,54.1411148029396,-6.40025036821203,Road_River,20628,17264,17.4,5,57.7,CL_MINOR,828,5,,9.58,0,Inland,Medium,3,RC_Slab
5437,54.2546877033981,-6.33695495940358,Road_River,20636,12407,3.6,5,54,CL_MINOR,1014,5,,17.44,0,Inland,Low,1,Masonry_Arch
5438,54.2599011841778,-6.27857283747795,Road_River,20642,12406,6,5,47,CL_MINOR,697,5,,17.44,0,Inland,Medium,1,RC_Slab
5439,54.249003992847,-6.40752661782287,Road_River,20646,9440,3.6,5,36.3,CL_MINOR,1014,5,,18.57,0,Inland,Low,1,Masonry_Arch
5440,54.2485733446458,-6.33155963975191,Road_River,20648,12407,1.7,5,4.09999999999999,CL_MINOR,1014,5,,16.69,0,Inland,Low,1,Culvert
5441,54.240088009567,-6.27164843245243,Road_River,20652,12431,4.2,5,19.5,CL_MINOR,977,5,,15.23,0,Inland,Low,1,Masonry_Arch
5442,54.2377921349874,-6.42064106443187,Road_River,20658,9441,9.1,5,74.9,CL_MINOR,1014,5,,17.95,0,Inland,Low,1,RC_Slab
5443,54.2366774838417,-6.36821026484027,Road_River,20659,13463,17.2,5,43.9,CL_MINOR,1014,5,,16.22,0,Inland,High,3,RC_Slab
5444,54.236783657163,-6.36908906919081,Road_River,20659,13464,5.1,5,33.8,CL_MINOR,1014,5,,16.25,0,Inland,Low,1,RC_Slab
5445,54.2339820260099,-6.27048416993675,Road_River,20669,12430,1.7,5,16.1,CL_MINOR,977,5,,14.55,0,Inland,Low,1,Culvert
5446,54.2275223615125,-6.39742050127754,Road_River,20676,12507,1.6,5,41.8,CL_MINOR,1014,5,,16.19,0,Inland,Low,1,Culvert
5447,54.2312732038242,-6.30594152616774,Road_River,20689,12436,1.5,5,38,CL_MINOR,1014,5,,14.47,0,Inland,Low,1,Culvert
5448,54.2308847929302,-6.3062699781464,Road_River,20689,12502,9.9,5,70.1,CL_MINOR,1014,5,,14.43,0,Inland,Medium,2,RC_Slab
5449,54.2304575194743,-6.30635015519745,Road_River,20690,12502,1.7,5,15.8,CL_MINOR,1014,5,,14.38,0,Inland,Low,1,Culvert
5450,54.2305940909879,-6.2875545461374,Road_River,20691,12437,1.8,5,4.5,CL_MINOR,977,5,,14.23,0,Inland,Low,1,Culvert
5451,54.2253593275807,-6.39021001166168,Road_River,20694,12507,2.4,5,28.9,CL_MINOR,1014,5,,15.74,0,Inland,Low,1,Masonry_Arch
5452,54.219047251076,-6.35575772027933,Road_River,20696,12506,11.1,5,2.90000000000001,CL_MINOR,1014,5,,14.1,0,Inland,Medium,1,Bespoke_Viaduct
5453,54.2189557289563,-6.35603260043777,Road_River,20696,13462,6,5,8.90000000000001,CL_MINOR,1014,5,,14.1,0,Inland,Low,1,RC_Slab
5454,54.2251005882783,-6.31900425170074,Road_River,20700,12501,1.4,5,6.3,CL_MINOR,1014,5,,13.97,0,Inland,Low,1,Culvert
5455,54.2204907360408,-6.31014825618647,Road_River,20703,12502,2.1,5,20,CL_MINOR,1014,5,,13.34,0,Inland,Low,1,Masonry_Arch
5456,54.2143946926295,-6.42812376414219,Road_River,20708,9545,1.9,5,40.3,CL_MINOR,1014,5,,16.16,0,Inland,Low,1,Masonry_Arch
5457,54.2168346654138,-6.3363338854337,Road_River,20710,12505,24.6,5,17.7,CL_MINOR,1014,5,,13.41,0,Inland,High,5,Bespoke_Viaduct
5458,54.2104294295043,-6.39864783867219,Road_River,20715,12739,2,5,44.6,CL_MINOR,1014,5,,14.64,0,Inland,Low,1,Masonry_Arch
5459,54.2057273522773,-6.36673759857851,Road_River,20716,12507,2.3,5,3.8,CL_MINOR,1014,5,,13.1,0,Inland,Low,1,Masonry_Arch
5460,54.2062545448988,-6.2966615422908,Road_River,20720,12731,3.2,5,7.8,CL_MINOR,1014,5,,11.63,0,Inland,Low,1,Masonry_Arch
5461,54.2059573597688,-6.27274346673918,Road_River,20721,12724,9.5,5,27.7,CL_MINOR,790,5,,11.44,0,Inland,Low,2,RC_Slab
5462,54.19992610017,-6.41200855415916,Road_River,20722,12744,2.8,5,38.6,CL_MINOR,1014,5,,14.26,0,Inland,Low,1,Masonry_Arch
5463,54.1996826640891,-6.41168887794596,Road_River,20722,12820,2.3,5,8.3,CL_MINOR,1014,5,,14.23,0,Inland,Low,1,Masonry_Arch
5464,54.2008305927349,-6.40689983720692,Road_River,20724,12742,4.6,5,23.9,CL_MINOR,1014,5,,14.12,0,Inland,Low,1,RC_Slab
5465,54.2008523768654,-6.38887026881835,Road_River,20726,12739,1.1,5,1.09999999999999,CL_MINOR,1014,5,,13.41,0,Inland,Low,1,Culvert
5466,54.1932095798126,-6.37422903268442,Road_River,20729,12741,3.9,5,9.40000000000001,CL_MINOR,1014,5,,12.17,0,Inland,Low,1,Masonry_Arch
5467,54.2035072770853,-6.34972732419874,Road_River,20734,12737,24.2,5,3.7,CL_MINOR,1014,5,,12.37,0,Inland,Medium,1,Bespoke_Viaduct
5468,54.2013743131666,-6.28678483299053,Road_River,20741,12730,1,5,13.9,CL_MINOR,790,5,,11,0,Inland,Low,1,Culvert
5469,54.1992424683661,-6.28627952158188,Road_River,20742,12730,1.6,5,46.1,CL_MINOR,790,5,,10.76,0,Inland,Low,1,Culvert
5470,54.1865969560322,-6.20519189770239,Road_River,20746,12807,1.3,5,27.2,CL_MINOR,735,5,,9.57,0,Inland,Low,1,Culvert
5471,54.1982352297808,-6.18008141786025,Road_River,20748,9634,1.4,5,38.5,CL_MINOR,641,5,,11.08,0,Inland,Low,1,Culvert
5472,54.1749888423065,-6.22151527483025,Road_River,20755,12807,2.6,5,2.7,CL_MINOR,735,5,,8.19,0,Inland,Low,1,Masonry_Arch
5473,54.1713998132817,-6.2175239250393,Road_River,20757,12879,2.4,5,14.6,CL_MINOR,623,5,,7.81,0,Inland,Low,1,Masonry_Arch
5474,54.1712176093979,-6.21712400194643,Road_River,20761,12879,8.6,5,59.6,CL_MINOR,623,5,,7.79,0,Inland,Medium,2,Masonry_Arch
5475,54.1575382748325,-6.26886743694885,Road_River,20763,12570,5,5,46.5,CL_MINOR,735,5,,6.06,0,Inland,Medium,1,RC_Slab
5476,54.1658488530377,-6.23014542443169,Road_River,20764,12883,2.5,5,12.4,CL_MINOR,641,5,,7.16,0,Inland,Low,1,Masonry_Arch
5477,54.1493176026136,-6.26246656099876,Road_River,20766,12568,1.6,5,9.5,CL_MINOR,641,5,,5.16,0,Coastal,Low,1,Culvert
5478,54.1477600885284,-6.26156548873945,Road_River,20766,12569,1.4,5,11.3,CL_MINOR,641,5,,4.99,0,Coastal,Low,1,Culvert
5479,54.1505169074956,-6.20777070281394,Road_River,20767,13003,3,5,46.7,CL_MINOR,623,5,,5.57,0,Inland,Medium,1,Masonry_Arch
5480,54.1385697685786,-6.21555066195846,Road_River,20769,13001,2.4,5,39.4,CL_MINOR,623,5,,4.19,0,Coastal,Low,1,Masonry_Arch
5481,54.1484832546618,-6.20773501886893,Road_River,20769,13005,1.4,5,18.8,CL_MINOR,623,5,,5.34,0,Coastal,Low,1,Culvert
5482,54.1479116686556,-6.20779851329695,Road_River,20769,13006,1.6,5,21.4,CL_MINOR,623,5,,5.28,0,Coastal,Low,1,Culvert
5483,54.1271701239448,-6.34067120226469,Road_River,20773,12616,0.9,5,4.2,CL_MINOR,902,5,,5.46,0,Inland,Low,1,Culvert
5484,54.1166407596859,-6.38134608631217,Road_River,20776,13148,3.6,5,25.1,CL_MINOR,1014,5,,7.53,0,Inland,Low,1,Masonry_Arch
5485,54.1164232238454,-6.37894644974485,Road_River,20778,13147,11.8,5,8.3,CL_MINOR,1014,5,,7.37,0,Inland,Low,2,RC_Slab
5486,54.1211852666638,-6.37095162754202,Road_River,20780,12615,4.1,5,8.40000000000001,CL_MINOR,902,5,,7,0,Inland,Low,1,Masonry_Arch
5487,54.1195056302085,-6.35858044989045,Road_River,20780,12616,1,5,22.9,CL_MINOR,902,5,,6.18,0,Inland,Low,1,Culvert
5488,54.1193639428458,-6.36388463826187,Road_River,20780,13144,4.1,5,34.2,CL_MINOR,902,5,,6.51,0,Inland,Low,1,Masonry_Arch
5489,54.1252642729458,-6.35812853634825,Road_River,20782,12617,2.4,5,50.7,CL_MINOR,902,5,,6.38,0,Inland,Low,1,Masonry_Arch
5490,54.1351270636962,-6.22205233939561,Road_River,20786,12608,5.6,5,28.1,CL_MINOR,623,5,,3.77,0,Coastal,Low,1,RC_Slab
5491,54.1267029581829,-6.25988004232542,Road_River,20788,12614,2.1,5,26.3,CL_MINOR,1014,5,,2.68,0,Coastal,Low,1,Masonry_Arch
5492,54.1326563059438,-6.22660602606247,Road_River,20789,12566,3.6,5,62.4,CL_MINOR,1014,5,,3.49,0,Coastal,Low,1,Masonry_Arch
5493,54.125038428554,-6.23398356677448,Road_River,20790,12611,1.9,5,13.2,CL_MINOR,1014,5,,2.63,0,Coastal,Low,1,Masonry_Arch
5494,54.1315681849318,-6.22019968671229,Road_River,20791,12607,2.5,5,3.7,CL_MINOR,735,5,,3.39,0,Coastal,Low,1,Masonry_Arch
5495,54.1167237192017,-6.27107282809142,Road_River,20793,13502,3.4,5,54.4,CL_MINOR,697,5,,1.55,0,Coastal,Medium,1,Masonry_Arch
5496,54.1177267796979,-6.27164865474336,Road_River,20793,13502,3,5,21.3,CL_MINOR,697,5,,1.67,0,Coastal,Low,1,Masonry_Arch
5497,54.1246615359532,-6.27534232394597,Road_River,20794,12613,1.2,5,30.9,CL_MINOR,697,5,,2.47,0,Coastal,Low,1,Culvert
5498,54.1205960290625,-6.2695226289769,Road_River,20794,12614,2.4,5,49.5,CL_MINOR,697,5,,1.97,0,Coastal,Low,1,Masonry_Arch
5499,54.1149641242937,-6.2404367397305,Road_River,20799,13511,2.8,5,38.2,CL_MINOR,1014,5,,1.55,0,Coastal,Low,1,Masonry_Arch
5500,54.11628094404,-6.21963100548311,Road_River,20800,13482,1.4,5,40.6,CL_MINOR,735,5,,1.71,0,Coastal,Low,1,Culvert
5501,54.1180690306923,-6.22070603231984,Road_River,20800,13482,2.3,5,21.8,CL_MINOR,735,5,,1.89,0,Coastal,Low,1,Masonry_Arch
5502,54.1199035954018,-6.22071483084525,Road_River,20800,13482,1.7,5,33.8,CL_MINOR,735,5,,2.1,0,Coastal,Low,1,Culvert
5503,54.1214191856544,-6.22020294447653,Road_River,20800,13482,6.9,5,73.2,CL_MINOR,735,5,,2.27,0,Coastal,Low,2,Masonry_Arch
5504,54.1100374897466,-6.25129359573407,Road_River,20803,13513,2.1,5,24.3,CL_MINOR,1014,5,,1.07,0,Coastal,Low,1,Masonry_Arch
5505,54.4621761653128,-6.33560799999466,Road_River,20808,7491,6.7,5,65.3,CL_MINOR,1014,5,,30.76,0,Inland,Medium,1,RC_Slab
5506,54.4586918841139,-6.32768776176103,Road_River,20810,7491,1.6,5,17.2,CL_MINOR,753,5,,30.51,0,Inland,Low,1,Culvert
5507,54.3064170709291,-6.33286517878483,Road_River,20817,12348,6.4,5,25,CL_MINOR,865,5,,22.98,0,Inland,Low,2,Masonry_Arch
5508,54.3089069656838,-6.39961712568602,Road_River,20820,12356,1.6,5,33.3,CL_MINOR,995,5,,24.41,0,Inland,Low,1,Culvert
5509,54.292510161403,-6.38951958134827,Road_River,20822,12365,3.1,5,13.3,CL_MINOR,995,5,,22.48,0,Inland,Low,1,Masonry_Arch
5510,54.2983109844346,-6.43196440756538,Road_River,20837,9006,1.7,5,40.9,CL_MINOR,809,5,,24.15,0,Inland,Low,1,Culvert
5511,54.3599455259474,-6.44183490540828,Road_River,20840,8299,2.7,5,21.1,CL_MINOR,1014,5,,30.67,0,Inland,Low,1,Masonry_Arch
5512,54.313962606048,-6.43452557787414,Road_River,20849,8911,4.2,5,27.3,CL_MINOR,809,5,,25.79,0,Inland,Low,1,Masonry_Arch
5513,54.3050256763871,-6.21690972785359,Road_River,20852,9004,2.2,5,41.3,CL_MINOR,865,5,,22.63,0,Inland,Low,1,Masonry_Arch
5514,54.302254261343,-6.16294356574997,Road_River,20855,9001,1,5,4.40000000000001,CL_MINOR,865,5,,20.33,0,Inland,Low,1,Culvert
5515,54.3002998495216,-6.19700602475591,Road_River,20860,9002,1.6,5,6.5,CL_MINOR,865,5,,22.16,0,Inland,Low,1,Culvert
5516,54.2986433567267,-6.20648023568723,Road_River,20862,9003,1.9,5,19,CL_MINOR,865,5,,21.95,0,Inland,Low,1,Masonry_Arch
5517,54.3845675036792,-6.35611303064307,Road_River,20864,9888,2.8,5,29.9,CL_MINOR,790,5,,31.79,0,Inland,Low,1,Masonry_Arch
5518,54.3787657178229,-6.30777992824675,Road_River,20865,17204,14.5,5,1.90000000000001,CL_MINOR,1014,5,,30.73,0,Inland,High,3,RC_Slab
5519,54.3807967565431,-6.28835746967698,Road_River,20870,7952,2.7,5,29.2,CL_MINOR,939,5,,30.87,0,Inland,Low,1,Masonry_Arch
5520,54.312743244732,-6.17727480671945,Road_River,20878,8900,3.5,5,22.6,CL_MINOR,865,5,,21.7,0,Inland,Low,1,Masonry_Arch
5521,54.3117552496477,-6.22490286000374,Road_River,20879,8906,1,5,3.40000000000001,CL_MINOR,865,5,,23.34,0,Inland,Low,1,Culvert
5522,54.3120148179935,-6.24510409972047,Road_River,20880,8905,2.4,5,16.6,CL_MINOR,772,5,,23.25,0,Inland,Low,1,Masonry_Arch
5523,54.3160255932492,-6.26006413472891,Road_River,20886,8780,3.6,5,26.4,CL_MINOR,1014,5,,23.66,0,Inland,Low,1,Masonry_Arch
5524,54.32113196951,-6.17505246373665,Road_River,20888,8770,17.8,5,7.2,CL_MINOR,716,5,,21.9,0,Inland,High,3,RC_Slab
5525,54.3215813481366,-6.17416878968385,Road_River,20888,9857,2.1,5,4.5,CL_MINOR,716,5,,21.86,0,Inland,Low,1,Masonry_Arch
5526,54.3230595089723,-6.22406293255988,Road_River,20893,8777,6.8,5,30.3,CL_MINOR,828,5,,24.59,0,Inland,Low,2,Masonry_Arch
5527,54.3372637171815,-6.17193040634553,Road_River,20900,8767,2.5,5,23,CL_MINOR,716,5,,22.43,0,Inland,Low,1,Masonry_Arch
5528,54.3333123741984,-6.20461111496195,Road_River,20901,8651,9.3,5,16.5,CL_MINOR,828,5,,24.17,0,Inland,Low,2,RC_Slab
5529,54.3385607318033,-6.20656649768986,Road_River,20906,8649,17.1,5,47.2,CL_MINOR,828,5,,24.52,0,Inland,Medium,1,Bespoke_Viaduct
5530,54.3396883310808,-6.23586163730206,Road_River,20907,8658,22.2,5,9.8,CL_MINOR,1014,5,,26.3,0,Inland,High,4,Bespoke_Viaduct
5531,54.3473105482304,-6.17193717731357,Road_River,20908,8427,1.6,5,4.09999999999999,CL_MINOR,716,5,,22.94,0,Inland,Low,1,Culvert
5532,54.3589915782164,-6.19449130668529,Road_River,20914,8648,1.8,5,13.8,CL_MINOR,1014,5,,24.84,0,Inland,Low,1,Culvert
5533,54.3605863220773,-6.22802863309912,Road_River,20924,8285,4.4,5,34.7,CL_MINOR,921,5,,26.82,0,Inland,Low,1,Masonry_Arch
5534,54.3413106435785,-6.25111314026706,Road_River,20930,8658,16.5,5,9.8,CL_MINOR,1014,5,,26.48,0,Inland,High,3,RC_Slab
5535,54.3382373142201,-6.25407267294225,Road_River,20930,8659,1.8,5,28.3,CL_MINOR,1014,5,,26.13,0,Inland,Low,1,Culvert
5536,54.3133441961557,-6.31990344553631,Road_River,20932,12349,1.7,5,1.40000000000001,CL_MINOR,865,5,,23.6,0,Inland,Low,1,Culvert
5537,54.3107283781555,-6.37846077333505,Road_River,20934,12354,3.9,5,33.3,CL_MINOR,995,5,,24.16,0,Inland,Low,1,Masonry_Arch
5538,54.3121543361968,-6.42701541085551,Road_River,20936,8911,2.9,5,7.2,CL_MINOR,809,5,,25.41,0,Inland,Low,1,Masonry_Arch
5539,54.3264758276001,-6.32378825073717,Road_River,20937,12346,2.6,5,12.3,CL_MINOR,958,5,,25.08,0,Inland,Low,1,Masonry_Arch
5540,54.3215079153705,-6.3501234401306,Road_River,20939,13450,3.4,5,57.8,CL_MINOR,884,5,,24.85,0,Inland,Medium,1,Masonry_Arch
5541,54.3480450706615,-6.27960967239612,Road_River,20955,8660,3.9,5,66,CL_MINOR,995,5,,27.22,0,Inland,Low,1,Masonry_Arch
5542,54.345355327616,-6.2842297820138,Road_River,20955,8660,1.9,5,14.2,CL_MINOR,995,5,,26.93,0,Inland,Low,1,Masonry_Arch
5543,54.3342686435946,-6.37384585310596,Road_River,20962,8662,1.1,5,5.7,CL_MINOR,884,5,,26.59,0,Inland,Low,1,Culvert
5544,54.3378699513375,-6.37217510962517,Road_River,20962,9850,5.4,5,62.4,CL_MINOR,884,5,,26.95,0,Inland,Low,1,RC_Slab
5545,54.3806622922428,-6.40465704292185,Road_River,20978,7967,2.3,5,27.2,CL_MINOR,641,5,,32.08,0,Inland,Low,1,Masonry_Arch
5546,54.3753435193629,-6.40007852573087,Road_River,20978,8296,2.6,5,14,CL_MINOR,641,5,,31.43,0,Inland,Low,1,Masonry_Arch
5547,54.3719116917514,-6.30694263873243,Road_River,20980,8293,2.1,5,16.4,CL_MINOR,1014,5,,29.97,0,Inland,Low,1,Masonry_Arch
5548,54.3538527020556,-6.27433108250038,Road_River,20988,8660,1.2,5,40.5,CL_MINOR,939,5,,27.86,0,Inland,Low,1,Culvert
5549,54.3576204537248,-6.27975252989621,Road_River,20990,8290,1.6,5,20.1,CL_MINOR,939,5,,28.28,0,Inland,Low,1,Culvert
5550,54.3576204537248,-6.27975252989621,Road_River,20991,8290,1.2,5,20.1,CL_MINOR,939,5,,28.28,0,Inland,Low,1,Culvert
5551,54.3712086835681,-6.28486848771338,Road_River,20992,8289,13.1,5,75,CL_MINOR,939,5,,29.8,0,Inland,Medium,3,Masonry_Arch
5552,54.3662256709988,-6.27494144981547,Road_River,20993,8286,1.1,5,23.6,CL_MINOR,939,5,,29.23,0,Inland,Low,1,Culvert
5553,54.3799777579069,-6.44371500837944,Road_River,20995,7971,3.7,5,55.1,CL_MINOR,1014,5,,32.79,0,Inland,Low,1,Masonry_Arch
5554,54.3930300384075,-6.45801834908904,Road_River,20997,7973,3.3,5,26.3,CL_MINOR,1014,5,,34.48,0,Inland,Low,1,Masonry_Arch
5555,54.3953161523064,-6.43123651729244,Road_River,20998,7970,2.4,5,6.09999999999999,CL_MINOR,902,5,,34.14,0,Inland,Low,1,Masonry_Arch
5556,54.3708508290084,-6.45136971692126,Road_River,21012,8298,4.4,5,45.5,CL_MINOR,1014,5,,32.03,0,Inland,Medium,1,Masonry_Arch
5557,54.3709570135828,-6.46383049011547,Road_River,21015,8301,2.4,5,22.6,CL_MINOR,1014,5,,32.34,0,Inland,Low,1,Masonry_Arch
5558,54.3717451072356,-6.45100460649541,Road_River,21016,8298,7.8,5,59.6,CL_MINOR,1014,5,,32.11,0,Inland,Medium,1,RC_Slab
5559,54.4271037488905,-6.37313044053882,Road_River,21025,7452,3,5,34,CL_MINOR,1014,5,,34.86,0,Inland,Low,1,Masonry_Arch
5560,54.4270955721947,-6.37300798679697,Road_River,21025,7454,1.9,5,38.5,CL_MINOR,1014,5,,34.85,0,Inland,Low,1,Masonry_Arch
5561,54.4140790485445,-6.39896362982601,Road_River,21029,7669,2.2,5,47.1,CL_MINOR,884,5,,35.57,0,Inland,Low,1,Masonry_Arch
5562,54.4047093581918,-6.40507179051649,Road_River,21040,7819,3.6,5,13.1,CL_MINOR,884,5,,34.66,0,Inland,Low,1,Masonry_Arch
5563,54.4023700614415,-6.38586068976708,Road_River,21045,7815,2.6,5,19.1,CL_MINOR,884,5,,34.11,0,Inland,Low,1,Masonry_Arch
5564,54.402386871039,-6.35526968705347,Road_River,21047,7664,6,5,50.9,CL_MINOR,1014,5,,33.72,0,Inland,Medium,1,RC_Slab
5565,54.393761214488,-6.40603742400923,Road_River,21049,7968,3.9,5,50.1,CL_MINOR,884,5,,33.5,0,Inland,Low,1,Masonry_Arch
5566,54.3975604752349,-6.3707236640208,Road_River,21051,7664,4.1,5,5,CL_MINOR,1014,5,,33.38,0,Inland,Low,1,Masonry_Arch
5567,54.4695358195979,-6.35896976435865,Road_River,21057,7491,2,5,8.3,CL_MINOR,1014,5,,31.69,0,Inland,Low,1,Masonry_Arch
5568,54.4509671365736,-6.34510514045329,Road_River,21066,7444,2.8,5,30.2,CL_MINOR,1014,5,,31.92,0,Inland,Low,1,Masonry_Arch
5569,54.4470180465729,-6.36030660741455,Road_River,21074,7445,5.4,5,35.5,CL_MINOR,1014,5,,32.98,0,Inland,Low,1,RC_Slab
5570,54.4414844540785,-6.36060250884554,Road_River,21082,7445,3.9,5,12.1,CL_MINOR,1014,5,,33.32,0,Inland,Low,1,Masonry_Arch
5571,54.4413885517151,-6.36051001575881,Road_River,21082,7446,4.6,5,26.3,CL_MINOR,1014,5,,33.32,0,Inland,Low,1,RC_Slab
5572,54.4690400068655,-6.35746394728877,Road_River,21085,7491,1.9,5,29,CL_MINOR,1014,5,,31.63,0,Inland,Low,1,Masonry_Arch
5573,54.456843309381,-6.40402453802386,Road_River,21091,7455,2.1,5,13.6,CL_MINOR,1014,5,,34.92,0,Inland,Low,1,Masonry_Arch
5574,54.457608055988,-6.40027969728504,Road_River,21091,7496,12.3,5,57.7,CL_MINOR,1014,5,,34.67,0,Inland,Medium,3,Masonry_Arch
5575,54.4408734716823,-6.38543120378169,Road_River,21094,7452,3.4,5,6.40000000000001,CL_MINOR,1014,5,,34.72,0,Inland,Low,1,Masonry_Arch
5576,54.4377056663998,-6.35459068473916,Road_River,21098,7446,4.3,5,14,CL_MINOR,1014,5,,33.21,0,Inland,Low,1,Masonry_Arch
5577,54.4398249551047,-6.34737377737117,Road_River,21099,7447,1.6,5,4.2,CL_MINOR,1014,5,,32.7,0,Inland,Low,1,Culvert
5578,54.4391508667246,-6.34933551928131,Road_River,21099,7448,2.4,5,14.9,CL_MINOR,1014,5,,32.84,0,Inland,Low,1,Masonry_Arch
5579,54.4469646233595,-6.45271873488567,Road_River,21112,7504,1.3,5,17.2,CL_MINOR,1014,5,,38.22,0,Inland,Low,1,Culvert
5580,54.4344961682581,-6.35377388868609,Road_River,21116,7449,3.2,5,19.1,CL_MINOR,1014,5,,33.37,0,Inland,Low,1,Masonry_Arch
5581,54.4243615257029,-6.34985349191128,Road_River,21117,7665,2.1,5,16.6,CL_MINOR,1014,5,,33.79,0,Inland,Low,1,Masonry_Arch
5582,54.420955191406,-6.26986007530302,Road_River,21119,17303,25.4,5,30.5,CL_MINOR,865,5,,29.97,0,Inland,High,5,Bespoke_Viaduct
5583,54.3896151458392,-6.26946569099452,Road_River,21120,11956,1.7,5,33.3,CL_MINOR,865,5,,30.72,0,Inland,Low,1,Culvert
5584,54.4702696422392,-6.18971450040596,Road_River,21124,11792,1.5,5,26.8,CL_MINOR,1014,5,,22.49,0,Inland,Low,1,Culvert
5585,54.4634238543413,-6.24669734305031,Road_River,21125,8210,27,5,19.3,CL_MINOR,828,5,,25.86,0,Inland,High,5,Bespoke_Viaduct
5586,54.4640315507859,-6.19232888515662,Road_River,21130,11792,2.7,5,42.3,CL_MINOR,828,5,,23.06,0,Inland,Low,1,Masonry_Arch
5587,54.4402634062441,-6.18229732539801,Road_River,21139,11826,1.1,5,10.5,CL_MINOR,846,5,,24.42,0,Inland,Low,1,Culvert
5588,54.433665183243,-6.20052378266104,Road_River,21141,11826,2,5,1.09999999999999,CL_MINOR,716,5,,25.76,0,Inland,Low,1,Masonry_Arch
5589,54.419214159195,-6.21761900173921,Road_River,21150,8224,1.7,5,44,CL_MINOR,697,5,,27.68,0,Inland,Low,1,Culvert
5590,54.4218390884432,-6.21513987295601,Road_River,21150,12199,23,5,3.09999999999999,CL_MINOR,697,5,,27.36,0,Inland,High,4,Bespoke_Viaduct
5591,54.4167947322156,-6.27187445510998,Road_River,21156,8232,3.4,5,43.7,CL_MINOR,865,5,,30.38,0,Inland,Low,1,Masonry_Arch
5592,54.4130251077061,-6.25449556031063,Road_River,21157,11957,2.5,5,8.5,CL_MINOR,679,5,,29.84,0,Inland,Low,1,Masonry_Arch
5593,54.4063515443681,-6.23358244120251,Road_River,21162,11954,5.3,5,16.4,CL_MINOR,679,5,,29.42,0,Inland,Low,1,RC_Slab
5594,54.3993655887784,-6.23048623495675,Road_River,21163,11901,2.8,5,36.7,CL_MINOR,697,5,,29.16,0,Inland,Low,1,Masonry_Arch
5595,54.3994702696455,-6.22913851828159,Road_River,21163,11955,6.8,5,14.3,CL_MINOR,697,5,,29.09,0,Inland,Low,2,Masonry_Arch
5596,54.3862237330418,-6.21387867136304,Road_River,21173,12048,2,5,46.3,CL_MINOR,1014,5,,27.47,0,Inland,Low,1,Masonry_Arch
5597,54.3977885476001,-6.22984238402969,Road_River,21174,11901,2,5,51.6,CL_MINOR,697,5,,29.04,0,Inland,Low,1,Masonry_Arch
5598,54.3877532694679,-6.23242276274806,Road_River,21179,11901,1,5,10.2,CL_MINOR,679,5,,28.57,0,Inland,Low,1,Culvert
5599,54.3785772817619,-6.2272185674063,Road_River,21180,12048,2.1,5,27.6,CL_MINOR,921,5,,27.75,0,Inland,Low,1,Masonry_Arch
5600,54.444354372414,-6.28107682548634,Road_River,21185,11798,3,5,57.7,CL_MINOR,753,5,,28.9,0,Inland,Low,1,Masonry_Arch
5601,54.4425702842652,-6.28306488966073,Road_River,21185,11799,2.3,5,9.59999999999999,CL_MINOR,753,5,,29.12,0,Inland,Low,1,Masonry_Arch
5602,54.4325229849444,-6.27638051598482,Road_River,21186,11834,14.7,5,57.6,CL_MINOR,753,5,,29.46,0,Inland,Medium,3,RC_Slab
5603,54.4381196057038,-6.27662259306737,Road_River,21186,11838,3.5,5,63.2,CL_MINOR,753,5,,29.09,0,Inland,Low,1,Masonry_Arch
5604,54.2995534291401,-6.45511365452566,Road_River,21188,9007,1,5,13.6,CL_MINOR,790,5,,24.97,0,Inland,Low,1,Culvert
5605,54.326141535381,-6.44486096198108,Road_River,21189,8788,13.6,5,19.4,CL_MINOR,1014,5,,27.3,0,Inland,High,3,RC_Slab
5606,54.4172599927522,-6.30990416083337,Road_River,21204,8235,3.2,5,13.8,CL_MINOR,716,5,,32.21,0,Inland,Low,1,Masonry_Arch
5607,54.4048252067712,-6.29803067900164,Road_River,21208,11959,1.7,5,18.4,CL_MINOR,716,5,,32.52,0,Inland,Low,1,Culvert
5608,54.4025938256553,-6.31651604777011,Road_River,21211,9888,2.6,5,14.4,CL_MINOR,716,5,,33.42,0,Inland,Low,1,Masonry_Arch
5609,54.470050965501,-6.33290134783863,Road_River,21235,7368,1.7,5,8.7,CL_MINOR,1014,5,,30.18,0,Inland,Low,1,Culvert
5610,54.3757514455691,-6.33610765272161,Road_River,21239,7955,17,5,0.900000000000006,CL_MINOR,790,5,,30.61,0,Inland,Medium,1,Bespoke_Viaduct
5611,54.3764630690227,-6.33634359037594,Road_River,21239,7956,2.1,5,25.4,CL_MINOR,790,5,,30.69,0,Inland,Low,1,Masonry_Arch
5612,54.3489091680654,-6.41229827236844,Road_River,21246,8670,1.2,5,15.2,CL_MINOR,1014,5,,28.87,0,Inland,Low,1,Culvert
5613,54.3480211794035,-6.41254726998573,Road_River,21246,8671,24.6,5,40.5,CL_MINOR,1014,5,,28.78,0,Inland,High,5,Bespoke_Viaduct
5614,54.3118256953596,-6.1787536398623,Road_River,21259,8901,2.8,5,28.4,CL_MINOR,865,5,,21.75,0,Inland,Low,1,Masonry_Arch
5615,54.31270783893,-6.1777942316424,Road_River,21261,8900,2.5,5,34.1,CL_MINOR,865,5,,21.73,0,Inland,Low,1,Masonry_Arch
5616,54.3174319408265,-6.20200570909518,Road_River,21263,8902,4.6,5,75,CL_MINOR,828,5,,23.36,0,Inland,Low,1,RC_Slab
5617,54.3175012231411,-6.20242450206456,Road_River,21263,8902,3.3,5,72,CL_MINOR,828,5,,23.38,0,Inland,Low,1,Masonry_Arch
5618,54.3175998412269,-6.2030619963369,Road_River,21264,8902,2.1,5,7.7,CL_MINOR,828,5,,23.42,0,Inland,Low,1,Masonry_Arch
5619,54.3176533256929,-6.20387635728348,Road_River,21264,8902,3.6,5,75,CL_MINOR,828,5,,23.47,0,Inland,Low,1,Masonry_Arch
5620,54.3176548913938,-6.20390019683506,Road_River,21264,8902,2.6,5,56.6,CL_MINOR,828,5,,23.47,0,Inland,Low,1,Masonry_Arch
5621,54.3177253177568,-6.20497251715408,Road_River,21264,8902,2.8,5,16.9,CL_MINOR,828,5,,23.54,0,Inland,Low,1,Masonry_Arch
5622,54.3461523970275,-6.27025627494833,Road_River,21265,8661,2.5,5,23.1,CL_MINOR,995,5,,27,0,Inland,Low,1,Masonry_Arch
5623,54.3833995376664,-6.20454868052601,Road_River,21272,11898,7.8,5,40,CL_MINOR,697,5,,26.8,0,Inland,Medium,2,Masonry_Arch
5624,54.3916777352431,-6.20168791699219,Road_River,21272,11952,2.1,5,7.3,CL_MINOR,697,5,,27.12,0,Inland,Low,1,Masonry_Arch
5625,54.4269070838588,-6.16697823672186,Road_River,21277,8220,2,5,15.6,CL_MINOR,846,5,,24.87,0,Inland,Low,1,Masonry_Arch
5626,54.3741911242295,-6.28789881272486,Road_River,21282,7952,2.2,5,25,CL_MINOR,939,5,,30.14,0,Inland,Low,1,Masonry_Arch
5627,54.3737791653384,-6.28817216036315,Road_River,21282,7954,28.2,5,29.8,CL_MINOR,939,5,,30.1,0,Inland,High,5,Bespoke_Viaduct
5628,54.4739444754332,-6.20559009585692,Road_River,21290,8208,25.2,5,1.2,CL_MINOR,1014,5,,23.03,0,Inland,High,5,Bespoke_Viaduct
5629,54.5716156195266,-6.25950544031207,Road_River,21306,7107,3.4,5,41.3,CL_MINOR,697,5,,22.02,0,Inland,Medium,1,Masonry_Arch
5630,54.5798838221987,-6.19263096402179,Road_River,21325,7104,2.7,5,48.1,CL_MINOR,1014,5,,17.62,0,Inland,Low,1,Masonry_Arch
5631,54.5783182312316,-6.24315117239872,Road_River,21329,7106,6.3,5,55.7,CL_MINOR,697,5,,20.88,0,Inland,Medium,2,Masonry_Arch
5632,54.5794971209776,-6.19574758117556,Road_River,21333,7104,2.6,5,32.8,CL_MINOR,1014,5,,17.83,0,Inland,Low,1,Masonry_Arch
5633,54.5826066326585,-6.22318897348515,Road_River,21334,7104,2.1,5,34,CL_MINOR,1014,5,,19.55,0,Inland,Low,1,Masonry_Arch
5634,54.588227851337,-6.23943178034655,Road_River,21335,7064,7.8,5,27.7,CL_MINOR,697,5,,20.54,0,Inland,Low,2,Masonry_Arch
5635,54.6411330960356,-6.23718341226525,Road_River,21339,6892,1.6,5,28.2,CL_MINOR,641,5,,20.74,0,Inland,Low,1,Culvert
5636,54.6441689317869,-6.24552902829178,Road_River,21340,6892,1.2,5,26.7,CL_MINOR,641,5,,21.28,0,Inland,Low,1,Culvert
5637,54.6335772828914,-6.2211964003099,Road_River,21344,6960,1.7,5,4.7,CL_MINOR,921,5,,19.61,0,Inland,Low,1,Culvert
5638,54.6279487180534,-6.22951669080599,Road_River,21345,6960,1.5,5,38,CL_MINOR,623,5,,20.07,0,Inland,Low,1,Culvert
5639,54.6275111440573,-6.2014936689789,Road_River,21352,6959,7.3,5,9,CL_MINOR,921,5,,18.27,0,Inland,Low,2,Masonry_Arch
5640,54.6245279999995,-6.21277804866884,Road_River,21353,6961,4.1,5,51.9,CL_MINOR,921,5,,18.95,0,Inland,Low,1,Masonry_Arch
5641,54.6129554188693,-6.26872117696188,Road_River,21358,6965,8.3,5,13.1,CL_MINOR,623,5,,22.42,0,Inland,Low,2,Masonry_Arch
5642,54.6144992065274,-6.27419110146221,Road_River,21358,7022,3.1,5,35,CL_MINOR,623,5,,22.78,0,Inland,Low,1,Masonry_Arch
5643,54.6032825057629,-6.17508504139468,Road_River,21365,17156,5.2,5,24.6,CL_MINOR,753,5,,16.35,0,Inland,Low,1,RC_Slab
5644,54.6001214350857,-6.1673496602769,Road_River,21367,7061,2.7,5,11.2,CL_MINOR,753,5,,15.85,0,Inland,Low,1,Masonry_Arch
5645,54.634320269905,-6.22011703799027,Road_River,21368,6960,1.3,5,33.9,CL_MINOR,921,5,,19.55,0,Inland,Low,1,Culvert
5646,54.4824152947664,-6.34715778207792,Road_River,21377,7368,2.4,5,1,CL_MINOR,1014,5,,30.38,0,Inland,Low,1,Masonry_Arch
5647,54.486649940246,-6.35958326991827,Road_River,21380,7368,4.2,5,24,CL_MINOR,1014,5,,30.91,0,Inland,Low,1,Masonry_Arch
5648,54.4774708892991,-6.17604479088504,Road_River,21383,11737,19.9,5,3.8,CL_MINOR,828,5,,21.3,0,Inland,Medium,1,Bespoke_Viaduct
5649,54.491730241502,-6.19279681054647,Road_River,21412,11735,5.4,5,57.4,CL_MINOR,1014,5,,21.21,0,Inland,Medium,1,RC_Slab
5650,54.4839235612755,-6.20011845863665,Road_River,21418,11739,2.4,5,5.3,CL_MINOR,1014,5,,22.09,0,Inland,Low,1,Masonry_Arch
5651,54.5133148053473,-6.26264863519908,Road_River,21427,7262,1.2,5,14.2,CL_MINOR,809,5,,24,0,Inland,Low,1,Culvert
5652,54.5681279157339,-6.2684621756817,Road_River,21433,17044,2.5,5,13.6,CL_MINOR,772,5,,22.65,0,Inland,Low,1,Masonry_Arch
5653,54.556677691304,-6.20970060311282,Road_River,21445,7135,1.6,5,41.1,CL_MINOR,1014,5,,19.19,0,Inland,Low,1,Culvert
5654,54.4785846517938,-6.29653559236735,Road_River,21454,7330,1.5,5,12.4,CL_MINOR,1014,5,,27.67,0,Inland,Low,1,Culvert
5655,54.4763005800477,-6.29998231374047,Road_River,21454,7370,1.1,5,5.5,CL_MINOR,1014,5,,27.99,0,Inland,Low,1,Culvert
5656,54.5354667693284,-6.30326498858328,Road_River,21457,7171,2.4,5,2.5,CL_MINOR,697,5,,25.63,0,Inland,Low,1,Masonry_Arch
5657,54.5414741665277,-6.27458508040563,Road_River,21460,7167,4.6,5,54.7,CL_MINOR,511,5,,23.67,0,Inland,Low,1,RC_Slab
5658,54.5403374016931,-6.28793726151901,Road_River,21461,7169,1.3,5,14.5,CL_MINOR,511,5,,24.53,0,Inland,Low,1,Culvert
5659,54.5415994345225,-6.29836594151326,Road_River,21461,7171,2.4,5,24.8,CL_MINOR,511,5,,25.14,0,Inland,Low,1,Masonry_Arch
5660,54.5405908706156,-6.28958231192478,Road_River,21461,17162,1.8,5,27.2,CL_MINOR,511,5,,24.63,0,Inland,Low,1,Culvert
5661,54.5289972435041,-6.34020435635027,Road_River,21462,17042,2,5,1.09999999999999,CL_MINOR,418,5,,28.12,0,Inland,Low,1,Masonry_Arch
5662,54.5208964749179,-6.31010882545534,Road_River,21466,7171,2.1,5,7.2,CL_MINOR,716,5,,26.54,0,Inland,Low,1,Masonry_Arch
5663,54.5165252485329,-6.33370708338683,Road_River,21472,17042,1,5,9.3,CL_MINOR,418,5,,28.14,0,Inland,Low,1,Culvert
5664,54.5148207164906,-6.28750566827666,Road_River,21474,7266,1.6,5,13,CL_MINOR,809,5,,25.41,0,Inland,Low,1,Culvert
5665,54.4976927738261,-6.31063798270859,Road_River,21481,7333,2.1,5,20.5,CL_MINOR,716,5,,27.53,0,Inland,Low,1,Masonry_Arch
5666,54.4831948367752,-6.28963026441171,Road_River,21485,7329,2.5,5,8.90000000000001,CL_MINOR,939,5,,27.03,0,Inland,Low,1,Masonry_Arch
5667,54.4787473817304,-6.40919766399984,Road_River,21488,17039,2.3,5,53.1,CL_MINOR,809,5,,34.19,0,Inland,Low,1,Masonry_Arch
5668,54.4945677792475,-6.23912038875279,Road_River,21500,7328,2.1,5,25.3,CL_MINOR,828,5,,23.57,0,Inland,Low,1,Masonry_Arch
5669,54.5253975143314,-6.22522269817072,Road_River,21504,7215,2,5,26,CL_MINOR,641,5,,21.25,0,Inland,Low,1,Masonry_Arch
5670,54.7330724942261,-6.25828972947407,Road_River,21512,6604,3.5,5,25.4,CL_MINOR,846,5,,24.16,0,Inland,Low,1,Masonry_Arch
5671,54.7494453887813,-6.26542732300379,Road_River,21513,6467,2.6,5,18.8,CL_MINOR,716,5,,25.22,0,Inland,Low,1,Masonry_Arch
5672,54.7413953990307,-6.23741589041514,Road_River,21514,6602,2.8,5,8,CL_MINOR,846,5,,23.22,0,Inland,Low,1,Masonry_Arch
5673,54.6988729271254,-6.15011211063768,Road_River,21520,6704,3.7,5,42.4,CL_MINOR,865,5,,16.27,0,Inland,Medium,1,Masonry_Arch
5674,54.7021090745007,-6.14338248222593,Road_River,21521,6704,4.5,5,9.09999999999999,CL_MINOR,865,5,,16,0,Inland,Low,1,Masonry_Arch
5675,54.6961534289551,-6.15040105110398,Road_River,21527,6885,4.5,5,7.59999999999999,CL_MINOR,865,5,,16.18,0,Inland,Low,1,Masonry_Arch
5676,54.6646071799456,-6.18066957005077,Road_River,21530,6825,2.9,5,21.9,CL_MINOR,716,5,,17.27,0,Inland,Low,1,Masonry_Arch
5677,54.6635689719703,-6.17966956267452,Road_River,21532,6891,2.6,5,26.8,CL_MINOR,716,5,,17.19,0,Inland,Low,1,Masonry_Arch
5678,54.6676783675407,-6.19098214861209,Road_River,21533,6827,4.8,5,46.9,CL_MINOR,716,5,,17.97,0,Inland,Medium,1,RC_Slab
5679,54.6614220200718,-6.23455987367559,Road_River,21534,6828,1.5,5,1.59999999999999,CL_MINOR,641,5,,20.68,0,Inland,Low,1,Culvert
5680,54.7197746000269,-6.15112523556328,Road_River,21538,6455,2.9,5,30.4,CL_MINOR,1014,5,,17.18,0,Inland,Low,1,Masonry_Arch
5681,54.719448020389,-6.14896996167637,Road_River,21538,6672,1.8,5,15.7,CL_MINOR,1014,5,,17.04,0,Inland,Low,1,Culvert
5682,54.7352019391831,-6.2039392666976,Road_River,21541,6598,2,5,41.3,CL_MINOR,1014,5,,20.96,0,Inland,Low,1,Masonry_Arch
5683,54.7349706006421,-6.20385544493824,Road_River,21541,6599,2.5,5,7,CL_MINOR,1014,5,,20.94,0,Inland,Low,1,Masonry_Arch
5684,54.7349805363844,-6.23946568815552,Road_River,21544,6602,3.5,5,8.40000000000001,CL_MINOR,846,5,,23.12,0,Inland,Low,1,Masonry_Arch
5685,54.7463362466093,-6.20323135228873,Road_River,21554,6596,3.7,5,18.1,CL_MINOR,641,5,,21.36,0,Inland,Low,1,Masonry_Arch
5686,54.7659539384891,-6.20737624220716,Road_River,21555,6365,3.4,5,58.8,CL_MINOR,641,5,,22.53,0,Inland,Low,1,Masonry_Arch
5687,54.7666331569964,-6.20953490179127,Road_River,21557,6365,1.2,5,6,CL_MINOR,641,5,,22.68,0,Inland,Low,1,Culvert
5688,54.7566754195978,-6.22887104802796,Road_River,21558,6458,2.8,5,22.6,CL_MINOR,828,5,,23.33,0,Inland,Low,1,Masonry_Arch
5689,54.7532552556926,-6.22875313479289,Road_River,21558,6461,2.7,5,24.9,CL_MINOR,828,5,,23.18,0,Inland,Low,1,Masonry_Arch
5690,54.7138403986122,-6.21843270373181,Road_River,21562,6678,32.8,5,2.40000000000001,CL_MINOR,1014,5,,20.97,0,Inland,High,6,Bespoke_Viaduct
5691,54.7181638329535,-6.19854773318232,Road_River,21565,6674,2.5,5,14.5,CL_MINOR,1014,5,,19.97,0,Inland,Low,1,Masonry_Arch
5692,54.7264962229382,-6.20450878941941,Road_River,21577,6673,1.8,5,34.3,CL_MINOR,1014,5,,20.68,0,Inland,Low,1,Culvert
5693,54.7264990704597,-6.20429628795541,Road_River,21578,6673,1.6,5,4.90000000000001,CL_MINOR,1014,5,,20.67,0,Inland,Low,1,Culvert
5694,54.7211830239732,-6.38905824226277,Road_River,21581,6682,2.5,5,20,CL_MINOR,790,5,,31.7,0,Inland,Low,1,Masonry_Arch
5695,54.7253100467316,-6.35178364158058,Road_River,21588,6611,1.1,5,7.09999999999999,CL_MINOR,697,5,,29.52,0,Inland,Low,1,Culvert
5696,54.7356068109569,-6.25915424642952,Road_River,21590,6604,8.7,5,59.8,CL_MINOR,846,5,,24.33,0,Inland,Medium,2,Masonry_Arch
5697,54.7423318428703,-6.36067110822821,Road_River,21592,6611,0.9,5,16.4,CL_MINOR,697,5,,30.67,0,Inland,Low,1,Culvert
5698,54.742435674064,-6.37649576106903,Road_River,21595,6610,1.5,5,20.2,CL_MINOR,790,5,,31.63,0,Inland,Low,1,Culvert
5699,54.7501507146189,-6.37472113088111,Road_River,21597,6478,1,5,11,CL_MINOR,716,5,,31.82,0,Inland,Low,1,Culvert
5700,54.7578967013418,-6.38557096110322,Road_River,21607,6482,1.7,5,11,CL_MINOR,716,5,,32.79,0,Inland,Low,1,Culvert
5701,54.7678805083199,-6.34240201011617,Road_River,21612,6382,3.9,5,0,CL_MINOR,846,5,,30.58,0,Inland,Low,1,Masonry_Arch
5702,54.7501758630592,-6.29826336594785,Road_River,21614,6605,2.7,5,20.5,CL_MINOR,716,5,,27.24,0,Inland,Low,1,Masonry_Arch
5703,54.7203214295709,-6.43665074607085,Road_River,21619,6686,2.5,5,42.1,CL_MINOR,735,5,,34.64,0,Inland,Low,1,Masonry_Arch
5704,54.7179399568956,-6.44376549638831,Road_River,21620,6686,2.4,5,9.5,CL_MINOR,735,5,,35.03,0,Inland,Low,1,Masonry_Arch
5705,54.7367414047481,-6.42551491653266,Road_River,21626,6616,4.1,5,38.1,CL_MINOR,735,5,,34.43,0,Inland,Low,1,Masonry_Arch
5706,54.7306494704992,-6.39231951585682,Road_River,21629,6683,2.3,5,1.8,CL_MINOR,790,5,,32.19,0,Inland,Low,1,Masonry_Arch
5707,54.7382679747728,-6.41242102757754,Road_River,21630,6614,0.9,5,0.400000000000006,CL_MINOR,735,5,,33.68,0,Inland,Low,1,Culvert
5708,54.7353994404944,-6.41734774844602,Road_River,21630,6685,2.9,5,3.09999999999999,CL_MINOR,735,5,,33.89,0,Inland,Low,1,Masonry_Arch
5709,54.7367679671069,-6.43587626395652,Road_River,21632,6616,2.5,5,27.7,CL_MINOR,735,5,,35.07,0,Inland,Low,1,Masonry_Arch
5710,54.7333583674206,-6.44048641026515,Road_River,21632,6617,1.5,5,18.6,CL_MINOR,735,5,,35.25,0,Inland,Low,1,Culvert
5711,54.7511795735142,-6.4194089215276,Road_River,21638,6492,8.9,5,60.3,CL_MINOR,697,5,,34.56,0,Inland,Medium,2,Masonry_Arch
5712,54.7510064940496,-6.41865461080502,Road_River,21638,6613,2.8,5,41,CL_MINOR,697,5,,34.51,0,Inland,Medium,1,Masonry_Arch
5713,54.7458803238059,-6.42639871196227,Road_River,21639,6614,1.9,5,16,CL_MINOR,735,5,,34.8,0,Inland,Low,1,Masonry_Arch
5714,54.7569527782145,-6.40186170785743,Road_River,21640,6486,1.4,5,19.1,CL_MINOR,716,5,,33.73,0,Inland,Low,1,Culvert
5715,54.7550188629177,-6.4430328527686,Road_River,21641,6614,2.3,5,35,CL_MINOR,697,5,,36.14,0,Inland,Low,1,Masonry_Arch
5716,54.7538345709435,-6.41001790465209,Road_River,21642,6613,4.5,5,6.8,CL_MINOR,697,5,,34.1,0,Inland,Low,1,Masonry_Arch
5717,54.7658072105281,-6.41003193610154,Road_River,21643,6485,1.9,5,6,CL_MINOR,716,5,,34.58,0,Inland,Low,1,Masonry_Arch
5718,54.7651733365946,-6.43876936387777,Road_River,21645,6490,2.6,5,8.3,CL_MINOR,697,5,,36.28,0,Inland,Low,1,Masonry_Arch
5719,54.7675183891877,-6.41713600748908,Road_River,21646,6407,1.1,5,1.2,CL_MINOR,697,5,,35.08,0,Inland,Low,1,Culvert
5720,54.7669984262705,-6.41939738472299,Road_River,21647,6408,2.7,5,39.4,CL_MINOR,697,5,,35.19,0,Inland,Low,1,Masonry_Arch
5721,54.7665616902949,-6.42040421734496,Road_River,21647,6489,2.2,5,18.8,CL_MINOR,697,5,,35.23,0,Inland,Low,1,Masonry_Arch
5722,54.6607774171317,-6.26386765619005,Road_River,21651,6828,1.2,5,18,CL_MINOR,641,5,,22.55,0,Inland,Low,1,Culvert
5723,54.714239489346,-6.44899467579587,Road_River,21657,6686,1.1,5,9.90000000000001,CL_MINOR,586,5,,35.26,0,Inland,Low,1,Culvert
5724,54.8199639058186,-6.44618765737384,Road_River,21660,6158,3.6,5,16.9,CL_MINOR,437,5,,34.56,0,Inland,Low,1,Masonry_Arch
5725,54.8131357267699,-6.41088339486973,Road_River,21663,6153,1.7,5,56.5,CL_MINOR,548,5,,33.06,0,Inland,Low,1,Culvert
5726,54.8008578114487,-6.44703292948391,Road_River,21667,6234,2.7,5,2.2,CL_MINOR,492,5,,35.75,0,Inland,Low,1,Masonry_Arch
5727,54.8052107819509,-6.42126992986708,Road_River,21668,6159,1.9,5,9.2,CL_MINOR,548,5,,34.11,0,Inland,Low,1,Masonry_Arch
5728,54.8011092598228,-6.4316340317914,Road_River,21668,6236,3.6,5,42.7,CL_MINOR,548,5,,34.92,0,Inland,Medium,1,Masonry_Arch
5729,54.7938922449814,-6.40163499415188,Road_River,21670,6231,5.4,5,48.1,CL_MINOR,641,5,,33.85,0,Inland,Medium,1,RC_Slab
5730,54.7871081393014,-6.42406140789429,Road_River,21671,6400,3.7,5,45.1,CL_MINOR,548,5,,35.45,0,Inland,Low,1,Masonry_Arch
5731,54.7784749179708,-6.4205182885482,Road_River,21672,6402,2.7,5,15.4,CL_MINOR,697,5,,35.72,0,Inland,Low,1,Masonry_Arch
5732,54.7823514406354,-6.4039202336556,Road_River,21674,6395,2.7,5,38.5,CL_MINOR,641,5,,34.76,0,Inland,Low,1,Masonry_Arch
5733,54.775043566633,-6.40099899951166,Road_River,21675,6396,2.1,5,17.6,CL_MINOR,716,5,,34.41,0,Inland,Low,1,Masonry_Arch
5734,54.7731404497831,-6.40312173303645,Road_River,21675,6397,3.5,5,49.7,CL_MINOR,716,5,,34.46,0,Inland,Low,1,Masonry_Arch
5735,54.7670430795742,-6.24848033765046,Road_River,21677,6368,3.3,5,7.40000000000001,CL_MINOR,828,5,,24.96,0,Inland,Low,1,Masonry_Arch
5736,54.783800423625,-6.32326900350199,Road_River,21678,6226,1.6,5,4.2,CL_MINOR,623,5,,30.12,0,Inland,Low,1,Culvert
5737,54.7797972642899,-6.32538354833235,Road_River,21678,6383,2.5,5,7.2,CL_MINOR,623,5,,30.06,0,Inland,Low,1,Masonry_Arch
5738,54.7657135775522,-6.33605490706191,Road_River,21678,6385,7.8,5,41.5,CL_MINOR,623,5,,30.12,0,Inland,Medium,2,Masonry_Arch
5739,54.7718038638662,-6.33043448812515,Road_River,21678,6391,3.9,5,9.3,CL_MINOR,623,5,,30.02,0,Inland,Low,1,Masonry_Arch
5740,54.7725504099011,-6.35204834257877,Road_River,21680,6394,3.7,5,43.5,CL_MINOR,846,5,,31.35,0,Inland,Low,1,Masonry_Arch
5741,54.7822311747726,-6.2809475308704,Road_River,21686,6373,2.5,5,21.3,CL_MINOR,716,5,,27.58,0,Inland,Low,1,Masonry_Arch
5742,54.7892093950419,-6.25651123255098,Road_River,21687,6371,3.7,5,9.3,CL_MINOR,1014,5,,26.54,0,Inland,Low,1,Masonry_Arch
5743,54.7903016189092,-6.27545891161733,Road_River,21689,6214,2.4,5,28.7,CL_MINOR,735,5,,27.67,0,Inland,Low,1,Masonry_Arch
5744,54.7906464914156,-6.26744512394011,Road_River,21689,6215,1.7,5,3.7,CL_MINOR,735,5,,27.23,0,Inland,Low,1,Culvert
5745,54.789829994393,-6.28520783066688,Road_River,21692,6217,3.1,5,12.4,CL_MINOR,735,5,,28.2,0,Inland,Low,1,Masonry_Arch
5746,54.7901793995058,-6.28977282574989,Road_River,21693,6217,4.4,5,10.2,CL_MINOR,735,5,,28.48,0,Inland,Low,1,Masonry_Arch
5747,54.7632757950106,-6.31259907502886,Road_River,21694,6468,3.1,5,32.6,CL_MINOR,623,5,,28.61,0,Inland,Low,1,Masonry_Arch
5748,54.7888329397402,-6.29383315149007,Road_River,21695,6220,9.9,5,5.90000000000001,CL_MINOR,735,5,,28.65,0,Inland,Low,2,RC_Slab
5749,54.7921686022186,-6.39543486232042,Road_River,21696,6231,2.8,5,18.7,CL_MINOR,641,5,,33.65,0,Inland,Low,1,Masonry_Arch
5750,54.8041440864919,-6.28272762636416,Road_River,21700,6213,1,5,1.09999999999999,CL_MINOR,735,5,,27.38,0,Inland,Low,1,Culvert
5751,54.8083318169064,-6.2593034411389,Road_River,21701,6361,2.5,5,38.1,CL_MINOR,1014,5,,26,0,Inland,Low,1,Masonry_Arch
5752,54.8078354353876,-6.31846370496798,Road_River,21703,6142,1.9,5,2.09999999999999,CL_MINOR,492,5,,28.75,0,Inland,Low,1,Masonry_Arch
5753,54.7905089263396,-6.32010244921694,Road_River,21703,6223,2.6,5,13.3,CL_MINOR,492,5,,30.15,0,Inland,Low,1,Masonry_Arch
5754,54.8129185313934,-6.31971113618732,Road_River,21704,6139,5.5,5,41.1,CL_MINOR,492,5,,28.43,0,Inland,Medium,1,RC_Slab
5755,54.812517629641,-6.34111637244586,Road_River,21708,6147,2.1,5,9.5,CL_MINOR,567,5,,29.51,0,Inland,Low,1,Masonry_Arch
5756,54.8128689983978,-6.37517670761778,Road_River,21710,6150,2.1,5,16.4,CL_MINOR,641,5,,31.21,0,Inland,Low,1,Masonry_Arch
5757,54.8224970996675,-6.28268970603213,Road_River,21711,5908,1.5,5,16.8,CL_MINOR,902,5,,25.95,0,Inland,Low,1,Culvert
5758,54.8262717760901,-6.344527228822,Road_River,21712,5914,2,5,31,CL_MINOR,902,5,,28.74,0,Inland,Low,1,Masonry_Arch
5759,54.7631326555454,-6.23123055817085,Road_River,21715,6459,1.4,5,1.90000000000001,CL_MINOR,828,5,,23.77,0,Inland,Low,1,Culvert
5760,54.8096859453367,-6.28217743667019,Road_River,21717,6135,13.7,5,15.1,CL_MINOR,735,5,,26.91,0,Inland,Medium,1,Bespoke_Viaduct
5761,54.8173420476546,-6.28528273059994,Road_River,21719,6134,2.5,5,4.5,CL_MINOR,735,5,,26.46,0,Inland,Low,1,Masonry_Arch
5762,54.7989096664422,-6.33157852106552,Road_River,21721,6224,6.4,5,50.6,CL_MINOR,492,5,,30.04,0,Inland,Medium,2,Masonry_Arch
5763,54.7908473099301,-6.32601168366258,Road_River,21721,6227,1.4,5,33.5,CL_MINOR,492,5,,30.39,0,Inland,Low,1,Culvert
5764,54.8000836964008,-6.41019379133742,Road_River,21724,6230,3.5,5,70,CL_MINOR,641,5,,33.87,0,Inland,Low,1,Masonry_Arch
5765,54.7848429833036,-6.44820308356312,Road_River,21726,6235,1.8,5,7,CL_MINOR,865,5,,36.84,0,Inland,Low,1,Culvert
5766,54.7904250237739,-6.44989950219043,Road_River,21726,6237,4.7,5,45.5,CL_MINOR,865,5,,36.57,0,Inland,Medium,1,RC_Slab
5767,54.7780903820531,-6.44635000929143,Road_River,21726,6409,7.2,5,42.7,CL_MINOR,865,5,,37.2,0,Inland,Medium,2,Masonry_Arch
5768,54.8075766797051,-6.1595609332378,Road_River,21731,6112,4.2,5,35.5,CL_MINOR,548,5,,21.27,0,Inland,Low,1,Masonry_Arch
5769,54.8158966382887,-6.14324086985899,Road_River,21732,6107,2.4,5,0.200000000000003,CL_MINOR,548,5,,19.89,0,Inland,Low,1,Masonry_Arch
5770,54.8190848209204,-6.15661898115994,Road_River,21733,6107,2.5,5,21.3,CL_MINOR,641,5,,20.47,0,Inland,Low,1,Masonry_Arch
5771,54.815952520246,-6.17194738069665,Road_River,21733,6108,2.4,5,12.9,CL_MINOR,641,5,,21.5,0,Inland,Low,1,Masonry_Arch
5772,54.8163789755297,-6.16993357790154,Road_River,21733,6109,1.7,5,30.6,CL_MINOR,641,5,,21.36,0,Inland,Low,1,Culvert
5773,54.7996797886848,-6.13920072993552,Road_River,21735,6070,1.5,5,32.7,CL_MINOR,548,5,,20.66,0,Inland,Low,1,Culvert
5774,54.8007397340433,-6.13959399744949,Road_River,21735,6096,2.1,5,33.9,CL_MINOR,548,5,,20.61,0,Inland,Low,1,Masonry_Arch
5775,54.806957798894,-6.14145775753779,Road_River,21735,6101,2.8,5,29.1,CL_MINOR,548,5,,20.32,0,Inland,Low,1,Masonry_Arch
5776,54.7977762399741,-6.17288322265148,Road_River,21736,6098,2.5,5,18.9,CL_MINOR,641,5,,22.53,0,Inland,Low,1,Masonry_Arch
5777,54.7946410924888,-6.17693417395624,Road_River,21736,6360,2.6,5,10,CL_MINOR,641,5,,22.54,0,Inland,Low,1,Masonry_Arch
5778,54.8013688950146,-6.17026487651922,Road_River,21737,6110,2.8,5,17.6,CL_MINOR,641,5,,22.22,0,Inland,Low,1,Masonry_Arch
5779,54.7763246820162,-6.20442154465447,Road_River,21743,6362,1.8,5,29.4,CL_MINOR,641,5,,22.91,0,Inland,Low,1,Culvert
5780,54.7692859079116,-6.19845091742035,Road_River,21745,6364,2.7,5,42.5,CL_MINOR,641,5,,22.19,0,Inland,Low,1,Masonry_Arch
5781,54.7884205483715,-6.21007083781772,Road_River,21746,6361,1.4,5,42.8,CL_MINOR,623,5,,23.91,0,Inland,Low,1,Culvert
5782,54.7790161150432,-6.19672284175792,Road_River,21747,6361,1.5,5,29.1,CL_MINOR,641,5,,22.63,0,Inland,Low,1,Culvert
5783,54.7889007679263,-6.18602843527072,Road_River,21747,6363,2.4,5,23.9,CL_MINOR,641,5,,22.65,0,Inland,Low,1,Masonry_Arch
5784,54.7682216298327,-6.21112175598721,Road_River,21748,6364,2.1,5,20.5,CL_MINOR,641,5,,22.86,0,Inland,Low,1,Masonry_Arch
5785,54.7746812784801,-6.21843942235863,Road_River,21748,6367,4.8,5,63.9,CL_MINOR,641,5,,23.61,0,Inland,Medium,1,RC_Slab
5786,54.772818797855,-6.21667209295201,Road_River,21748,6367,6.6,5,52.6,CL_MINOR,641,5,,23.41,0,Inland,Medium,2,Masonry_Arch
5787,54.7793233021501,-6.21062590571913,Road_River,21750,6362,2,5,32.7,CL_MINOR,641,5,,23.42,0,Inland,Low,1,Masonry_Arch
5788,54.8283270749292,-6.16888442400476,Road_River,21754,5905,3.2,5,53.9,CL_MINOR,530,5,,20.58,0,Inland,Low,1,Masonry_Arch
5789,54.8291091278311,-6.22867410551168,Road_River,21756,5906,2.1,5,30.4,CL_MINOR,1014,5,,22.97,0,Inland,Low,1,Masonry_Arch
5790,54.831633382463,-6.23567884876669,Road_River,21757,5906,1.3,5,21.4,CL_MINOR,1014,5,,23.08,0,Inland,Low,1,Culvert
5791,54.8225772670817,-6.25546456522686,Road_River,21757,5907,1.1,5,8.90000000000001,CL_MINOR,1014,5,,24.69,0,Inland,Low,1,Culvert
5792,54.827884994916,-6.22385943656716,Road_River,21758,5906,2.2,5,36.9,CL_MINOR,604,5,,22.85,0,Inland,Low,1,Masonry_Arch
5793,54.8268039963068,-6.20774048527307,Road_River,21758,5906,1,5,2.3,CL_MINOR,604,5,,22.25,0,Inland,Low,1,Culvert
5794,54.8270087270496,-6.14784012508345,Road_River,21759,2723,17.6,5,17.3,CL_MINOR,511,5,,19.55,0,Inland,Medium,1,Bespoke_Viaduct
5795,54.7990976998579,-6.24102978880138,Road_River,21760,6361,1.9,5,11.5,CL_MINOR,1014,5,,25.99,0,Inland,Low,1,Masonry_Arch
5796,54.7847795373064,-6.24044280383729,Road_River,21761,6366,3.8,5,25.4,CL_MINOR,1014,5,,25.39,0,Inland,Low,1,Masonry_Arch
5797,54.7689098521541,-6.20436650214572,Road_River,21763,6364,1,5,7.3,CL_MINOR,641,5,,22.51,0,Inland,Low,1,Culvert
5798,54.7662382974767,-6.20441512688929,Road_River,21763,6365,2.2,5,12.5,CL_MINOR,641,5,,22.37,0,Inland,Low,1,Masonry_Arch
5799,54.7553560693351,-6.43196311282886,Road_River,21765,6492,2.1,5,15,CL_MINOR,697,5,,35.48,0,Inland,Low,1,Masonry_Arch
5800,54.8355641057642,-6.40695271758217,Road_River,21768,5917,2.4,5,34.3,CL_MINOR,846,5,,31.5,0,Inland,Low,1,Masonry_Arch
5801,54.8316903205245,-6.41032468348818,Road_River,21769,5920,2.2,5,26.7,CL_MINOR,846,5,,31.91,0,Inland,Low,1,Masonry_Arch
5802,54.8321553621611,-6.41291136311119,Road_River,21770,5920,2.7,5,33.5,CL_MINOR,865,5,,32.02,0,Inland,Low,1,Masonry_Arch
5803,54.8286161799095,-6.42049655773514,Road_River,21770,5922,1.9,5,27.7,CL_MINOR,865,5,,32.65,0,Inland,Low,1,Masonry_Arch
5804,54.8297069846415,-6.41697910008108,Road_River,21770,5922,7.6,5,57.9,CL_MINOR,865,5,,32.39,0,Inland,Medium,1,RC_Slab
5805,54.8286684163405,-6.44024478990379,Road_River,21771,5928,2.7,5,8,CL_MINOR,865,5,,33.74,0,Inland,Low,1,Masonry_Arch
5806,54.8226801467508,-6.33048259555292,Road_River,21772,5914,2.8,5,14.1,CL_MINOR,772,5,,28.27,0,Inland,Low,1,Masonry_Arch
5807,54.8281013988733,-6.38436941373695,Road_River,21774,5916,1.5,5,2,CL_MINOR,846,5,,30.71,0,Inland,Low,1,Culvert
5808,54.7467118777226,-6.26328291452672,Road_River,21775,6466,1.9,5,6.59999999999999,CL_MINOR,790,5,,24.99,0,Inland,Low,1,Masonry_Arch
5809,54.7409278740262,-6.26218558681623,Road_River,21775,6604,3,5,37.5,CL_MINOR,790,5,,24.71,0,Inland,Low,1,Masonry_Arch
5810,54.7178352161824,-6.37069480064951,Road_River,21777,6729,2.4,5,48.7,CL_MINOR,790,5,,30.46,0,Inland,Low,1,Masonry_Arch
5811,54.7495001402614,-6.23278274024941,Road_River,21778,6462,1.8,5,30.7,CL_MINOR,828,5,,23.26,0,Inland,Low,1,Culvert
5812,54.7493601389106,-6.23331861571582,Road_River,21778,6602,3.9,5,29.2,CL_MINOR,828,5,,23.28,0,Inland,Low,1,Masonry_Arch
5813,54.7299968866024,-6.1622491249854,Road_River,21780,6672,10.3,5,70.1,CL_MINOR,1014,5,,18.23,0,Inland,Medium,2,RC_Slab
5814,54.7333208326679,-6.1626522772109,Road_River,21780,6672,6.6,5,47,CL_MINOR,1014,5,,18.39,0,Inland,Medium,2,Masonry_Arch
5815,54.7385631542087,-6.20383994260991,Road_River,21782,6598,2.6,5,0.700000000000003,CL_MINOR,1014,5,,21.08,0,Inland,Low,1,Masonry_Arch
5816,54.7216051464812,-6.20970822155153,Road_River,21793,6674,1.6,5,16.5,CL_MINOR,1014,5,,20.78,0,Inland,Low,1,Culvert
5817,54.6961994470293,-6.16987204379821,Road_River,21798,6767,1.2,5,1.2,CL_MINOR,921,5,,17.37,0,Inland,Low,1,Culvert
5818,54.63342902905,-6.19011521298296,Road_River,21800,6958,2.7,5,18.7,CL_MINOR,604,5,,17.62,0,Inland,Low,1,Masonry_Arch
5819,54.7591390214228,-6.19493198562423,Road_River,21811,6456,2,5,45.5,CL_MINOR,641,5,,21.47,0,Inland,Low,1,Masonry_Arch
5820,54.739194007752,-6.33361994900831,Road_River,21818,6609,2.4,5,39.1,CL_MINOR,474,5,,28.91,0,Inland,Low,1,Masonry_Arch
5821,54.6627936678469,-6.16048372216116,Road_River,21820,6821,3,5,30.5,CL_MINOR,716,5,,15.96,0,Inland,Low,1,Masonry_Arch
5822,54.8023617845946,-6.20550974580585,Road_River,21824,6121,1.4,5,42.5,CL_MINOR,623,5,,24.12,0,Inland,Low,1,Culvert
5823,54.7925916624775,-6.19175248249675,Road_River,21824,6363,2.9,5,62.3,CL_MINOR,623,5,,23.18,0,Inland,Low,1,Masonry_Arch
5824,54.7907218845627,-6.18737118392528,Road_River,21824,6363,3.7,5,63.5,CL_MINOR,623,5,,22.83,0,Inland,Low,1,Masonry_Arch
5825,54.6808306842006,-6.22383437668255,Road_River,21829,6771,8.7,5,8.3,CL_MINOR,1014,5,,20.3,0,Inland,Low,2,Masonry_Arch
5826,54.8094471639454,-6.19773326480199,Road_River,21835,6117,13.1,5,31,CL_MINOR,623,5,,23.31,0,Inland,Low,3,Masonry_Arch
5827,54.7375392461692,-6.21461723327691,Road_River,21840,6601,2.3,5,20.7,CL_MINOR,1014,5,,21.69,0,Inland,Low,1,Masonry_Arch
5828,54.8652877948932,-6.27858791274428,Road_River,21841,5679,4.4,5,4.8,CL_MINOR,1014,5,,22.75,0,Inland,Low,1,Masonry_Arch
5829,54.8375545758187,-6.24153120296618,Road_River,21848,5774,1.7,5,14.6,CL_MINOR,1014,5,,22.87,0,Inland,Low,1,Culvert
5830,54.8485784541216,-6.21092226846083,Road_River,21849,5769,2.3,5,3.7,CL_MINOR,604,5,,20.62,0,Inland,Low,1,Masonry_Arch
5831,54.848384629884,-6.21115925885781,Road_River,21850,5769,3.2,5,54.3,CL_MINOR,604,5,,20.64,0,Inland,Low,1,Masonry_Arch
5832,54.8436004048821,-6.229303603069,Road_River,21852,5776,2.8,5,28.8,CL_MINOR,1014,5,,21.84,0,Inland,Low,1,Masonry_Arch
5833,54.8557769752202,-6.22529370864937,Road_River,21853,5674,2.9,5,11.5,CL_MINOR,660,5,,20.72,0,Inland,Low,1,Masonry_Arch
5834,54.8560846965905,-6.21124854717615,Road_River,21855,5670,3.7,5,3.3,CL_MINOR,604,5,,20.04,0,Inland,Low,1,Masonry_Arch
5835,54.8584957089145,-6.21196466824095,Road_River,21855,5671,2.8,5,25.5,CL_MINOR,604,5,,19.89,0,Inland,Low,1,Masonry_Arch
5836,54.8556055204714,-6.18392901282768,Road_River,21858,5669,8.1,5,59.1,CL_MINOR,530,5,,18.85,0,Inland,Medium,2,Masonry_Arch
5837,54.8599538256316,-6.20816054113182,Road_River,21858,5671,1.3,5,31.8,CL_MINOR,530,5,,19.6,0,Inland,Low,1,Culvert
5838,54.8544698518118,-6.17754965652149,Road_River,21858,5768,2.1,5,58.6,CL_MINOR,530,5,,18.66,0,Inland,Low,1,Masonry_Arch
5839,54.8646254220138,-6.16368017704211,Road_River,21864,5663,4.4,5,17.5,CL_MINOR,492,5,,17.23,0,Inland,Low,1,Masonry_Arch
5840,54.8633048178701,-6.16761323353271,Road_River,21864,5664,2.1,5,3.59999999999999,CL_MINOR,492,5,,17.51,0,Inland,Low,1,Masonry_Arch
5841,54.8617771999045,-6.17965712416668,Road_River,21864,5668,1.2,5,33.8,CL_MINOR,492,5,,18.16,0,Inland,Low,1,Culvert
5842,54.8745801752412,-6.18467160773693,Road_River,21867,5565,3.1,5,11.7,CL_MINOR,660,5,,17.38,0,Inland,Low,1,Masonry_Arch
5843,54.8771375408048,-6.1739337166677,Road_River,21868,5567,3,5,34.1,CL_MINOR,492,5,,16.69,0,Inland,Low,1,Masonry_Arch
5844,54.8726962670636,-6.21326064631829,Road_River,21869,5672,1.7,5,16.3,CL_MINOR,660,5,,18.9,0,Inland,Low,1,Culvert
5845,54.8747615185922,-6.23563941287747,Road_River,21870,5678,6.5,5,14.6,CL_MINOR,1014,5,,19.89,0,Inland,Low,2,Masonry_Arch
5846,54.8443298503245,-6.2487242444272,Road_River,21874,5779,5.1,5,64.3,CL_MINOR,1014,5,,22.69,0,Inland,Medium,1,RC_Slab
5847,54.8828037455423,-6.14734935362243,Road_River,21893,5554,1.4,5,21.5,CL_MINOR,660,5,,15.04,0,Inland,Low,1,Culvert
5848,54.8813010520181,-6.15460844670718,Road_River,21893,5568,5.7,5,62.4,CL_MINOR,660,5,,15.48,0,Inland,Medium,1,RC_Slab
5849,54.8860935541628,-6.14088659444317,Road_River,21895,5555,2,5,11.7,CL_MINOR,660,5,,14.48,0,Inland,Low,1,Masonry_Arch
5850,54.8874254615317,-6.139209207763,Road_River,21895,5557,3.7,5,50.9,CL_MINOR,660,5,,14.3,0,Inland,Medium,1,Masonry_Arch
5851,54.891780043784,-6.15003188362495,Road_River,21896,5487,3.4,5,1.3,CL_MINOR,660,5,,14.45,0,Inland,Low,1,Masonry_Arch
5852,54.8895307801764,-6.15625835036985,Road_River,21896,5552,5,5,38.1,CL_MINOR,660,5,,14.91,0,Inland,Low,1,RC_Slab
5853,54.8870028375777,-6.1736322133031,Road_River,21897,5569,1.9,5,16,CL_MINOR,492,5,,15.93,0,Inland,Low,1,Masonry_Arch
5854,54.8918052885172,-6.1357609207766,Road_River,21899,5487,3.8,5,12.5,CL_MINOR,660,5,,13.8,0,Inland,Low,1,Masonry_Arch
5855,54.9042337938042,-6.19983480929904,Road_River,21904,5357,10,5,23.4,CL_MINOR,735,5,,16.13,0,Inland,Low,2,RC_Slab
5856,54.9135330734237,-6.2276850860735,Road_River,21908,5364,2.8,5,51.2,CL_MINOR,735,5,,17.2,0,Inland,Low,1,Masonry_Arch
5857,54.9152042233636,-6.20111949987047,Road_River,21909,5399,2.6,5,4.59999999999999,CL_MINOR,735,5,,15.59,0,Inland,Low,1,Masonry_Arch
5858,54.9192412253386,-6.19867564233706,Road_River,21910,5398,4.1,5,75,CL_MINOR,735,5,,15.24,0,Inland,Low,1,Masonry_Arch
5859,54.9184716102371,-6.22788069621249,Road_River,21912,5364,2,5,0.599999999999994,CL_MINOR,735,5,,16.97,0,Inland,Low,1,Masonry_Arch
5860,54.9118648931103,-6.18770507245246,Road_River,21913,5390,1.4,5,24.2,CL_MINOR,511,5,,15.02,0,Inland,Low,1,Culvert
5861,54.9228639025043,-6.17602225070126,Road_River,21913,5391,4.5,5,19.2,CL_MINOR,511,5,,13.76,0,Inland,Low,1,Masonry_Arch
5862,54.906673369901,-6.19372654233245,Road_River,21913,5397,3.3,5,7.59999999999999,CL_MINOR,511,5,,15.66,0,Inland,Low,1,Masonry_Arch
5863,54.9291758487532,-6.13701911257179,Road_River,21914,5384,5.1,5,38.1,CL_MINOR,381,5,,11.23,0,Inland,Low,1,RC_Slab
5864,54.9314298899559,-6.17606065280811,Road_River,21917,5389,4.2,5,41.5,CL_MINOR,511,5,,13.33,0,Inland,Medium,1,Masonry_Arch
5865,54.9183111784743,-6.19776276940044,Road_River,21917,5398,2.5,5,10.1,CL_MINOR,511,5,,15.24,0,Inland,Low,1,Masonry_Arch
5866,54.9327894614408,-6.16095579101693,Road_River,21918,5248,1.8,5,44,CL_MINOR,455,5,,12.4,0,Inland,Low,1,Culvert
5867,54.9248245660681,-6.20903130871792,Road_River,21921,5399,2.2,5,22.7,CL_MINOR,735,5,,15.56,0,Inland,Low,1,Masonry_Arch
5868,54.9354298572033,-6.17029256271766,Road_River,21924,5249,5.9,5,24.2,CL_MINOR,455,5,,12.8,0,Inland,Low,1,RC_Slab
5869,54.9378838963947,-6.19267156680073,Road_River,21926,5258,1.5,5,15.3,CL_MINOR,455,5,,14.01,0,Inland,Low,1,Culvert
5870,54.9379501838153,-6.18039387415779,Road_River,21926,5389,2.3,5,47.6,CL_MINOR,455,5,,13.28,0,Inland,Medium,1,Masonry_Arch
5871,54.9391330364731,-6.2145105895793,Road_River,21927,5259,2.9,5,41.7,CL_MINOR,586,5,,15.28,0,Inland,Low,1,Masonry_Arch
5872,54.9382368097396,-6.21114941695255,Road_River,21927,5259,2.7,5,16.1,CL_MINOR,586,5,,15.11,0,Inland,Low,1,Masonry_Arch
5873,54.9376027234551,-6.20946838265964,Road_River,21927,5259,3.5,5,50.3,CL_MINOR,586,5,,15.03,0,Inland,Low,1,Masonry_Arch
5874,54.88869849983,-6.20365628847163,Road_River,21930,5572,2.3,5,11.3,CL_MINOR,660,5,,17.31,0,Inland,Low,1,Masonry_Arch
5875,54.8818207801364,-6.20615682020055,Road_River,21930,5573,9.5,5,28.8,CL_MINOR,660,5,,17.91,0,Inland,Low,1,RC_Slab
5876,54.8962444884478,-6.1718620397233,Road_River,21931,5499,6.3,5,0.900000000000006,CL_MINOR,511,5,,15.18,0,Inland,Low,2,Masonry_Arch
5877,54.8958028805562,-6.17692120932133,Road_River,21931,5569,2.2,5,0.900000000000006,CL_MINOR,511,5,,15.47,0,Inland,Low,1,Masonry_Arch
5878,54.8883509941412,-6.22935260785312,Road_River,21932,5363,1.5,5,13.7,CL_MINOR,1014,5,,18.69,0,Inland,Low,1,Culvert
5879,54.8968990028868,-6.21049681949056,Road_River,21933,5353,2.6,5,3.09999999999999,CL_MINOR,735,5,,17.15,0,Inland,Low,1,Masonry_Arch
5880,54.8949262864194,-6.21557898151047,Road_River,21933,5364,1.3,5,9.7,CL_MINOR,735,5,,17.55,0,Inland,Low,1,Culvert
5881,54.8880924512881,-6.27953857490549,Road_River,21936,5365,2.6,5,44.2,CL_MINOR,1014,5,,21.47,0,Inland,Low,1,Masonry_Arch
5882,54.8903249564101,-6.26370199709274,Road_River,21940,5365,1.4,5,20.6,CL_MINOR,753,5,,20.46,0,Inland,Low,1,Culvert
5883,54.8974734760253,-6.26540512609417,Road_River,21941,5365,1.7,5,15,CL_MINOR,753,5,,20.17,0,Inland,Low,1,Culvert
5884,54.8969835792152,-6.26553023071158,Road_River,21943,5365,3.1,5,68.4,CL_MINOR,753,5,,20.21,0,Inland,Low,1,Masonry_Arch
5885,54.9031133654113,-6.24384697623203,Road_River,21945,5363,1.6,5,12.7,CL_MINOR,772,5,,18.65,0,Inland,Low,1,Culvert
5886,54.9080705149642,-6.2450306191385,Road_River,21947,5363,2.5,5,21.9,CL_MINOR,772,5,,18.47,0,Inland,Low,1,Masonry_Arch
5887,54.924901672096,-6.271564314436,Road_River,21950,5404,3.2,5,42.5,CL_MINOR,753,5,,19.28,0,Inland,Low,1,Masonry_Arch
5888,54.9214526628156,-6.24693412317697,Road_River,21954,5363,2.5,5,7.2,CL_MINOR,772,5,,17.95,0,Inland,Low,1,Masonry_Arch
5889,54.9258456122696,-6.26220312106625,Road_River,21956,5403,2,5,23.7,CL_MINOR,753,5,,18.67,0,Inland,Low,1,Masonry_Arch
5890,54.9254105510435,-6.27274951703162,Road_River,21958,5404,6.5,5,68.6,CL_MINOR,753,5,,19.33,0,Inland,Low,2,Masonry_Arch
5891,54.9341835366762,-6.27212581950885,Road_River,21962,5403,2.9,5,41.7,CL_MINOR,604,5,,18.97,0,Inland,Low,1,Masonry_Arch
5892,54.9339896775731,-6.27710212457577,Road_River,21964,5264,11.8,5,33.8,CL_MINOR,604,5,,19.28,0,Inland,Medium,1,Bespoke_Viaduct
5893,54.9496197862785,-6.23444785000892,Road_River,21965,5151,2.1,5,20.1,CL_MINOR,623,5,,16.16,0,Inland,Low,1,Masonry_Arch
5894,54.9570643670503,-6.21990740976519,Road_River,21967,5153,1.5,5,29,CL_MINOR,586,5,,15.05,0,Inland,Low,1,Culvert
5895,54.9448183124905,-6.21447316289539,Road_River,21971,5144,2.4,5,18.5,CL_MINOR,586,5,,15.07,0,Inland,Low,1,Masonry_Arch
5896,54.9558893575257,-6.21449717631239,Road_River,21971,5153,1.6,5,40.2,CL_MINOR,586,5,,14.75,0,Inland,Low,1,Culvert
5897,54.96324189392,-6.22420695869506,Road_River,21972,5148,13.3,5,5.7,CL_MINOR,586,5,,15.18,0,Inland,Medium,1,Bespoke_Viaduct
5898,54.9628200936607,-6.22292413021774,Road_River,21973,5153,1.7,5,32.7,CL_MINOR,586,5,,15.11,0,Inland,Low,1,Culvert
5899,54.9655528965419,-6.21181666692664,Road_River,21975,5145,2.6,5,5.90000000000001,CL_MINOR,753,5,,14.35,0,Inland,Low,1,Masonry_Arch
5900,54.9792633757278,-6.18890468491642,Road_River,21978,813,1.6,5,20,CL_MINOR,753,5,,12.37,0,Inland,Low,1,Culvert
5901,54.975981410076,-6.19434402257733,Road_River,21978,814,1.7,5,32.4,CL_MINOR,753,5,,12.87,0,Inland,Low,1,Culvert
5902,54.9736304942575,-6.19922749008691,Road_River,21978,815,2.8,5,13.5,CL_MINOR,753,5,,13.28,0,Inland,Low,1,Masonry_Arch
5903,54.9726454640826,-6.2093511255121,Road_River,21980,816,16.4,5,28.1,CL_MINOR,753,5,,13.83,0,Inland,High,3,RC_Slab
5904,54.9849525190856,-6.17888716955989,Road_River,21983,812,2.3,5,3.3,CL_MINOR,511,5,,11.46,0,Inland,Low,1,Masonry_Arch
5905,54.9865369534462,-6.17737040687831,Road_River,21983,4986,6.9,5,3.8,CL_MINOR,511,5,,11.27,0,Inland,Low,2,Masonry_Arch
5906,54.9928914126764,-6.21107272454536,Road_River,21985,4995,1.9,5,10.5,CL_MINOR,753,5,,12.49,0,Inland,Low,1,Masonry_Arch
5907,54.9483481428729,-6.27585101449988,Road_River,21987,5265,3.4,5,9.8,CL_MINOR,604,5,,18.79,0,Inland,Low,1,Masonry_Arch
5908,54.9692024560051,-6.25139026077702,Road_River,21990,5157,1.5,5,2.90000000000001,CL_MINOR,530,5,,16.14,0,Inland,Low,1,Culvert
5909,54.9981067566076,-6.2345461311975,Road_River,21993,4867,1.6,5,8.59999999999999,CL_MINOR,530,5,,13.39,0,Inland,Low,1,Culvert
5910,54.9969625994964,-6.26226539821391,Road_River,21993,4998,1.6,5,51,CL_MINOR,530,5,,14.99,0,Inland,Low,1,Culvert
5911,54.9937349167683,-6.18391444921811,Road_River,21994,4985,11,5,2.90000000000001,CL_MINOR,511,5,,11.05,0,Inland,Low,2,RC_Slab
5912,54.8968296750212,-6.19896801608307,Road_River,21995,5356,1.7,5,6.09999999999999,CL_MINOR,735,5,,16.54,0,Inland,Low,1,Culvert
5913,54.8605821665035,-6.40624997466818,Road_River,21996,839,1.8,5,9.59999999999999,CL_MINOR,641,5,,30.12,0,Inland,Low,1,Culvert
5914,54.8977807476205,-6.42985181602232,Road_River,21999,5507,2.7,5,19.6,CL_MINOR,548,5,,29.9,0,Inland,Low,1,Masonry_Arch
5915,54.8926912924472,-6.43835312668352,Road_River,21999,5593,2.4,5,8.8,CL_MINOR,548,5,,30.6,0,Inland,Low,1,Masonry_Arch
5916,54.9028904695911,-6.4358808983214,Road_River,22004,5507,2.1,5,14.8,CL_MINOR,697,5,,30.07,0,Inland,Low,1,Masonry_Arch
5917,54.8975056206678,-6.4559858630366,Road_River,22004,5508,13.6,5,46.9,CL_MINOR,697,5,,31.47,0,Inland,Medium,3,RC_Slab
5918,54.9175577244659,-6.40568800643454,Road_River,22009,5406,1.3,5,2.2,CL_MINOR,567,5,,27.54,0,Inland,Low,1,Culvert
5919,54.9289970818176,-6.40006466491239,Road_River,22010,5407,4.8,5,23.1,CL_MINOR,530,5,,26.52,0,Inland,Low,1,RC_Slab
5920,54.9303845638128,-6.40085024375632,Road_River,22010,5408,4,5,30.2,CL_MINOR,530,5,,26.47,0,Inland,Low,1,Masonry_Arch
5921,54.9483685882724,-6.39219325169329,Road_River,22011,5170,3.1,5,4,CL_MINOR,530,5,,24.94,0,Inland,Low,1,Masonry_Arch
5922,54.9456788472981,-6.39373407587024,Road_River,22011,5285,4.1,5,7.40000000000001,CL_MINOR,530,5,,25.18,0,Inland,Low,1,Masonry_Arch
5923,54.940581166684,-6.39654991375203,Road_River,22011,5289,3.4,5,22.2,CL_MINOR,530,5,,25.63,0,Inland,Low,1,Masonry_Arch
5924,54.9449429392905,-6.41958166005585,Road_River,22012,5291,1.6,5,9.7,CL_MINOR,474,5,,26.66,0,Inland,Low,1,Culvert
5925,54.9536571373684,-6.43118954004031,Road_River,22013,5175,1.8,5,5.7,CL_MINOR,474,5,,26.86,0,Inland,Low,1,Culvert
5926,54.9470715714999,-6.42381636811951,Road_River,22014,5291,4,5,11.2,CL_MINOR,474,5,,26.78,0,Inland,Low,1,Masonry_Arch
5927,54.9393856522697,-6.45722316252592,Road_River,22014,5295,2.3,5,15.3,CL_MINOR,474,5,,29.08,0,Inland,Low,1,Masonry_Arch
5928,54.9841329681081,-6.3967057907916,Road_River,22019,5071,2.2,5,28.3,CL_MINOR,511,5,,23.44,0,Inland,Low,1,Masonry_Arch
5929,54.9752734824662,-6.42583653874033,Road_River,22020,5072,0.9,5,7.40000000000001,CL_MINOR,381,5,,25.55,0,Inland,Low,1,Culvert
5930,54.9907954043813,-6.40358739816935,Road_River,22021,5020,5.4,5,47.1,CL_MINOR,511,5,,23.6,0,Inland,Medium,1,RC_Slab
5931,54.8800422066584,-6.43740050381349,Road_River,22024,5590,2.6,5,49.2,CL_MINOR,660,5,,31.05,0,Inland,Low,1,Masonry_Arch
5932,54.8799617913556,-6.43723022588399,Road_River,22024,5590,5.8,5,69,CL_MINOR,660,5,,31.04,0,Inland,Low,1,RC_Slab
5933,54.8797772411853,-6.4368394442813,Road_River,22024,5590,3.4,5,47.9,CL_MINOR,660,5,,31.02,0,Inland,Low,1,Masonry_Arch
5934,54.8793837317226,-6.43600619520763,Road_River,22024,5590,2.8,5,31.9,CL_MINOR,660,5,,30.99,0,Inland,Low,1,Masonry_Arch
5935,54.8698973267753,-6.43919652316344,Road_River,22026,5692,1.7,5,54.9,CL_MINOR,660,5,,31.59,0,Inland,Low,1,Culvert
5936,54.860571265646,-6.41327827897022,Road_River,22027,845,2.6,5,26.3,CL_MINOR,660,5,,30.53,0,Inland,Low,1,Masonry_Arch
5937,54.8538532239183,-6.43797693757594,Road_River,22030,844,1.9,5,4.5,CL_MINOR,865,5,,32.28,0,Inland,Low,1,Masonry_Arch
5938,54.8528820436293,-6.44658770209073,Road_River,22031,843,1.5,5,46.9,CL_MINOR,437,5,,32.83,0,Inland,Low,1,Culvert
5939,54.8534494130545,-6.44152692621318,Road_River,22031,843,1.6,5,33.1,CL_MINOR,437,5,,32.51,0,Inland,Low,1,Culvert
5940,54.8562843974965,-6.4434784283504,Road_River,22032,844,4.4,5,75,CL_MINOR,884,5,,32.48,0,Inland,Low,1,Masonry_Arch
5941,54.8563173165007,-6.44354871287031,Road_River,22032,5686,1.9,5,6.09999999999999,CL_MINOR,884,5,,32.48,0,Inland,Low,1,Masonry_Arch
5942,54.8582648681146,-6.40873512354531,Road_River,22035,845,2,5,23.4,CL_MINOR,865,5,,30.38,0,Inland,Low,1,Masonry_Arch
5943,54.8518492626402,-6.41615365126188,Road_River,22037,842,1.1,5,15.2,CL_MINOR,865,5,,31.13,0,Inland,Low,1,Culvert
5944,54.8518295268062,-6.43656522973643,Road_River,22039,843,4.1,5,49.7,CL_MINOR,865,5,,32.3,0,Inland,Low,1,Masonry_Arch
5945,54.8419680902932,-6.42704580420807,Road_River,22040,5926,1.4,5,3,CL_MINOR,865,5,,32.27,0,Inland,Low,1,Culvert
5946,54.8332569198099,-6.41238906615125,Road_River,22041,5921,2.5,5,16.1,CL_MINOR,865,5,,31.93,0,Inland,Low,1,Masonry_Arch
5947,54.835469335804,-6.42659932166113,Road_River,22042,5919,2.1,5,47.3,CL_MINOR,865,5,,32.6,0,Inland,Low,1,Masonry_Arch
5948,54.8317160575152,-6.4318739268292,Road_River,22042,5928,1.9,5,29.5,CL_MINOR,865,5,,33.1,0,Inland,Low,1,Masonry_Arch
5949,54.8441100800847,-6.42071102694053,Road_River,22043,5926,2.6,5,44,CL_MINOR,865,5,,31.8,0,Inland,Low,1,Masonry_Arch
5950,54.8441005020777,-6.42066660806957,Road_River,22043,5926,2,5,47.9,CL_MINOR,865,5,,31.79,0,Inland,Low,1,Masonry_Arch
5951,54.8500568905897,-6.41648638189181,Road_River,22045,841,2,5,35.6,CL_MINOR,865,5,,31.24,0,Inland,Low,1,Masonry_Arch
5952,54.8373598618103,-6.29175086359449,Road_River,22047,5909,2.6,5,0.5,CL_MINOR,902,5,,25.3,0,Inland,Low,1,Masonry_Arch
5953,54.8391147000732,-6.32912504852863,Road_River,22048,831,11.4,5,2.7,CL_MINOR,772,5,,27.09,0,Inland,Low,2,RC_Slab
5954,54.8392554008591,-6.32819948390748,Road_River,22049,831,5,5,4.8,CL_MINOR,772,5,,27.03,0,Inland,Low,1,RC_Slab
5955,54.8413781048664,-6.3340190217863,Road_River,22051,5684,2.7,5,42.4,CL_MINOR,902,5,,27.2,0,Inland,Low,1,Masonry_Arch
5956,54.8415322470673,-6.37942319036306,Road_River,22053,837,6.9,5,4.8,CL_MINOR,846,5,,29.64,0,Inland,Low,2,Masonry_Arch
5957,54.8513811398906,-6.30198987387462,Road_River,22058,828,21.9,5,0.299999999999997,CL_MINOR,772,5,,24.88,0,Inland,High,4,Bespoke_Viaduct
5958,54.8442314805887,-6.32728241805819,Road_River,22059,832,1.9,5,18.6,CL_MINOR,772,5,,26.67,0,Inland,Low,1,Masonry_Arch
5959,54.8484195180808,-6.33423919825411,Road_River,22061,832,1.4,5,12.3,CL_MINOR,772,5,,26.77,0,Inland,Low,1,Culvert
5960,54.8464728924815,-6.36087418934622,Road_River,22062,836,14.1,5,55.7,CL_MINOR,902,5,,28.33,0,Inland,Medium,3,RC_Slab
5961,54.8464165562683,-6.38670946804865,Road_River,22064,837,12.3,5,28.5,CL_MINOR,846,5,,29.76,0,Inland,Low,1,Bespoke_Viaduct
5962,54.8487437707989,-6.39235598168778,Road_River,22066,840,3.7,5,5.3,CL_MINOR,846,5,,29.95,0,Inland,Low,1,Masonry_Arch
5963,54.8488079589307,-6.39248164519832,Road_River,22066,845,1.3,5,8.5,CL_MINOR,846,5,,29.95,0,Inland,Low,1,Culvert
5964,54.8585718969555,-6.40329568650927,Road_River,22067,839,4,5,60.3,CL_MINOR,641,5,,30.05,0,Inland,Medium,1,Masonry_Arch
5965,54.8517487906193,-6.39708821603277,Road_River,22068,839,2.6,5,4.90000000000001,CL_MINOR,846,5,,30.05,0,Inland,Low,1,Masonry_Arch
5966,54.8761059920936,-6.30870399128708,Road_River,22075,5681,2.5,5,8.2,CL_MINOR,1014,5,,23.76,0,Inland,Low,1,Masonry_Arch
5967,54.8763821400917,-6.3085048612035,Road_River,22077,5681,4.1,5,58.5,CL_MINOR,1014,5,,23.73,0,Inland,Low,1,Masonry_Arch
5968,54.8765187414369,-6.4130895545403,Road_River,22085,5688,2,5,0.900000000000006,CL_MINOR,660,5,,29.76,0,Inland,Low,1,Masonry_Arch
5969,54.8713570826321,-6.33575791223553,Road_River,22088,5682,1.6,5,44.7,CL_MINOR,828,5,,25.54,0,Inland,Low,1,Culvert
5970,54.8846684903205,-6.33823093690537,Road_River,22089,5682,1.1,5,12.6,CL_MINOR,1014,5,,25,0,Inland,Low,1,Culvert
5971,54.8601768341842,-6.30384695460519,Road_River,22102,5681,2.5,5,6.8,CL_MINOR,1014,5,,24.42,0,Inland,Low,1,Masonry_Arch
5972,54.8647642999962,-6.33446970640033,Road_River,22109,833,34.9,5,22.5,CL_MINOR,1014,5,,25.83,0,Inland,High,6,Bespoke_Viaduct
5973,54.8756147203521,-6.29701035573587,Road_River,22116,5368,2.1,5,33.2,CL_MINOR,1014,5,,23.14,0,Inland,Low,1,Masonry_Arch
5974,54.8770274050579,-6.29919069570776,Road_River,22116,5368,1.9,5,22.1,CL_MINOR,1014,5,,23.18,0,Inland,Low,1,Masonry_Arch
5975,54.8705104850435,-6.29020853665364,Road_River,22116,5680,1.8,5,3.90000000000001,CL_MINOR,1014,5,,23.06,0,Inland,Low,1,Culvert
5976,54.8801261602531,-6.2987242322844,Road_River,22120,5368,1.7,5,37.3,CL_MINOR,1014,5,,22.98,0,Inland,Low,1,Culvert
5977,54.8997364820782,-6.38620103747063,Road_River,22130,5377,1.3,5,1.90000000000001,CL_MINOR,567,5,,27.17,0,Inland,Low,1,Culvert
5978,54.9010475804326,-6.38382471372714,Road_River,22130,5378,4.4,5,19.2,CL_MINOR,567,5,,26.98,0,Inland,Low,1,Masonry_Arch
5979,54.8851293827013,-6.37475991018689,Road_River,22131,5583,3.5,5,43.9,CL_MINOR,641,5,,27.11,0,Inland,Low,1,Masonry_Arch
5980,54.899149622542,-6.39292800132186,Road_River,22133,5506,2.1,5,14.4,CL_MINOR,567,5,,27.6,0,Inland,Low,1,Masonry_Arch
5981,54.8974189510486,-6.29070935441419,Road_River,22134,5365,1.6,5,4.90000000000001,CL_MINOR,753,5,,21.63,0,Inland,Low,1,Culvert
5982,54.9055457151138,-6.30960744124073,Road_River,22135,5368,2,5,5.5,CL_MINOR,1014,5,,22.35,0,Inland,Low,1,Masonry_Arch
5983,54.918877513282,-6.38873846135539,Road_River,22142,5406,2.2,5,18.3,CL_MINOR,567,5,,26.58,0,Inland,Low,1,Masonry_Arch
5984,54.9004838415181,-6.37864840815579,Road_River,22144,5378,5.3,5,38.6,CL_MINOR,567,5,,26.69,0,Inland,Low,1,RC_Slab
5985,54.9126170406941,-6.2901247588719,Road_River,22145,5365,1.5,5,44,CL_MINOR,753,5,,20.89,0,Inland,Low,1,Culvert
5986,54.9122512069891,-6.28994807836612,Road_River,22145,5365,7.2,5,75,CL_MINOR,753,5,,20.9,0,Inland,Low,1,RC_Slab
5987,54.9136755384599,-6.34740558485277,Road_River,22148,2685,2.8,5,7.8,CL_MINOR,660,5,,24.3,0,Inland,Low,1,Masonry_Arch
5988,54.9153061703851,-6.34639007036881,Road_River,22148,2687,3.2,5,50.7,CL_MINOR,660,5,,24.18,0,Inland,Low,1,Masonry_Arch
5989,54.9208634222935,-6.29560093397011,Road_River,22149,2675,3.2,5,5.5,CL_MINOR,753,5,,20.88,0,Inland,Low,1,Masonry_Arch
5990,54.9148107768787,-6.29606973894989,Road_River,22151,5365,1.4,5,19.4,CL_MINOR,1014,5,,21.15,0,Inland,Low,1,Culvert
5991,54.9176164774277,-6.28656861472561,Road_River,22152,2674,1.8,5,7.40000000000001,CL_MINOR,753,5,,20.47,0,Inland,Low,1,Culvert
5992,54.9189637826637,-6.28818454589789,Road_River,22153,2674,2.1,5,42.1,CL_MINOR,753,5,,20.51,0,Inland,Medium,1,Masonry_Arch
5993,54.9266857210656,-6.31829749014706,Road_River,22157,2683,2.4,5,46.1,CL_MINOR,1014,5,,22.06,0,Inland,Medium,1,Masonry_Arch
5994,54.9283389780051,-6.3754296622373,Road_River,22158,5275,1.6,5,18.2,CL_MINOR,567,5,,25.26,0,Inland,Low,1,Culvert
5995,54.9295011271392,-6.37082682769486,Road_River,22158,5282,10.8,5,18.6,CL_MINOR,567,5,,24.95,0,Inland,Low,2,RC_Slab
5996,54.9254666046695,-6.39427713719458,Road_River,22158,5407,2.5,5,9.90000000000001,CL_MINOR,567,5,,26.43,0,Inland,Low,1,Masonry_Arch
5997,54.9263690333565,-6.39203863022624,Road_River,22158,5408,3.6,5,19.6,CL_MINOR,567,5,,26.26,0,Inland,Low,1,Masonry_Arch
5998,54.9301292078206,-6.30036459586471,Road_River,22159,2680,3.4,5,37.2,CL_MINOR,697,5,,20.84,0,Inland,Low,1,Masonry_Arch
5999,54.9269044270562,-6.31047625929437,Road_River,22160,2680,2.1,5,4.2,CL_MINOR,697,5,,21.57,0,Inland,Low,1,Masonry_Arch
6000,54.9347871828754,-6.32694196257213,Road_River,22161,5271,2,5,21.5,CL_MINOR,697,5,,22.33,0,Inland,Low,1,Masonry_Arch
6001,54.9344559718977,-6.36202263334431,Road_River,22162,5281,25.7,5,3.7,CL_MINOR,735,5,,24.16,0,Inland,High,5,Bespoke_Viaduct
6002,54.9197847066803,-6.347587787644,Road_River,22163,2686,2.5,5,27.4,CL_MINOR,660,5,,24.09,0,Inland,Low,1,Masonry_Arch
6003,54.9312666552584,-6.35783421322622,Road_River,22163,5278,4.2,5,8.3,CL_MINOR,660,5,,24.16,0,Inland,Low,1,Masonry_Arch
6004,54.9408257694075,-6.30408015751582,Road_River,22164,5267,2.5,5,7.90000000000001,CL_MINOR,697,5,,20.75,0,Inland,Low,1,Masonry_Arch
6005,54.9327098541754,-6.30075764112227,Road_River,22164,5269,22.1,5,26.7,CL_MINOR,697,5,,20.78,0,Inland,High,4,Bespoke_Viaduct
6006,54.9230896897232,-6.34139712940396,Road_River,22166,2686,2.4,5,31.9,CL_MINOR,735,5,,23.6,0,Inland,Low,1,Masonry_Arch
6007,54.9284471804295,-6.33976247344001,Road_River,22166,2691,3.3,5,40.1,CL_MINOR,735,5,,23.33,0,Inland,Low,1,Masonry_Arch
6008,54.9342704083275,-6.33800332174298,Road_River,22166,5277,2.5,5,48.1,CL_MINOR,735,5,,22.93,0,Inland,Low,1,Masonry_Arch
6009,54.9371526374125,-6.35186244404656,Road_River,22167,5279,1.4,5,2.5,CL_MINOR,735,5,,23.46,0,Inland,Low,1,Culvert
6010,54.95417776597,-6.3430416925007,Road_River,22169,5169,20.4,5,1.40000000000001,CL_MINOR,735,5,,21.91,0,Inland,High,4,Bespoke_Viaduct
6011,54.953140993732,-6.31248732143244,Road_River,22171,5161,1.5,5,16.1,CL_MINOR,697,5,,20.36,0,Inland,Low,1,Culvert
6012,54.9674335278462,-6.37935413709764,Road_River,22174,5070,2.1,5,13.3,CL_MINOR,511,5,,23.19,0,Inland,Low,1,Masonry_Arch
6013,54.9771690563569,-6.31442968842643,Road_River,22175,827,1.7,5,54.5,CL_MINOR,548,5,,19,0,Inland,Low,1,Culvert
6014,54.9823303377143,-6.31521469539557,Road_River,22175,5067,3.6,5,41.3,CL_MINOR,548,5,,18.76,0,Inland,Low,1,Masonry_Arch
6015,54.9857835297964,-6.31059125204068,Road_River,22176,5006,2.1,5,7.59999999999999,CL_MINOR,548,5,,18.32,0,Inland,Low,1,Masonry_Arch
6016,54.9604473532459,-6.33460679994858,Road_River,22177,826,3.3,5,4.90000000000001,CL_MINOR,511,5,,21.07,0,Inland,Low,1,Masonry_Arch
6017,54.9880305705186,-6.38674233075276,Road_River,22179,5017,1.5,5,6.2,CL_MINOR,511,5,,22.69,0,Inland,Low,1,Culvert
6018,54.9845314096426,-6.39597724857211,Road_River,22179,5071,2.3,5,16.8,CL_MINOR,511,5,,23.38,0,Inland,Low,1,Masonry_Arch
6019,54.9802908124957,-6.2958860990951,Road_River,22180,5006,1.6,5,5.90000000000001,CL_MINOR,548,5,,17.79,0,Inland,Low,1,Culvert
6020,54.9939087100984,-6.29854609206675,Road_River,22182,5007,1.9,5,57.1,CL_MINOR,548,5,,17.22,0,Inland,Low,1,Masonry_Arch
6021,54.9904402578353,-6.30546747130862,Road_River,22183,5008,2.6,5,0.299999999999997,CL_MINOR,548,5,,17.79,0,Inland,Low,1,Masonry_Arch
6022,55.0004516215207,-6.38014131221259,Road_River,22188,5021,1.8,5,9.09999999999999,CL_MINOR,623,5,,21.81,0,Inland,Low,1,Culvert
6023,54.9975876958292,-6.30544925570967,Road_River,22199,5007,2.2,5,46.6,CL_MINOR,660,5,,17.45,0,Inland,Low,1,Masonry_Arch
6024,55.0090974996065,-6.3085337311197,Road_River,22201,4879,8.2,5,5.3,CL_MINOR,660,5,,17.14,0,Inland,Low,2,Masonry_Arch
6025,55.0079421465907,-6.29506778903774,Road_River,22202,4877,2.5,5,25.5,CL_MINOR,660,5,,16.38,0,Inland,Low,1,Masonry_Arch
6026,55.00450905123,-6.32240732001742,Road_River,22203,4881,2,5,15.9,CL_MINOR,660,5,,18.16,0,Inland,Low,1,Masonry_Arch
6027,54.9297789337437,-6.28756334647172,Road_River,22207,2679,10.5,5,13,CL_MINOR,604,5,,20.07,0,Inland,Low,2,RC_Slab
6028,54.9425316321199,-6.30373068311141,Road_River,22208,5267,2,5,25.5,CL_MINOR,604,5,,20.62,0,Inland,Low,1,Masonry_Arch
6029,54.9937824125821,-6.27352830411335,Road_River,22213,4997,2.6,5,4.40000000000001,CL_MINOR,548,5,,15.8,0,Inland,Low,1,Masonry_Arch
6030,55.0063253848005,-6.29007340308998,Road_River,22214,4878,1.5,5,40.4,CL_MINOR,474,5,,16.15,0,Inland,Low,1,Culvert
6031,55.0065017548282,-6.29200295490088,Road_River,22215,4877,4,5,47,CL_MINOR,474,5,,16.26,0,Inland,Medium,1,Masonry_Arch
6032,54.8572667602111,-6.29974094596682,Road_River,22216,5681,1.4,5,1.40000000000001,CL_MINOR,772,5,,24.38,0,Inland,Low,1,Culvert
6033,54.8618973657211,-6.35520577421241,Road_River,22217,5684,2.1,5,15.5,CL_MINOR,828,5,,27.15,0,Inland,Low,1,Masonry_Arch
6034,54.9986660495145,-6.32095693719911,Road_River,22218,4880,4.3,5,2.7,CL_MINOR,548,5,,18.31,0,Inland,Low,1,Masonry_Arch
6035,54.9986566134208,-6.32048800975812,Road_River,22218,5007,1,5,5.40000000000001,CL_MINOR,548,5,,18.29,0,Inland,Low,1,Culvert
6036,54.911172756404,-6.31025498698781,Road_River,22225,5368,1.5,5,7.5,CL_MINOR,1014,5,,22.15,0,Inland,Low,1,Culvert
6037,54.8938623559676,-6.30839879524492,Road_River,22227,5368,2.2,5,60.3,CL_MINOR,1014,5,,22.83,0,Inland,Low,1,Masonry_Arch
6038,55.0225149716365,-6.38652341588182,Road_River,22235,4790,1.4,5,28.2,CL_MINOR,623,5,,21.56,0,Inland,Low,1,Culvert
6039,55.0191923045642,-6.39364053704836,Road_River,22235,4791,2.6,5,2.40000000000001,CL_MINOR,623,5,,22.09,0,Inland,Low,1,Masonry_Arch
6040,55.0224854669436,-6.20866289027777,Road_River,22236,4745,1,5,9.59999999999999,CL_MINOR,399,5,,10.62,0,Inland,Low,1,Culvert
6041,55.0148966064231,-6.21144193535309,Road_River,22236,4858,2.5,5,28,CL_MINOR,399,5,,11.16,0,Inland,Low,1,Masonry_Arch
6042,55.0386389717317,-6.24395001393526,Road_River,22237,10860,4.6,5,63.5,CL_MINOR,399,5,,12.2,0,Inland,Low,1,RC_Slab
6043,55.0431078840647,-6.24935708632499,Road_River,22237,10873,2.6,5,39.4,CL_MINOR,399,5,,12.44,0,Inland,Low,1,Masonry_Arch
6044,55.0405203816889,-6.24632562963132,Road_River,22237,10874,1.3,5,38.8,CL_MINOR,399,5,,12.31,0,Inland,Low,1,Culvert
6045,55.0298875548576,-6.22882402507717,Road_River,22237,10955,1.9,5,28.4,CL_MINOR,399,5,,11.53,0,Inland,Low,1,Masonry_Arch
6046,55.0296808192381,-6.41223964703531,Road_River,22241,4792,2.9,5,0.299999999999997,CL_MINOR,604,5,,22.38,0,Inland,Low,1,Masonry_Arch
6047,55.0402411417189,-6.44058414175245,Road_River,22243,4681,1.3,5,10.4,CL_MINOR,865,5,,20.65,0,Inland,Low,1,Culvert
6048,55.0178796669637,-6.31265502425965,Road_River,22249,4779,2.5,5,10.9,CL_MINOR,660,5,,17.08,0,Inland,Low,1,Masonry_Arch
6049,55.0228704523587,-6.33116226955656,Road_River,22254,4774,8.8,5,7,CL_MINOR,660,5,,18.08,0,Inland,Low,2,Masonry_Arch
6050,55.024085005395,-6.33068398053326,Road_River,22254,4780,1,5,26.1,CL_MINOR,660,5,,18.02,0,Inland,Low,1,Culvert
6051,55.027617710721,-6.31978574626249,Road_River,22256,4778,11.3,5,9.2,CL_MINOR,660,5,,17.24,0,Inland,Low,2,RC_Slab
6052,55.0262062643633,-6.31782793732063,Road_River,22256,4782,1.8,5,20.2,CL_MINOR,660,5,,17.16,0,Inland,Low,1,Culvert
6053,55.0262185525748,-6.34273211676252,Road_River,22257,4774,4.7,5,19.9,CL_MINOR,660,5,,18.72,0,Inland,Low,1,RC_Slab
6054,55.0249157107888,-6.33108835682234,Road_River,22257,4780,1.1,5,0.400000000000006,CL_MINOR,660,5,,18.02,0,Inland,Low,1,Culvert
6055,55.0261329772092,-6.34203091096155,Road_River,22257,4781,3,5,27.4,CL_MINOR,660,5,,18.68,0,Inland,Low,1,Masonry_Arch
6056,55.0278565635853,-6.36608165087983,Road_River,22258,4784,11,5,4.09999999999999,CL_MINOR,660,5,,20.15,0,Inland,Low,2,RC_Slab
6057,55.0294350264755,-6.38388204893396,Road_River,22260,4790,2.1,5,19.9,CL_MINOR,623,5,,21.25,0,Inland,Low,1,Masonry_Arch
6058,55.0317954560141,-6.31599408479139,Road_River,22263,4783,1.6,5,9.7,CL_MINOR,660,5,,16.9,0,Inland,Low,1,Culvert
6059,55.0429002408635,-6.38857738739184,Road_River,22273,4676,1.8,5,32.7,CL_MINOR,641,5,,20.35,0,Inland,Low,1,Culvert
6060,55.0481799472028,-6.32632560647205,Road_River,22274,10879,1.7,5,3.90000000000001,CL_MINOR,604,5,,17.28,0,Inland,Low,1,Culvert
6061,55.048965476212,-6.32844860222473,Road_River,22275,10879,1.1,5,18.7,CL_MINOR,604,5,,17.41,0,Inland,Low,1,Culvert
6062,55.0449349304598,-6.35751752624987,Road_River,22278,4674,2,5,17.6,CL_MINOR,735,5,,19.27,0,Inland,Low,1,Masonry_Arch
6063,55.0513567423166,-6.37451025809057,Road_River,22283,4675,2.2,5,48,CL_MINOR,641,5,,19.1,0,Inland,Low,1,Masonry_Arch
6064,55.0545320664181,-6.39606240453288,Road_River,22284,4598,3,5,19.6,CL_MINOR,641,5,,19.48,0,Inland,Low,1,Masonry_Arch
6065,55.0079893045868,-6.2924561206235,Road_River,22287,4875,9.9,5,29.2,CL_MINOR,474,5,,16.22,0,Inland,Low,2,RC_Slab
6066,55.029205508394,-6.29452781557017,Road_River,22288,4771,3,5,55.1,CL_MINOR,474,5,,15.62,0,Inland,Medium,1,Masonry_Arch
6067,55.0284386474996,-6.29445592438569,Road_River,22288,4782,1,5,9.40000000000001,CL_MINOR,474,5,,15.63,0,Inland,Low,1,Culvert
6068,55.0332998390927,-6.28938776547886,Road_River,22289,4770,1.7,5,33.4,CL_MINOR,418,5,,15.19,0,Inland,Low,1,Culvert
6069,55.0447524941505,-6.26204959172452,Road_River,22289,10870,2.1,5,27.9,CL_MINOR,418,5,,13.22,0,Inland,Low,1,Masonry_Arch
6070,55.0451242770961,-6.25762130302074,Road_River,22289,10871,2.3,5,33.9,CL_MINOR,418,5,,12.93,0,Inland,Low,1,Masonry_Arch
6071,55.0455137787776,-6.25345899458377,Road_River,22289,10872,2.5,5,26.1,CL_MINOR,418,5,,12.66,0,Inland,Low,1,Masonry_Arch
6072,55.0319042174504,-6.29596161214146,Road_River,22291,4766,4.3,5,6.2,CL_MINOR,474,5,,15.64,0,Inland,Low,1,Masonry_Arch
6073,55.0560683389328,-6.3237420880464,Road_River,22292,10789,4.5,5,27,CL_MINOR,604,5,,17.06,0,Inland,Low,1,Masonry_Arch
6074,55.1784005339287,-6.45412152456788,Road_River,22296,10076,1.7,5,13.6,CL_MINOR,492,5,,6.58,0,Inland,Low,1,Culvert
6075,55.1783197974627,-6.44324683012197,Road_River,22296,10199,5.2,5,58.9,CL_MINOR,492,5,,6.32,0,Inland,Low,1,RC_Slab
6076,55.190330762197,-6.35967445923745,Road_River,22298,10062,3.3,5,15,CL_MINOR,660,5,,5.26,0,Inland,Low,1,Masonry_Arch
6077,55.1904407507134,-6.35988093796564,Road_River,22298,10063,6,5,9.09999999999999,CL_MINOR,660,5,,5.25,0,Inland,Low,1,RC_Slab
6078,55.1843958159257,-6.34674130597248,Road_River,22299,10059,3,5,38.5,CL_MINOR,660,5,,5.48,0,Inland,Low,1,Masonry_Arch
6079,55.1922548259215,-6.17804681096878,Road_River,22301,8071,7.7,5,9,CL_MINOR,604,5,,2.23,0,Coastal,Low,2,Masonry_Arch
6080,55.1887964096776,-6.18682026823826,Road_River,22301,10017,1.4,5,17.1,CL_MINOR,604,5,,2.49,0,Coastal,Low,1,Culvert
6081,55.1646629904644,-6.41834324342356,Road_River,22303,10273,3.1,5,32.2,CL_MINOR,492,5,,7.46,0,Inland,Low,1,Masonry_Arch
6082,55.1672712213808,-6.39142466184694,Road_River,22304,10188,12.1,5,17.1,CL_MINOR,697,5,,7.16,0,Inland,High,3,Masonry_Arch
6083,55.1774519741674,-6.39267826768036,Road_River,22304,10192,9.8,5,34.4,CL_MINOR,697,5,,6.03,0,Inland,Low,1,RC_Slab
6084,55.1647992337011,-6.40691189228829,Road_River,22305,10188,28.1,5,19.4,CL_MINOR,697,5,,7.39,0,Inland,High,5,Bespoke_Viaduct
6085,55.1647924113741,-6.40729206166849,Road_River,22305,10194,2.1,5,6.5,CL_MINOR,697,5,,7.39,0,Inland,Low,1,Masonry_Arch
6086,55.1361698558009,-6.42631784278092,Road_River,22310,10273,2.2,5,21.9,CL_MINOR,716,5,,10.66,0,Inland,Low,1,Masonry_Arch
6087,55.1347601025616,-6.42375059000625,Road_River,22312,10273,1.7,5,2.90000000000001,CL_MINOR,716,5,,10.8,0,Inland,Low,1,Culvert
6088,55.1369242283326,-6.40678435422633,Road_River,22312,10344,19.9,5,12.9,CL_MINOR,716,5,,10.48,0,Inland,High,4,RC_Slab
6089,55.1371154275893,-6.40001144842358,Road_River,22313,10337,11.5,5,10.4,CL_MINOR,586,5,,10.47,0,Inland,Low,2,RC_Slab
6090,55.1286371032991,-6.42959749768548,Road_River,22314,10453,16.1,5,12.3,CL_MINOR,716,5,,11.52,0,Inland,High,3,RC_Slab
6091,55.1250759809499,-6.3939130422196,Road_River,22316,10441,2.1,5,52.2,CL_MINOR,586,5,,11.82,0,Inland,Low,1,Masonry_Arch
6092,55.1239030427197,-6.39748699924047,Road_River,22316,10442,2.1,5,38.5,CL_MINOR,586,5,,11.94,0,Inland,Low,1,Masonry_Arch
6093,55.12698142611,-6.34553543123653,Road_River,22318,8097,13.9,5,1.2,CL_MINOR,697,5,,11.01,0,Inland,High,3,RC_Slab
6094,55.1291230509464,-6.32734430005275,Road_River,22319,8098,24,5,45,CL_MINOR,660,5,,10.12,0,Inland,Medium,1,Bespoke_Viaduct
6095,55.1294744056796,-6.37204426630852,Road_River,22320,10443,2,5,0,CL_MINOR,697,5,,11.5,0,Inland,Low,1,Masonry_Arch
6096,55.1241340706693,-6.36393857027135,Road_River,22320,10449,19,5,11.1,CL_MINOR,697,5,,11.92,0,Inland,High,4,RC_Slab
6097,55.1643232817434,-6.35019875949829,Road_River,22329,10268,1.7,5,16.6,CL_MINOR,567,5,,7.64,0,Inland,Low,1,Culvert
6098,55.1788302688602,-6.29263482884726,Road_River,22332,10052,4.4,5,21.4,CL_MINOR,455,5,,4.32,0,Coastal,Low,1,Masonry_Arch
6099,55.1657795898512,-6.29548076901337,Road_River,22333,10174,1.5,5,14.8,CL_MINOR,455,5,,5.65,0,Inland,Low,1,Culvert
6100,55.1710917279471,-6.31263688799082,Road_River,22335,10185,1.7,5,12.3,CL_MINOR,586,5,,5.75,0,Inland,Low,1,Culvert
6101,55.1556702327122,-6.22220500618798,Road_River,22337,8432,2,5,22.2,CL_MINOR,381,5,,5.43,0,Inland,Low,1,Masonry_Arch
6102,55.1441242402166,-6.24485470076705,Road_River,22337,8437,1.4,5,41.5,CL_MINOR,381,5,,6.65,0,Inland,Low,1,Culvert
6103,55.122472481056,-6.3613739213624,Road_River,22341,10436,2.4,5,24.3,CL_MINOR,697,5,,11.98,0,Inland,Low,1,Masonry_Arch
6104,55.0526929468914,-6.19707456835741,Road_River,22343,10752,2.2,5,33.6,CL_MINOR,381,5,,8.95,0,Inland,Low,1,Masonry_Arch
6105,55.0348420936993,-6.18932135112336,Road_River,22343,10855,1.1,5,4.09999999999999,CL_MINOR,381,5,,8.95,0,Inland,Low,1,Culvert
6106,55.0344951527358,-6.18976110852747,Road_River,22343,10954,2.5,5,3.5,CL_MINOR,381,5,,8.98,0,Inland,Low,1,Masonry_Arch
6107,55.08132781635,-6.18064509053198,Road_River,22344,10638,1.6,5,4.3,CL_MINOR,381,5,,8.04,0,Inland,Low,1,Culvert
6108,55.1602233465991,-6.29757814204166,Road_River,22348,8455,2.4,5,10,CL_MINOR,455,5,,6.21,0,Inland,Low,1,Masonry_Arch
6109,55.1550222794503,-6.29830863497652,Road_River,22348,10261,1.9,5,20.1,CL_MINOR,455,5,,6.69,0,Inland,Low,1,Masonry_Arch
6110,55.1427088783792,-6.37275145047922,Road_River,22350,8100,7.4,5,48.1,CL_MINOR,697,5,,10.05,0,Inland,Medium,2,Masonry_Arch
6111,55.1426531118133,-6.37364625868581,Road_River,22350,10267,1.8,5,11.8,CL_MINOR,697,5,,10.04,0,Inland,Low,1,Culvert
6112,55.1156916199427,-6.34200107879487,Road_River,22354,10438,2.5,5,38.3,CL_MINOR,697,5,,11.89,0,Inland,Low,1,Masonry_Arch
6113,55.1341885127168,-6.46416485972951,Road_River,22360,10356,1.1,5,21.5,CL_MINOR,586,5,,10.45,0,Inland,Low,1,Culvert
6114,55.135062983228,-6.44564447637283,Road_River,22360,10455,4.5,5,10.6,CL_MINOR,586,5,,10.93,0,Inland,Low,1,Masonry_Arch
6115,55.0629417132926,-6.3065153847796,Road_River,22362,10798,2.1,5,13.4,CL_MINOR,604,5,,15.93,0,Inland,Low,1,Masonry_Arch
6116,55.0470378553961,-6.30346332044775,Road_River,22363,4672,1.7,5,4.7,CL_MINOR,604,5,,15.83,0,Inland,Low,1,Culvert
6117,55.0511929227898,-6.30563962570863,Road_River,22363,4673,2.5,5,9.09999999999999,CL_MINOR,604,5,,15.93,0,Inland,Low,1,Masonry_Arch
6118,55.0561280005323,-6.30490794228613,Road_River,22363,10790,1.7,5,35,CL_MINOR,604,5,,15.84,0,Inland,Low,1,Culvert
6119,55.0646686796823,-6.32851883021425,Road_River,22364,10796,4.8,5,60.2,CL_MINOR,604,5,,16.53,0,Inland,Low,1,RC_Slab
6120,55.0677492523704,-6.3076890870929,Road_River,22365,10797,2.6,5,14.2,CL_MINOR,604,5,,15.77,0,Inland,Low,1,Masonry_Arch
6121,55.0698346965941,-6.3260410871012,Road_River,22366,10795,4.4,5,9.2,CL_MINOR,604,5,,15.94,0,Inland,Low,1,Masonry_Arch
6122,55.0682362763079,-6.33188956247871,Road_River,22368,10793,6,5,5.40000000000001,CL_MINOR,735,5,,16.24,0,Inland,Low,1,RC_Slab
6123,55.0672885926359,-6.35399318969952,Road_River,22370,10800,2.6,5,6.3,CL_MINOR,735,5,,16.92,0,Inland,Low,1,Masonry_Arch
6124,55.0883727692316,-6.29545255504133,Road_River,22375,10670,26.5,5,46.7,CL_MINOR,437,5,,13.36,0,Inland,High,5,Bespoke_Viaduct
6125,55.087378246154,-6.30983563081815,Road_River,22377,8106,1.9,5,7.7,CL_MINOR,586,5,,13.75,0,Inland,Low,1,Masonry_Arch
6126,55.1018457794442,-6.24705210891061,Road_River,22379,10540,5.6,5,36.8,CL_MINOR,381,5,,11.34,0,Inland,Low,1,RC_Slab
6127,55.1032137856282,-6.27104659704922,Road_River,22379,10545,16.8,5,52.8,CL_MINOR,381,5,,11.38,0,Inland,Medium,1,Bespoke_Viaduct
6128,55.1027684529079,-6.27619390119267,Road_River,22379,10547,1.5,5,1.7,CL_MINOR,381,5,,11.5,0,Inland,Low,1,Culvert
6129,55.0838228053245,-6.20857501441864,Road_River,22379,10649,5.2,5,71.4,CL_MINOR,381,5,,9.84,0,Inland,Medium,1,RC_Slab
6130,55.0852220131751,-6.21141250768714,Road_River,22379,10653,1,5,19.7,CL_MINOR,381,5,,10.03,0,Inland,Low,1,Culvert
6131,55.0949305172845,-6.29571860295577,Road_River,22380,10554,10.7,5,10.6,CL_MINOR,437,5,,12.66,0,Inland,Low,2,RC_Slab
6132,55.0929272873924,-6.29377734632057,Road_River,22380,10556,1.6,5,2.7,CL_MINOR,437,5,,12.84,0,Inland,Low,1,Culvert
6133,55.0890012755608,-6.29003422450882,Road_River,22380,10557,7.1,5,3.40000000000001,CL_MINOR,437,5,,13.19,0,Inland,Low,2,Masonry_Arch
6134,55.1009586037821,-6.30932573076812,Road_River,22381,10568,1.9,5,6.8,CL_MINOR,586,5,,12.33,0,Inland,Low,1,Masonry_Arch
6135,55.1342103137574,-6.30980691223531,Road_River,22382,8090,15.2,5,42.7,CL_MINOR,660,5,,9.03,0,Inland,Medium,3,RC_Slab
6136,55.1291757248588,-6.31109925342705,Road_River,22382,8094,1.6,5,6.09999999999999,CL_MINOR,660,5,,9.56,0,Inland,Low,1,Culvert
6137,55.1063924799345,-6.31363674763489,Road_River,22382,10421,2.7,5,41.7,CL_MINOR,660,5,,11.88,0,Inland,Low,1,Masonry_Arch
6138,55.1175849245048,-6.31315775835365,Road_River,22382,10424,1.5,5,43.3,CL_MINOR,660,5,,10.75,0,Inland,Low,1,Culvert
6139,55.1110456141511,-6.31347196706643,Road_River,22382,10425,1.8,5,35.2,CL_MINOR,660,5,,11.41,0,Inland,Low,1,Culvert
6140,55.1200710663093,-6.31300525941438,Road_River,22382,10429,2,5,11.5,CL_MINOR,660,5,,10.5,0,Inland,Low,1,Masonry_Arch
6141,55.1314661672769,-6.31045592106757,Road_River,22382,10430,1.3,5,2.5,CL_MINOR,660,5,,9.31,0,Inland,Low,1,Culvert
6142,55.0977821780046,-6.31279880598914,Road_River,22383,10562,16.9,5,20.2,CL_MINOR,586,5,,12.74,0,Inland,High,3,RC_Slab
6143,55.1003884521766,-6.31291367371952,Road_River,22383,10568,1.4,5,1.5,CL_MINOR,586,5,,12.48,0,Inland,Low,1,Culvert
6144,55.09765567032,-6.31725141295996,Road_River,22384,10567,5.9,5,15.4,CL_MINOR,586,5,,12.86,0,Inland,Low,1,RC_Slab
6145,55.1093826006252,-6.32823419453422,Road_River,22388,10426,2.1,5,11.8,CL_MINOR,586,5,,12.01,0,Inland,Low,1,Masonry_Arch
6146,55.119297193857,-6.36818491296793,Road_River,22391,10440,2.3,5,0.799999999999997,CL_MINOR,697,5,,12.51,0,Inland,Low,1,Masonry_Arch
6147,55.1161949486406,-6.36757363256309,Road_River,22391,10440,1.3,5,3.2,CL_MINOR,697,5,,12.78,0,Inland,Low,1,Culvert
6148,55.1150012438479,-6.36719485826523,Road_River,22391,10440,3.1,5,35,CL_MINOR,697,5,,12.87,0,Inland,Low,1,Masonry_Arch
6149,55.1030118335829,-6.35696274588621,Road_River,22391,10581,4,5,19.8,CL_MINOR,697,5,,13.59,0,Inland,Low,1,Masonry_Arch
6150,55.0610024019334,-6.40174860153736,Road_River,22394,4602,3.6,5,30.4,CL_MINOR,641,5,,18.91,0,Inland,Low,1,Masonry_Arch
6151,55.0819658222132,-6.39213327789422,Road_River,22401,8124,3,5,29.4,CL_MINOR,586,5,,16.6,0,Inland,Low,1,Masonry_Arch
6152,55.094761474838,-6.38753554635615,Road_River,22402,8125,2,5,16.1,CL_MINOR,586,5,,15.2,0,Inland,Low,1,Masonry_Arch
6153,55.0910762319439,-6.3818566012601,Road_River,22402,8125,1.3,5,16.8,CL_MINOR,586,5,,15.6,0,Inland,Low,1,Culvert
6154,55.0846297959305,-6.37605584941434,Road_River,22402,8125,3,5,36,CL_MINOR,586,5,,15.97,0,Inland,Low,1,Masonry_Arch
6155,55.089708873647,-6.41995879936383,Road_River,22405,4540,3,5,34.4,CL_MINOR,735,5,,15.76,0,Inland,Low,1,Masonry_Arch
6156,55.0991510142219,-6.39026111698005,Road_River,22407,8125,1.5,5,6.5,CL_MINOR,586,5,,14.7,0,Inland,Low,1,Culvert
6157,55.1002663862267,-6.37855102281601,Road_River,22407,10579,6.6,5,4.09999999999999,CL_MINOR,586,5,,14.65,0,Inland,Low,2,Masonry_Arch
6158,55.0979641113047,-6.4007304674995,Road_River,22408,10582,2.4,5,10.1,CL_MINOR,586,5,,14.81,0,Inland,Low,1,Masonry_Arch
6159,55.098348166927,-6.40349995358989,Road_River,22409,8126,3.1,5,14.7,CL_MINOR,586,5,,14.77,0,Inland,Low,1,Masonry_Arch
6160,55.1067135733586,-6.42084060744942,Road_River,22411,10584,1.2,5,33,CL_MINOR,735,5,,13.88,0,Inland,Low,1,Culvert
6161,55.0589139230101,-6.27165913142377,Road_River,22412,10778,10.4,5,11.2,CL_MINOR,418,5,,13.69,0,Inland,Low,2,RC_Slab
6162,55.0647351235296,-6.2788024859515,Road_River,22412,10783,1.7,5,3.59999999999999,CL_MINOR,418,5,,14.14,0,Inland,Low,1,Culvert
6163,55.0674165577367,-6.28249822434705,Road_River,22412,10787,1.4,5,2.59999999999999,CL_MINOR,418,5,,14.39,0,Inland,Low,1,Culvert
6164,55.077086619319,-6.29078634721518,Road_River,22413,8102,1.7,5,30.4,CL_MINOR,437,5,,14.49,0,Inland,Low,1,Culvert
6165,55.0735414576201,-6.28726662344447,Road_River,22413,8103,1.6,5,7.5,CL_MINOR,437,5,,14.73,0,Inland,Low,1,Culvert
6166,55.0713110477045,-6.28298760029797,Road_River,22414,10674,36,5,49.6,CL_MINOR,437,5,,14.44,0,Inland,High,6,Bespoke_Viaduct
6167,55.0822600374302,-6.28543697563433,Road_River,22414,10677,2,5,34.9,CL_MINOR,437,5,,13.85,0,Inland,Low,1,Masonry_Arch
6168,55.0829091305266,-6.28581722207496,Road_River,22414,10680,2.2,5,1.40000000000001,CL_MINOR,437,5,,13.79,0,Inland,Low,1,Masonry_Arch
6169,55.0862011399735,-6.28795182072345,Road_River,22414,10681,2.5,5,3.7,CL_MINOR,437,5,,13.46,0,Inland,Low,1,Masonry_Arch
6170,55.073153793103,-6.28140276878033,Road_River,22414,10682,1.5,5,17,CL_MINOR,437,5,,14.35,0,Inland,Low,1,Culvert
6171,55.0795710835704,-6.33830842349063,Road_River,22415,8107,3.6,5,15.8,CL_MINOR,548,5,,15.25,0,Inland,Low,1,Masonry_Arch
6172,55.0851938244613,-6.34345724946865,Road_River,22415,8117,1.5,5,25.6,CL_MINOR,548,5,,14.84,0,Inland,Low,1,Culvert
6173,55.0939944704572,-6.35072135335059,Road_River,22415,10578,2.6,5,39,CL_MINOR,548,5,,14.22,0,Inland,Low,1,Masonry_Arch
6174,55.0675949826332,-6.42317623336719,Road_River,22416,4609,5.6,5,34.4,CL_MINOR,865,5,,18.22,0,Inland,Low,1,RC_Slab
6175,55.0598890196793,-6.41085123330686,Road_River,22417,4607,13.2,5,26.9,CL_MINOR,865,5,,19.04,0,Inland,Low,1,Bespoke_Viaduct
6176,55.2327608784245,-6.41955284741167,Road_River,22420,8157,2,5,2.5,CL_MINOR,511,5,,0.31,0,Marine,Low,1,Masonry_Arch
6177,55.2313514701915,-6.41962711332883,Road_River,22420,8157,2.2,5,42.8,CL_MINOR,511,5,,0.41,0,Marine,Low,1,Masonry_Arch
6178,55.2142004150842,-6.42778133874086,Road_River,22423,9993,1,5,13.8,CL_MINOR,586,5,,2.26,0,Coastal,Low,1,Culvert
6179,55.1894068042711,-6.39290029720957,Road_River,22425,10070,4.8,5,32,CL_MINOR,586,5,,4.71,0,Coastal,Low,1,RC_Slab
6180,55.199555057416,-6.25004240386412,Road_River,22441,9978,21,5,18.7,CL_MINOR,1014,5,,0.94,0,Marine,High,4,Bespoke_Viaduct
6181,55.1996780369605,-6.25085964203832,Road_River,22445,9979,2.6,5,20.2,CL_MINOR,1014,5,,0.98,0,Coastal,Low,1,Masonry_Arch
6182,55.1994960253845,-6.25127277271171,Road_River,22445,10039,39.8,5,63,CL_MINOR,1014,5,,1.02,0,Coastal,High,7,Bespoke_Viaduct
6183,55.1992727429397,-6.25177958018422,Road_River,22445,10039,35.3,5,75,CL_MINOR,1014,5,,1.06,0,Coastal,High,6,Bespoke_Viaduct
6184,55.157745118868,-6.22012850367685,Road_River,22448,8433,2.6,5,3.2,CL_MINOR,492,5,,5.22,0,Coastal,Low,1,Masonry_Arch
6185,55.1969124228894,-6.2340762131087,Road_River,22448,9974,1.7,5,15.7,CL_MINOR,492,5,,0.8,0,Coastal,Low,1,Culvert
6186,55.1867188416992,-6.22905119248104,Road_River,22448,10027,2.4,5,22.4,CL_MINOR,492,5,,1.95,0,Coastal,Low,1,Masonry_Arch
6187,55.189457967488,-6.2292641690139,Road_River,22448,10028,1.4,5,32,CL_MINOR,492,5,,1.65,0,Coastal,Low,1,Culvert
6188,55.193921883505,-6.23143341561749,Road_River,22448,10029,2.4,5,7.40000000000001,CL_MINOR,492,5,,1.14,0,Coastal,Low,1,Masonry_Arch
6189,55.1731863952791,-6.22589586901561,Road_River,22448,10152,12.5,5,25.6,CL_MINOR,492,5,,3.47,0,Coastal,Low,3,Masonry_Arch
6190,55.1664337254946,-6.22014510773126,Road_River,22448,10165,2.3,5,4.2,CL_MINOR,492,5,,4.26,0,Coastal,Low,1,Masonry_Arch
6191,55.1716989121502,-6.22399243693723,Road_River,22448,10167,2.3,5,11.8,CL_MINOR,492,5,,3.65,0,Coastal,Low,1,Masonry_Arch
6192,55.2192211057534,-6.29057992372756,Road_River,22451,8152,2.6,5,51.4,CL_MINOR,381,5,,0.61,0,Marine,Low,1,Masonry_Arch
6193,55.2173656233711,-6.35219352678441,Road_River,22452,9988,2.7,5,37.9,CL_MINOR,511,5,,2.43,0,Coastal,Low,1,Masonry_Arch
6194,55.2198046441727,-6.34060980333898,Road_River,22452,9989,2.4,5,36.6,CL_MINOR,511,5,,1.86,0,Coastal,Low,1,Masonry_Arch
6195,55.1962692007518,-6.27048776353856,Road_River,22458,10056,3.3,5,6.40000000000001,CL_MINOR,716,5,,1.95,0,Coastal,Low,1,Masonry_Arch
6196,55.1992257830076,-6.20907173013765,Road_River,22464,9973,15.2,5,2,CL_MINOR,586,5,,0.93,0,Marine,Medium,1,Bespoke_Viaduct
6197,55.201159584477,-6.16759741686924,Road_River,22465,9964,3.7,5,12.9,CL_MINOR,604,5,,1.54,0,Coastal,Low,1,Masonry_Arch
6198,55.1970803061617,-6.16201712318132,Road_River,22466,9963,1.2,5,8.3,CL_MINOR,604,5,,2.1,0,Coastal,Low,1,Culvert
6199,55.1966029821237,-6.1450595499931,Road_River,22467,9960,0.9,5,6.59999999999999,CL_MINOR,511,5,,2.32,0,Coastal,Low,1,Culvert
6200,55.2256618986268,-6.41669706230023,Road_River,22469,8157,2.1,5,21.3,CL_MINOR,511,5,,0.8,0,Coastal,Low,1,Masonry_Arch
6201,55.1933447462703,-6.15543866578464,Road_River,22470,8070,3.5,5,25.9,CL_MINOR,604,5,,2.67,0,Coastal,Low,1,Masonry_Arch
6202,55.2147088128417,-6.36934520240476,Road_River,22472,9990,4.6,5,47,CL_MINOR,660,5,,2.6,0,Coastal,Medium,1,RC_Slab
6203,55.214585985653,-6.37250108390168,Road_River,22472,9991,4.1,5,28.9,CL_MINOR,660,5,,2.52,0,Coastal,Low,1,Masonry_Arch
6204,55.1995485095103,-6.18478560705512,Road_River,22474,9970,4.6,5,19.9,CL_MINOR,604,5,,1.33,0,Coastal,Low,1,RC_Slab
6205,55.1918831590835,-6.26423829351744,Road_River,22481,10048,12.1,5,17.6,CL_MINOR,455,5,,2.18,0,Coastal,Low,3,Masonry_Arch
6206,55.1888449582144,-6.26835515781318,Road_River,22481,10054,20,5,55.9,CL_MINOR,455,5,,2.6,0,Coastal,Medium,4,Bespoke_Viaduct
6207,55.1773627125734,-6.2769391693948,Road_River,22481,10170,2.1,5,15.6,CL_MINOR,455,5,,3.89,0,Coastal,Low,1,Masonry_Arch
6208,55.1718625751845,-6.28567814783554,Road_River,22481,10171,5.1,5,59.6,CL_MINOR,455,5,,4.72,0,Coastal,Low,1,RC_Slab
6209,55.1696997583279,-6.28821895659931,Road_River,22481,10172,1.1,5,3.3,CL_MINOR,455,5,,5.01,0,Coastal,Low,1,Culvert
6210,55.1687730249946,-6.28922603737664,Road_River,22481,10173,1.5,5,4.5,CL_MINOR,455,5,,5.13,0,Coastal,Low,1,Culvert
6211,55.1656311301686,-6.29317363388046,Road_River,22481,10174,1,5,3,CL_MINOR,455,5,,5.56,0,Coastal,Low,1,Culvert
6212,55.1792228999224,-6.27479390673077,Road_River,22481,10175,1.9,5,12.5,CL_MINOR,455,5,,3.65,0,Coastal,Low,1,Masonry_Arch
6213,55.1786143547088,-6.27526102674303,Road_River,22481,10176,3,5,42.9,CL_MINOR,455,5,,3.72,0,Coastal,Low,1,Masonry_Arch
6214,55.1753433430099,-6.28033528684232,Road_River,22481,10177,1.4,5,26.7,CL_MINOR,455,5,,4.21,0,Coastal,Low,1,Culvert
6215,55.1745527415576,-6.28160800275626,Road_River,22481,10178,1.8,5,20.6,CL_MINOR,455,5,,4.33,0,Coastal,Low,1,Culvert
6216,55.2147885093675,-6.42937707145535,Road_River,22483,9993,1.4,5,39.6,CL_MINOR,586,5,,2.26,0,Coastal,Low,1,Culvert
6217,55.2160849399321,-6.44303293117054,Road_River,22483,9994,2,5,44.6,CL_MINOR,586,5,,2.35,0,Coastal,Low,1,Masonry_Arch
6218,54.0986549688473,-5.97140843222616,Road_River,22487,13359,2.5,5,23.8,CL_MINOR,884,5,,2.57,0,Coastal,Low,1,Masonry_Arch
6219,54.0993771498136,-5.95898149880755,Road_River,22491,13093,3.7,5,32.3,CL_MINOR,548,5,,2.12,0,Coastal,Low,1,Masonry_Arch
6220,54.0845042466774,-6.02343012655481,Road_River,22500,13101,5.6,5,66.1,CL_MINOR,697,5,,3.13,0,Coastal,Low,1,RC_Slab
6221,54.0830954646972,-6.0326540821834,Road_River,22500,13363,2.4,5,33.2,CL_MINOR,697,5,,3.38,0,Coastal,Low,1,Masonry_Arch
6222,54.084196482439,-6.02487727732197,Road_River,22500,13364,4.2,5,6.7,CL_MINOR,697,5,,3.15,0,Coastal,Low,1,Masonry_Arch
6223,54.0955208414502,-6.00353260539531,Road_River,22502,13362,1.2,5,35.2,CL_MINOR,884,5,,3.82,0,Coastal,Low,1,Culvert
6224,54.1013715302679,-6.06547366393039,Road_River,22503,13103,2.5,5,36.1,CL_MINOR,474,5,,4.69,0,Coastal,Low,1,Masonry_Arch
6225,54.0879621964855,-6.07446421577338,Road_River,22503,13369,2.8,5,13.9,CL_MINOR,474,5,,3.1,0,Coastal,Low,1,Masonry_Arch
6226,54.0894782346309,-6.07394058531032,Road_River,22503,13370,3.9,5,19.5,CL_MINOR,474,5,,3.27,0,Coastal,Low,1,Masonry_Arch
6227,54.1057272249058,-6.05301800255657,Road_River,22504,13104,15.8,5,45.2,CL_MINOR,455,5,,5.49,0,Inland,Medium,3,RC_Slab
6228,54.1056099475221,-6.02393234407413,Road_River,22505,13101,1,5,15.4,CL_MINOR,641,5,,5.24,0,Inland,Low,1,Culvert
6229,54.1073545024274,-6.03469389072041,Road_River,22507,13099,1.2,5,9.59999999999999,CL_MINOR,641,5,,5.69,0,Inland,Low,1,Culvert
6230,54.0733986636816,-6.15659971336479,Road_River,22512,13490,1.7,5,7.3,CL_MINOR,418,5,,0.84,0,Marine,Low,1,Culvert
6231,54.0778020280092,-6.17607348441415,Road_River,22512,13491,2.3,5,0.0999999999999943,CL_MINOR,418,5,,0.42,0,Marine,Low,1,Masonry_Arch
6232,54.0573688455172,-6.01309825443594,Road_River,22521,13518,3.3,5,55.9,CL_MINOR,735,5,,0.77,0,Marine,Low,1,Masonry_Arch
6233,54.0765413295885,-6.01079736012383,Road_River,22526,13428,2.3,5,2.3,CL_MINOR,884,5,,1.94,0,Coastal,Low,1,Masonry_Arch
6234,54.0702217750029,-5.99904869496843,Road_River,22528,13428,1.3,5,16.6,CL_MINOR,884,5,,1.01,0,Coastal,Low,1,Culvert
6235,54.071205818548,-6.03899535632094,Road_River,22529,13489,3.2,5,48.6,CL_MINOR,697,5,,2.99,0,Coastal,Low,1,Masonry_Arch
6236,54.0718437016052,-6.03040721430368,Road_River,22531,13429,3.4,5,9.40000000000001,CL_MINOR,697,5,,2.51,0,Coastal,Low,1,Masonry_Arch
6237,54.0653000137283,-6.09915301175546,Road_River,22534,13439,1.5,5,3.40000000000001,CL_MINOR,492,5,,0.24,0,Marine,Low,1,Culvert
6238,54.0664736778607,-6.08609055000713,Road_River,22535,13438,2.5,5,26.2,CL_MINOR,492,5,,0.69,0,Marine,Low,1,Masonry_Arch
6239,54.0704244050474,-6.08108172161037,Road_River,22535,13440,2.8,5,15.7,CL_MINOR,492,5,,1.23,0,Marine,Low,1,Masonry_Arch
6240,54.0614986353118,-6.09152077969439,Road_River,22536,13522,2.4,5,38.2,CL_MINOR,399,5,,0.08,0,Marine,Low,1,Masonry_Arch
6241,54.0591419749548,-6.07969630014725,Road_River,22537,13521,1.6,5,10.9,CL_MINOR,753,5,,0.36,0,Marine,Low,1,Culvert
6242,54.0523506784241,-6.04638798241101,Road_River,22539,13448,5.6,5,7.90000000000001,CL_MINOR,753,5,,1.9,0,Coastal,Low,1,RC_Slab
6243,54.0431721985506,-6.06783958245411,Road_River,22543,13520,2.2,5,9.90000000000001,CL_MINOR,753,5,,0.68,0,Marine,Low,1,Masonry_Arch
6244,54.0559869503812,-6.08286607442157,Road_River,22543,13521,1.2,5,4.90000000000001,CL_MINOR,753,5,,0.01,0,Marine,Low,1,Culvert
6245,54.0407894866877,-6.07157910165446,Road_River,22550,13498,3.1,5,29.5,CL_MINOR,753,5,,0.8,0,Marine,Low,1,Masonry_Arch
6246,54.042153577992,-6.06796737921904,Road_River,22552,13499,4.3,5,14.3,CL_MINOR,753,5,,0.76,0,Marine,Low,1,Masonry_Arch
6247,54.0432727792641,-6.04967900114184,Road_River,22560,12654,1.2,5,37.9,CL_MINOR,753,5,,1.28,0,Coastal,Low,1,Culvert
6248,54.0467951919909,-6.028966960114,Road_River,22565,13489,2.6,5,24,CL_MINOR,735,5,,0.94,0,Marine,Low,1,Masonry_Arch
6249,54.0980166658155,-5.95321199541342,Road_River,22568,13092,2.5,5,9.09999999999999,CL_MINOR,772,5,,1.77,0,Coastal,Low,1,Masonry_Arch
6250,54.0966461326878,-5.98598796001607,Road_River,22573,13361,8.6,5,7.40000000000001,CL_MINOR,884,5,,3.01,0,Coastal,Low,2,Masonry_Arch
6251,54.0933527417377,-5.9567484776081,Road_River,22574,13092,2.6,5,28.2,CL_MINOR,772,5,,1.54,0,Coastal,Low,1,Masonry_Arch
6252,54.1073098414777,-5.93682235576154,Road_River,22578,13049,2,5,20.6,CL_MINOR,623,5,,1.88,0,Coastal,Low,1,Masonry_Arch
6253,54.2110341973978,-5.8932696711517,Road_River,22582,12449,3.3,5,0.0999999999999943,CL_MINOR,1014,5,,0.23,0,Marine,Low,1,Masonry_Arch
6254,54.2116484856827,-5.89300865400808,Road_River,22582,12450,12.7,5,12.8,CL_MINOR,1014,5,,0.24,0,Marine,High,3,Masonry_Arch
6255,54.2602236458871,-6.12539314314164,Road_River,22586,9299,3.1,5,16.3,CL_MINOR,828,5,,16.15,0,Inland,Low,1,Masonry_Arch
6256,54.290805319128,-6.0596015345605,Road_River,22592,8893,1.2,5,30.5,CL_MINOR,846,5,,13.74,0,Inland,Low,1,Culvert
6257,54.288682714407,-6.0283313495496,Road_River,22595,8892,1.2,5,31.1,CL_MINOR,604,5,,11.78,0,Inland,Low,1,Culvert
6258,54.2857427388601,-5.99728551384355,Road_River,22599,12153,2.6,5,15.4,CL_MINOR,753,5,,9.81,0,Inland,Low,1,Masonry_Arch
6259,54.2885471915284,-5.98464524523549,Road_River,22599,12173,2.4,5,32.7,CL_MINOR,753,5,,9.22,0,Inland,Low,1,Masonry_Arch
6260,54.2829643490701,-6.11800945382364,Road_River,22600,8998,11.8,5,19.8,CL_MINOR,865,5,,16.76,0,Inland,Low,2,RC_Slab
6261,54.2840585457081,-5.99689288307734,Road_River,22602,12176,2.1,5,1.59999999999999,CL_MINOR,753,5,,9.71,0,Inland,Low,1,Masonry_Arch
6262,54.2846329113518,-6.00159483409499,Road_River,22604,12176,2.2,5,13.4,CL_MINOR,753,5,,10.01,0,Inland,Low,1,Masonry_Arch
6263,54.2778364930579,-6.03268124804657,Road_River,22608,8994,3.6,5,9.90000000000001,CL_MINOR,753,5,,11.64,0,Inland,Low,1,Masonry_Arch
6264,54.271700321222,-6.01880421718776,Road_River,22615,9116,3.7,5,51,CL_MINOR,753,5,,10.6,0,Inland,Low,1,Masonry_Arch
6265,54.2605171349154,-6.12117676692699,Road_River,22622,9294,22.3,5,20.8,CL_MINOR,828,5,,15.91,0,Inland,High,4,Bespoke_Viaduct
6266,54.2712818320623,-6.07640305757795,Road_River,22624,9118,5,5,51.9,CL_MINOR,641,5,,13.78,0,Inland,Medium,1,RC_Slab
6267,54.252795819303,-6.04401031498613,Road_River,22634,9284,1.6,5,23.1,CL_MINOR,641,5,,10.99,0,Inland,Low,1,Culvert
6268,54.2866656736638,-5.97196339945499,Road_River,22638,12169,2.8,5,22.8,CL_MINOR,530,5,,8.4,0,Inland,Low,1,Masonry_Arch
6269,54.2887884670456,-5.95792792825748,Road_River,22640,12152,2.7,5,59.6,CL_MINOR,530,5,,7.75,0,Inland,Low,1,Masonry_Arch
6270,54.2837897365844,-5.96124758351874,Road_River,22641,12170,3.1,5,13.3,CL_MINOR,530,5,,7.64,0,Inland,Low,1,Masonry_Arch
6271,54.2824245054816,-5.86147947571141,Road_River,22655,12188,11.6,5,31.3,CL_MINOR,604,5,,2.11,0,Coastal,Low,1,Bespoke_Viaduct
6272,54.2542741689937,-6.0698639166135,Road_River,22674,9291,2.5,5,25.8,CL_MINOR,641,5,,12.58,0,Inland,Low,1,Masonry_Arch
6273,54.2486732536749,-6.03744423077223,Road_River,22675,9285,3.2,5,40.8,CL_MINOR,753,5,,10.41,0,Inland,Low,1,Masonry_Arch
6274,54.2486214864342,-5.97295596588012,Road_River,22678,12385,18.2,5,62.9,CL_MINOR,660,5,,6.82,0,Inland,High,4,RC_Slab
6275,54.244505066748,-6.03381564153757,Road_River,22681,9283,2.7,5,17.8,CL_MINOR,753,5,,10.02,0,Inland,Low,1,Masonry_Arch
6276,54.2467122531159,-5.9972072332335,Road_River,22682,12386,2.3,5,48.4,CL_MINOR,660,5,,8,0,Inland,Low,1,Masonry_Arch
6277,54.2400694403474,-6.07824467527374,Road_River,22685,9292,2.6,5,8,CL_MINOR,660,5,,12.55,0,Inland,Low,1,Masonry_Arch
6278,54.2347355510074,-6.0761999508245,Road_River,22685,9428,4.3,5,6.8,CL_MINOR,660,5,,12.26,0,Inland,Low,1,Masonry_Arch
6279,54.2373199689301,-5.98438951924135,Road_River,22686,12416,3.3,5,2.3,CL_MINOR,753,5,,6.78,0,Inland,Low,1,Masonry_Arch
6280,54.2383442316546,-6.03960900394459,Road_River,22687,9427,1.9,5,14.8,CL_MINOR,679,5,,10.13,0,Inland,Low,1,Masonry_Arch
6281,54.2405067630564,-6.03596787228389,Road_River,22687,17068,1.6,5,3.59999999999999,CL_MINOR,679,5,,9.99,0,Inland,Low,1,Culvert
6282,54.231035998418,-6.02602589060685,Road_River,22690,9426,1.4,5,10.1,CL_MINOR,679,5,,9.04,0,Inland,Low,1,Culvert
6283,54.2281796667326,-5.99960785828043,Road_River,22691,12417,1.5,5,21.5,CL_MINOR,753,5,,7.32,0,Inland,Low,1,Culvert
6284,54.2250689180605,-6.12010023196564,Road_River,22693,9629,31.3,5,65.3,CL_MINOR,716,5,,14.81,0,Inland,High,6,Bespoke_Viaduct
6285,54.2263862443347,-6.12822633561673,Road_River,22694,9543,1,5,23.5,CL_MINOR,716,5,,14.94,0,Inland,Low,1,Culvert
6286,54.2249290027627,-5.98265371980001,Road_River,22698,12464,4,5,51.1,CL_MINOR,753,5,,6.17,0,Inland,Low,1,Masonry_Arch
6287,54.2239452140348,-6.01459214813724,Road_River,22700,9425,1.7,5,1.7,CL_MINOR,679,5,,8.11,0,Inland,Low,1,Culvert
6288,54.2202166710524,-5.91476518085448,Road_River,22714,12409,7.5,5,75,CL_MINOR,697,5,,1.93,0,Coastal,Low,1,RC_Slab
6289,54.220215496964,-5.91476770866361,Road_River,22714,12410,6.9,5,19.4,CL_MINOR,697,5,,1.93,0,Coastal,Low,2,Masonry_Arch
6290,54.2105484644445,-5.91031815556845,Road_River,22714,12449,17.3,5,75,CL_MINOR,697,5,,1.24,0,Coastal,Medium,3,RC_Slab
6291,54.248548671462,-5.9727985734624,Road_River,22722,12382,3.4,5,38.5,CL_MINOR,828,5,,6.81,0,Inland,Low,1,Masonry_Arch
6292,54.2378444113728,-5.86109600266085,Road_River,22730,12342,4.4,5,8.09999999999999,CL_MINOR,381,5,,0.08,0,Marine,Low,1,Masonry_Arch
6293,54.2496139502286,-5.96643919488406,Road_River,22731,12382,2.2,5,13.2,CL_MINOR,492,5,,6.56,0,Inland,Low,1,Masonry_Arch
6294,54.2285809425651,-5.94009222436308,Road_River,22732,12411,2.4,5,22.9,CL_MINOR,492,5,,3.81,0,Coastal,Low,1,Masonry_Arch
6295,54.2279370837604,-5.90382303152654,Road_River,22734,12381,10.1,5,48.7,CL_MINOR,1014,5,,1.9,0,Coastal,Medium,2,RC_Slab
6296,54.1966805108832,-5.88669464785022,Road_River,22738,13478,1.9,5,10.7,CL_MINOR,511,5,,0.1,0,Marine,Low,1,Masonry_Arch
6297,54.1910584362459,-6.13536062575505,Road_River,22740,9740,6.5,5,18,CL_MINOR,809,5,,11.11,0,Inland,Low,2,Masonry_Arch
6298,54.1075976219856,-6.18277615385391,Road_River,22741,13128,2.2,5,12.7,CL_MINOR,381,5,,1.48,0,Coastal,Low,1,Masonry_Arch
6299,54.1074263594645,-6.1832018857901,Road_River,22741,13133,10.2,5,3.5,CL_MINOR,381,5,,1.45,0,Coastal,Low,1,Bespoke_Viaduct
6300,54.1262147185798,-6.16101146309397,Road_River,22741,13296,1.2,5,32.8,CL_MINOR,381,5,,3.97,0,Coastal,Low,1,Culvert
6301,54.1337997994305,-6.15342706940261,Road_River,22741,13297,8.1,5,44.5,CL_MINOR,381,5,,4.94,0,Coastal,Medium,2,Masonry_Arch
6302,54.1938846986032,-6.10401300608815,Road_River,22743,9625,5.7,5,10.7,CL_MINOR,567,5,,12.27,0,Inland,Low,1,RC_Slab
6303,54.1836085374035,-6.11199648326453,Road_River,22743,9738,9,5,5,CL_MINOR,567,5,,11.03,0,Inland,Low,2,Masonry_Arch
6304,54.1754511102832,-6.04508203738297,Road_River,22745,9727,2.2,5,0.5,CL_MINOR,437,5,,10.33,0,Inland,Low,1,Masonry_Arch
6305,54.1104493528649,-5.99094979613124,Road_River,22746,13046,2.4,5,8.90000000000001,CL_MINOR,530,5,,4.36,0,Coastal,Low,1,Masonry_Arch
6306,54.1161833460425,-5.99837786078665,Road_River,22748,13472,4.5,5,23.9,CL_MINOR,530,5,,5.16,0,Inland,Low,1,Masonry_Arch
6307,54.1209694629976,-5.98139859838354,Road_River,22753,13046,1.7,5,40.2,CL_MINOR,530,5,,4.9,0,Coastal,Low,1,Culvert
6308,54.1249178498928,-5.95792623571047,Road_River,22755,13092,1.8,5,16.8,CL_MINOR,548,5,,4.26,0,Coastal,Low,1,Culvert
6309,54.1239468122105,-5.97008806012416,Road_River,22762,13047,1.7,5,24.1,CL_MINOR,548,5,,4.67,0,Coastal,Low,1,Culvert
6310,54.1242449175631,-5.96753155180645,Road_River,22762,13048,1.7,5,25.8,CL_MINOR,548,5,,4.59,0,Coastal,Low,1,Culvert
6311,54.1211233361141,-5.93411860749619,Road_River,22763,13045,1,5,14.4,CL_MINOR,623,5,,2.7,0,Coastal,Low,1,Culvert
6312,54.1262481768912,-5.95243258002661,Road_River,22763,13049,2.3,5,11.7,CL_MINOR,623,5,,3.97,0,Coastal,Low,1,Masonry_Arch
6313,54.1316143804738,-5.92815372070118,Road_River,22764,12959,10.1,5,44.1,CL_MINOR,623,5,,2.43,0,Coastal,Medium,2,RC_Slab
6314,54.3496172870965,-6.11483403832468,Road_River,22770,8278,2.3,5,20.7,CL_MINOR,753,5,,19.91,0,Inland,Low,1,Masonry_Arch
6315,54.2990857262568,-6.14880048674976,Road_River,22774,9000,1.9,5,8.90000000000001,CL_MINOR,716,5,,19.37,0,Inland,Low,1,Masonry_Arch
6316,54.3773841090244,-6.12327889271703,Road_River,22781,12001,1.1,5,24.7,CL_MINOR,772,5,,21.93,0,Inland,Low,1,Culvert
6317,54.3744328178593,-6.11970064144839,Road_River,22782,12040,1.7,5,32.5,CL_MINOR,753,5,,21.57,0,Inland,Low,1,Culvert
6318,54.3650778168569,-6.16001291280053,Road_River,22783,12045,2.8,5,21.6,CL_MINOR,1014,5,,23.28,0,Inland,Low,1,Masonry_Arch
6319,54.3250300556452,-6.13542834387589,Road_River,22787,8765,4.4,5,13.7,CL_MINOR,735,5,,19.72,0,Inland,Low,1,Masonry_Arch
6320,54.330225237863,-6.11275400676094,Road_River,22792,8765,2.6,5,1.59999999999999,CL_MINOR,753,5,,18.68,0,Inland,Low,1,Masonry_Arch
6321,54.3412757183179,-6.13316984224865,Road_River,22796,8426,5.1,5,48.4,CL_MINOR,735,5,,20.43,0,Inland,Medium,1,RC_Slab
6322,54.3547699155728,-6.13840811465042,Road_River,22797,8425,1.9,5,2.59999999999999,CL_MINOR,772,5,,21.49,0,Inland,Low,1,Masonry_Arch
6323,54.3646296434636,-6.1189002878777,Road_River,22799,12041,2.5,5,16.1,CL_MINOR,753,5,,21,0,Inland,Low,1,Masonry_Arch
6324,54.3586323260044,-6.15599641557587,Road_River,22800,12043,2.6,5,6.5,CL_MINOR,772,5,,22.68,0,Inland,Low,1,Masonry_Arch
6325,54.3711939005496,-6.10533713406011,Road_River,22802,12041,1,5,2.5,CL_MINOR,753,5,,20.59,0,Inland,Low,1,Culvert
6326,54.3619441219893,-6.02324648085381,Road_River,22803,12029,14.9,5,73.8,CL_MINOR,790,5,,15.61,0,Inland,Medium,3,RC_Slab
6327,54.3608681817375,-6.08351516348919,Road_River,22807,12084,2,5,11.4,CL_MINOR,921,5,,18.79,0,Inland,Low,1,Masonry_Arch
6328,54.3301123464535,-6.0509873830847,Road_River,22820,12124,1.3,5,6.09999999999999,CL_MINOR,623,5,,15.29,0,Inland,Low,1,Culvert
6329,54.320840335333,-6.10185008309907,Road_River,22822,8759,2.7,5,36.1,CL_MINOR,753,5,,17.57,0,Inland,Low,1,Masonry_Arch
6330,54.3100625699468,-6.03310316567056,Road_River,22825,8892,2.6,5,33.8,CL_MINOR,604,5,,13.11,0,Inland,Low,1,Masonry_Arch
6331,54.3121157179746,-6.03436221324637,Road_River,22827,8892,2.2,5,24.1,CL_MINOR,567,5,,13.3,0,Inland,Low,1,Masonry_Arch
6332,54.3158548765622,-6.0385760288902,Road_River,22827,8892,2.4,5,34.7,CL_MINOR,567,5,,13.74,0,Inland,Low,1,Masonry_Arch
6333,54.409214630814,-5.93798678614636,Road_River,22833,11876,2.7,5,8.09999999999999,CL_MINOR,641,5,,15.93,0,Inland,Low,1,Masonry_Arch
6334,54.4059500634338,-5.87778406245471,Road_River,22835,11931,3.2,5,1.40000000000001,CL_MINOR,958,5,,12.98,0,Inland,Low,1,Masonry_Arch
6335,54.3986866874252,-5.9373190742538,Road_River,22842,11935,1.5,5,44.7,CL_MINOR,921,5,,14.9,0,Inland,Low,1,Culvert
6336,54.3794405605094,-5.92363738104244,Road_River,22848,12205,1.3,5,24.9,CL_MINOR,623,5,,12.62,0,Inland,Low,1,Culvert
6337,54.3749381645345,-5.95334807477221,Road_River,22851,11980,1.1,5,6.40000000000001,CL_MINOR,753,5,,13.36,0,Inland,Low,1,Culvert
6338,54.3678306585965,-5.85187283463586,Road_River,22857,12016,5.2,5,2.40000000000001,CL_MINOR,660,5,,9.56,0,Inland,Low,1,RC_Slab
6339,54.3670775510988,-5.93564738302059,Road_River,22861,12025,2.1,5,8.8,CL_MINOR,623,5,,11.96,0,Inland,Low,1,Masonry_Arch
6340,54.3658098019099,-5.91004668891752,Road_River,22862,12206,5,5,47.3,CL_MINOR,623,5,,10.87,0,Inland,Medium,1,RC_Slab
6341,54.2968277306083,-6.00303886582373,Road_River,22877,12153,3,5,29.5,CL_MINOR,753,5,,10.7,0,Inland,Low,1,Masonry_Arch
6342,54.422947803211,-5.9430910051663,Road_River,22883,11875,5.3,5,1.40000000000001,CL_MINOR,641,5,,17.42,0,Inland,Low,1,RC_Slab
6343,54.3034104915339,-5.9276437708931,Road_River,22885,12151,2.7,5,3.8,CL_MINOR,790,5,,6.93,0,Inland,Low,1,Masonry_Arch
6344,54.2933000483096,-5.87280421843744,Road_River,22893,12146,3,5,39,CL_MINOR,735,5,,3.29,0,Coastal,Low,1,Masonry_Arch
6345,54.3624368448803,-5.9308317307831,Road_River,22897,12019,1.7,5,13.6,CL_MINOR,623,5,,11.37,0,Inland,Low,1,Culvert
6346,54.3560536828773,-5.91210677531634,Road_River,22901,12020,4.1,5,24.3,CL_MINOR,623,5,,10.07,0,Inland,Low,1,Masonry_Arch
6347,54.3536555241177,-5.90417649103906,Road_River,22902,12020,2.5,5,14.8,CL_MINOR,623,5,,9.55,0,Inland,Low,1,Masonry_Arch
6348,54.3540885817531,-5.92219561349252,Road_River,22903,12021,2.1,5,16.2,CL_MINOR,623,5,,10.3,0,Inland,Low,1,Masonry_Arch
6349,54.3645530718662,-5.94254616957044,Road_River,22904,12025,2.9,5,32,CL_MINOR,623,5,,12.03,0,Inland,Low,1,Masonry_Arch
6350,54.3521255991081,-5.90397070127785,Road_River,22906,12075,1.3,5,10.1,CL_MINOR,586,5,,9.4,0,Inland,Low,1,Culvert
6351,54.3481572766642,-5.90933415428743,Road_River,22908,12075,1.8,5,3.7,CL_MINOR,604,5,,9.26,0,Inland,Low,1,Culvert
6352,54.3459193129729,-5.91625747595859,Road_River,22908,12075,1.2,5,23.9,CL_MINOR,604,5,,9.36,0,Inland,Low,1,Culvert
6353,54.3471835611488,-5.92841279160989,Road_River,22909,12022,1.4,5,36.7,CL_MINOR,604,5,,9.99,0,Inland,Low,1,Culvert
6354,54.3335229874982,-5.93667986263261,Road_River,22911,12076,1,5,10.7,CL_MINOR,604,5,,9.3,0,Inland,Low,1,Culvert
6355,54.3167982281714,-5.91010347720782,Road_River,22916,12076,1.2,5,25.7,CL_MINOR,604,5,,6.78,0,Inland,Low,1,Culvert
6356,54.3068229469916,-5.91691805688394,Road_River,22920,12150,2.3,5,27,CL_MINOR,790,5,,6.5,0,Inland,Low,1,Masonry_Arch
6357,54.3049711418941,-5.88259093771437,Road_River,22922,12146,1.7,5,17.9,CL_MINOR,735,5,,4.58,0,Coastal,Low,1,Culvert
6358,54.4097226684174,-6.08202589138937,Road_River,22932,11881,2.3,5,28.7,CL_MINOR,865,5,,21.92,0,Inland,Low,1,Masonry_Arch
6359,54.3977709698204,-6.08587703571626,Road_River,22934,11945,2.5,5,7.09999999999999,CL_MINOR,865,5,,21.24,0,Inland,Low,1,Masonry_Arch
6360,54.4023365434783,-6.08050536845336,Road_River,22934,11946,24.5,5,21.8,CL_MINOR,865,5,,21.3,0,Inland,High,5,Bespoke_Viaduct
6361,54.4032352441964,-6.0544921786222,Road_River,22938,11882,2.7,5,4.09999999999999,CL_MINOR,865,5,,20.13,0,Inland,Low,1,Masonry_Arch
6362,54.3893607470376,-6.09663609375699,Road_River,22942,11949,2.3,5,1.09999999999999,CL_MINOR,772,5,,21.22,0,Inland,Low,1,Masonry_Arch
6363,54.3928156076583,-6.06755381695451,Road_River,22943,11942,12.2,5,20.1,CL_MINOR,865,5,,19.98,0,Inland,Low,1,Bespoke_Viaduct
6364,54.3892738477452,-6.04474847210805,Road_River,22945,11939,2.4,5,20.9,CL_MINOR,865,5,,18.61,0,Inland,Low,1,Masonry_Arch
6365,54.3942399086608,-6.05724246483955,Road_River,22945,11943,2.4,5,21.9,CL_MINOR,865,5,,19.58,0,Inland,Low,1,Masonry_Arch
6366,54.4038575929112,-6.03343069197521,Road_River,22947,11880,4.2,5,29.2,CL_MINOR,623,5,,19.22,0,Inland,Low,1,Masonry_Arch
6367,54.3930398836539,-6.02362233273997,Road_River,22947,11939,2.6,5,32.8,CL_MINOR,623,5,,17.92,0,Inland,Low,1,Masonry_Arch
6368,54.3908302363902,-6.01756261122349,Road_River,22949,11939,2.3,5,8.40000000000001,CL_MINOR,623,5,,17.47,0,Inland,Low,1,Masonry_Arch
6369,54.3939654311432,-6.01452924049802,Road_River,22949,11939,2.3,5,13.8,CL_MINOR,623,5,,17.58,0,Inland,Low,1,Masonry_Arch
6370,54.3948533594708,-6.01303058913122,Road_River,22949,11939,3.1,5,61.6,CL_MINOR,623,5,,17.58,0,Inland,Low,1,Masonry_Arch
6371,54.3876572659992,-6.09299672024403,Road_River,22952,11998,8.4,5,15.7,CL_MINOR,753,5,,20.92,0,Inland,Low,2,Masonry_Arch
6372,54.3779510149704,-6.11351770143169,Road_River,22954,11996,4.5,5,32,CL_MINOR,753,5,,21.43,0,Inland,Low,1,Masonry_Arch
6373,54.3754122882024,-6.12026864510829,Road_River,22954,12040,2.1,5,21.8,CL_MINOR,753,5,,21.65,0,Inland,Low,1,Masonry_Arch
6374,54.3863456571664,-6.04535053679151,Road_River,22964,11940,11.6,5,0.799999999999997,CL_MINOR,921,5,,18.43,0,Inland,Low,2,RC_Slab
6375,54.3856985200177,-6.03524588672383,Road_River,22965,11940,5.4,5,6.7,CL_MINOR,790,5,,17.89,0,Inland,Low,1,RC_Slab
6376,54.3760990307158,-6.09573848687634,Road_River,22974,11995,4.8,5,28.8,CL_MINOR,753,5,,20.34,0,Inland,Low,1,RC_Slab
6377,54.3766758970287,-6.09538343849522,Road_River,22974,11997,2.7,5,31.9,CL_MINOR,753,5,,20.36,0,Inland,Low,1,Masonry_Arch
6378,54.3750082441404,-6.10063286702059,Road_River,22974,12041,1.4,5,4.59999999999999,CL_MINOR,753,5,,20.55,0,Inland,Low,1,Culvert
6379,54.3770105150731,-6.00765037871897,Road_River,22976,11981,4,5,59.4,CL_MINOR,604,5,,15.94,0,Inland,Low,1,Masonry_Arch
6380,54.3794964185738,-5.98291192857737,Road_River,22976,11981,1.7,5,2.2,CL_MINOR,604,5,,15.01,0,Inland,Low,1,Culvert
6381,54.3691292252534,-6.08609559414835,Road_River,22981,12036,1.1,5,4.59999999999999,CL_MINOR,753,5,,19.41,0,Inland,Low,1,Culvert
6382,54.3735225290178,-6.10069408590163,Road_River,22981,12041,2.8,5,47,CL_MINOR,753,5,,20.46,0,Inland,Low,1,Masonry_Arch
6383,54.3668999118278,-6.07873770801922,Road_River,22982,12084,3.3,5,37.2,CL_MINOR,921,5,,18.87,0,Inland,Low,1,Masonry_Arch
6384,54.3638939045165,-6.06829303670998,Road_River,22984,12038,4.3,5,48.4,CL_MINOR,921,5,,18.13,0,Inland,Medium,1,Masonry_Arch
6385,54.3678413423726,-6.07919797143247,Road_River,22987,11992,3.5,5,19.5,CL_MINOR,921,5,,18.95,0,Inland,Low,1,Masonry_Arch
6386,54.3675499000088,-6.07932322100849,Road_River,22987,12084,1.4,5,39,CL_MINOR,921,5,,18.94,0,Inland,Low,1,Culvert
6387,54.3746385793771,-6.0483167370034,Road_River,22989,11991,1.3,5,9.09999999999999,CL_MINOR,921,5,,17.75,0,Inland,Low,1,Culvert
6388,54.377765606325,-6.02360412348353,Road_River,22990,11985,6.2,5,31.9,CL_MINOR,790,5,,16.74,0,Inland,Low,2,Masonry_Arch
6389,54.3646008520502,-5.98367913651468,Road_River,22993,12026,1.2,5,35.6,CL_MINOR,604,5,,13.87,0,Inland,Low,1,Culvert
6390,54.3645745200189,-5.98378301033993,Road_River,22993,12027,1.5,5,17.1,CL_MINOR,604,5,,13.87,0,Inland,Low,1,Culvert
6391,54.3633404838266,-5.99039350212177,Road_River,22993,12028,1.5,5,26.6,CL_MINOR,604,5,,14.08,0,Inland,Low,1,Culvert
6392,54.3612764404246,-6.0047197489884,Road_River,22993,12030,1.5,5,3.90000000000001,CL_MINOR,604,5,,14.63,0,Inland,Low,1,Culvert
6393,54.3688522873352,-5.9885521940347,Road_River,22994,11982,1.1,5,3,CL_MINOR,604,5,,14.42,0,Inland,Low,1,Culvert
6394,54.4237265863587,-6.0824685316226,Road_River,22996,11823,2.7,5,4.09999999999999,CL_MINOR,865,5,,22.12,0,Inland,Low,1,Masonry_Arch
6395,54.4100390379333,-6.12218812411706,Road_River,22997,11884,20.5,5,26.9,CL_MINOR,1014,5,,23.92,0,Inland,High,4,Bespoke_Viaduct
6396,54.428326592475,-5.93157931410555,Road_River,23007,11812,1.6,5,3,CL_MINOR,697,5,,17.07,0,Inland,Low,1,Culvert
6397,54.4288360489321,-5.94144741196226,Road_River,23014,11812,2.2,5,52.6,CL_MINOR,697,5,,17.69,0,Inland,Low,1,Masonry_Arch
6398,54.4337055417206,-5.87642380758247,Road_River,23015,8219,2,5,38.5,CL_MINOR,679,5,,14.09,0,Inland,Low,1,Masonry_Arch
6399,54.458236162184,-5.91082507228546,Road_River,23021,11766,2,5,36.2,CL_MINOR,809,5,,14.6,0,Inland,Low,1,Masonry_Arch
6400,54.4660560884147,-5.9328181190795,Road_River,23026,11769,9.9,5,64.4,CL_MINOR,809,5,,14.86,0,Inland,Medium,1,RC_Slab
6401,54.4643401772995,-5.93639078301824,Road_River,23027,11771,1.9,5,22.3,CL_MINOR,641,5,,15.06,0,Inland,Low,1,Masonry_Arch
6402,54.473451101233,-6.14998634770294,Road_River,23029,8207,2.1,5,20.3,CL_MINOR,828,5,,20.34,0,Inland,Low,1,Masonry_Arch
6403,54.4729355099111,-6.14652558106498,Road_River,23030,8201,1.7,5,26.4,CL_MINOR,772,5,,20.22,0,Inland,Low,1,Culvert
6404,54.4712001159406,-6.13458877796676,Road_River,23032,8205,3.4,5,17.8,CL_MINOR,772,5,,19.81,0,Inland,Low,1,Masonry_Arch
6405,54.4562834461575,-6.13065709729091,Road_River,23034,11791,2.5,5,20.3,CL_MINOR,865,5,,20.87,0,Inland,Low,1,Masonry_Arch
6406,54.4605349905691,-6.09137262454067,Road_River,23046,11785,3.7,5,18.4,CL_MINOR,902,5,,18.94,0,Inland,Low,1,Masonry_Arch
6407,54.4566679092452,-5.96462250155835,Road_River,23047,11782,1.9,5,12.1,CL_MINOR,697,5,,16.12,0,Inland,Low,1,Masonry_Arch
6408,54.4497696342729,-6.10207709301333,Road_River,23049,11785,4,5,2.3,CL_MINOR,958,5,,20.32,0,Inland,Low,1,Masonry_Arch
6409,54.434200188676,-6.00333188150482,Road_River,23064,11820,4.5,5,14.1,CL_MINOR,790,5,,19.12,0,Inland,Low,1,Masonry_Arch
6410,54.4271950418811,-6.00611505099597,Road_River,23066,11821,1.9,5,39.6,CL_MINOR,790,5,,19.91,0,Inland,Low,1,Masonry_Arch
6411,54.414132688287,-6.14961220453403,Road_River,23073,11888,23.9,5,12.2,CL_MINOR,1014,5,,25.31,0,Inland,Medium,1,Bespoke_Viaduct
6412,54.3016741599511,-6.06586094693143,Road_River,23085,8893,1.4,5,4.8,CL_MINOR,846,5,,14.57,0,Inland,Low,1,Culvert
6413,54.3495332387124,-6.14641880559441,Road_River,23087,8425,0.9,5,12.3,CL_MINOR,735,5,,21.63,0,Inland,Low,1,Culvert
6414,54.3958099081423,-6.10426679500263,Road_River,23088,11945,1.2,5,24.4,CL_MINOR,772,5,,22.04,0,Inland,Low,1,Culvert
6415,54.3564381515336,-5.87025119869589,Road_River,23094,12017,1.5,5,4.90000000000001,CL_MINOR,716,5,,8.73,0,Inland,Low,1,Culvert
6416,54.3801854423585,-6.02048675619649,Road_River,23095,11984,6.8,5,17.5,CL_MINOR,790,5,,16.78,0,Inland,Low,2,Masonry_Arch
6417,54.3743693688512,-5.96373510858037,Road_River,23096,11982,1.7,5,57.3,CL_MINOR,753,5,,13.75,0,Inland,Low,1,Culvert
6418,54.371421437758,-5.93262864914585,Road_River,23097,11980,2.5,5,62.1,CL_MINOR,623,5,,12.22,0,Inland,Low,1,Masonry_Arch
6419,54.3829463221189,-5.92793392741438,Road_River,23098,12205,2.9,5,53.5,CL_MINOR,623,5,,13.1,0,Inland,Low,1,Masonry_Arch
6420,54.3666937948741,-5.94137314021306,Road_River,23099,12025,2.3,5,2,CL_MINOR,753,5,,12.16,0,Inland,Low,1,Masonry_Arch
6421,54.4109493972519,-5.92370720742126,Road_River,23105,11871,9.5,5,6.09999999999999,CL_MINOR,921,5,,15.67,0,Inland,Low,2,RC_Slab
6422,54.4472421589285,-5.89977283597377,Road_River,23114,8219,2.5,5,30.6,CL_MINOR,697,5,,14.94,0,Inland,Low,1,Masonry_Arch
6423,54.4580968891488,-6.10075427819636,Road_River,23123,11785,3.7,5,39.2,CL_MINOR,958,5,,19.52,0,Inland,Low,1,Masonry_Arch
6424,54.4584993387304,-6.1170073888957,Road_River,23123,11789,2.6,5,9,CL_MINOR,958,5,,20.12,0,Inland,Low,1,Masonry_Arch
6425,54.457123106332,-6.12281481329325,Road_River,23123,11790,2.7,5,2.09999999999999,CL_MINOR,958,5,,20.47,0,Inland,Low,1,Masonry_Arch
6426,54.3800255134134,-6.0171485549745,Road_River,23124,11981,3.2,5,36.2,CL_MINOR,604,5,,16.61,0,Inland,Low,1,Masonry_Arch
6427,54.5515371278316,-6.14613795103954,Road_River,23136,7134,2,5,28.8,CL_MINOR,921,5,,15.44,0,Inland,Low,1,Masonry_Arch
6428,54.5015063692358,-5.85780006959619,Road_River,23150,8605,2.9,5,27.9,CL_MINOR,809,5,,8.96,0,Inland,Low,1,Masonry_Arch
6429,54.5040015612276,-5.87777980811095,Road_River,23157,8607,1.7,5,16.9,CL_MINOR,865,5,,9.93,0,Inland,Low,1,Culvert
6430,54.548721548126,-6.14853942033139,Road_River,23161,7134,3.4,5,54.8,CL_MINOR,921,5,,15.7,0,Inland,Low,1,Masonry_Arch
6431,54.5160664856013,-5.9511208446634,Road_River,23175,11673,1.9,5,7.09999999999999,CL_MINOR,790,5,,9.48,0,Inland,Low,1,Masonry_Arch
6432,54.4977464207189,-6.05025310619126,Road_River,23208,11727,11.2,5,16,CL_MINOR,1014,5,,14.04,0,Inland,Low,2,RC_Slab
6433,54.5061448045285,-6.09225989847655,Road_River,23217,11684,8.5,5,73.9,CL_MINOR,1014,5,,15.14,0,Inland,Medium,1,RC_Slab
6434,54.5097206237111,-5.99771254484858,Road_River,23222,8613,2.2,5,17.2,CL_MINOR,772,5,,11.14,0,Inland,Low,1,Masonry_Arch
6435,54.5083213547437,-5.99706886918751,Road_River,23222,8613,3.1,5,49.7,CL_MINOR,772,5,,11.26,0,Inland,Low,1,Masonry_Arch
6436,54.5010454013859,-6.10824811096998,Road_River,23224,11685,4.3,5,36,CL_MINOR,1014,5,,16.28,0,Inland,Low,1,Masonry_Arch
6437,54.5005920244597,-6.09750694827976,Road_River,23225,11683,15.5,5,19.6,CL_MINOR,1014,5,,15.81,0,Inland,High,3,RC_Slab
6438,54.5003308848584,-6.00403181367148,Road_River,23227,8612,5.6,5,74.6,CL_MINOR,772,5,,12.25,0,Inland,Low,1,RC_Slab
6439,54.5089304522015,-5.97016602016493,Road_River,23230,8584,2.7,5,40.5,CL_MINOR,790,5,,10.56,0,Inland,Medium,1,Masonry_Arch
6440,54.4948407370148,-6.08635076106922,Road_River,23234,11731,1.1,5,0.200000000000003,CL_MINOR,1014,5,,15.77,0,Inland,Low,1,Culvert
6441,54.4943411799563,-6.05308508494217,Road_River,23235,11727,6.6,5,16.9,CL_MINOR,1014,5,,14.45,0,Inland,Low,2,Masonry_Arch
6442,54.4823600646977,-6.04625241658142,Road_River,23245,11728,1.8,5,31.1,CL_MINOR,1014,5,,15.31,0,Inland,Low,1,Culvert
6443,54.4842536870052,-6.04722300105965,Road_River,23245,11729,9.6,5,30.6,CL_MINOR,1014,5,,15.17,0,Inland,Low,2,RC_Slab
6444,54.4725637831816,-6.00016308435115,Road_River,23253,8195,12.2,5,12.5,CL_MINOR,790,5,,15,0,Inland,Low,3,Masonry_Arch
6445,54.4759640761687,-6.00788997628954,Road_River,23255,11724,1.6,5,16.2,CL_MINOR,790,5,,14.83,0,Inland,Low,1,Culvert
6446,54.4731542037257,-6.00056389773746,Road_River,23255,11725,2.4,5,24.7,CL_MINOR,790,5,,14.95,0,Inland,Low,1,Masonry_Arch
6447,54.4793045052861,-6.0363986048902,Road_River,23258,11729,11.3,5,3.40000000000001,CL_MINOR,846,5,,15.29,0,Inland,Low,1,Bespoke_Viaduct
6448,54.4765876810871,-6.07497810322956,Road_River,23266,11731,3.6,5,47.3,CL_MINOR,1014,5,,16.88,0,Inland,Low,1,Masonry_Arch
6449,54.4875115430489,-6.12265659200901,Road_River,23268,8199,1.9,5,11.5,CL_MINOR,772,5,,17.99,0,Inland,Low,1,Masonry_Arch
6450,54.4855180511847,-6.14648588982089,Road_River,23269,11733,26.6,5,10.2,CL_MINOR,772,5,,19.27,0,Inland,High,5,Bespoke_Viaduct
6451,54.4778024255932,-6.14015618795813,Road_River,23271,8205,2.9,5,13.1,CL_MINOR,772,5,,19.55,0,Inland,Low,1,Masonry_Arch
6452,54.4882777443271,-6.13579766288822,Road_River,23273,8199,4.3,5,14.7,CL_MINOR,772,5,,18.55,0,Inland,Low,1,Masonry_Arch
6453,54.4949912557104,-6.11653198083788,Road_River,23275,11732,26.1,5,19.5,CL_MINOR,902,5,,17.13,0,Inland,Medium,1,Bespoke_Viaduct
6454,54.5071076237652,-6.11976692170901,Road_River,23282,11685,3.3,5,38.3,CL_MINOR,1014,5,,16.41,0,Inland,Low,1,Masonry_Arch
6455,54.5166362948675,-6.12693890622785,Road_River,23288,11685,3.7,5,22.9,CL_MINOR,1014,5,,16.14,0,Inland,Low,1,Masonry_Arch
6456,54.5235951071163,-6.12544558449802,Road_River,23291,8590,3.1,5,38.2,CL_MINOR,1014,5,,15.63,0,Inland,Low,1,Masonry_Arch
6457,54.4775476584182,-6.09448386359407,Road_River,23294,8199,1.6,5,1.3,CL_MINOR,902,5,,17.56,0,Inland,Low,1,Culvert
6458,54.4923950838648,-5.92276034146571,Road_River,23302,11716,1.1,5,23.2,CL_MINOR,809,5,,11.91,0,Inland,Low,1,Culvert
6459,54.4781548310964,-5.87658321154535,Road_River,23304,11715,1.8,5,29.3,CL_MINOR,660,5,,11.49,0,Inland,Low,1,Culvert
6460,54.4876733626909,-6.08480307817359,Road_River,23308,11731,1.2,5,15.9,CL_MINOR,1014,5,,16.3,0,Inland,Low,1,Culvert
6461,54.5191867232948,-5.93666582664163,Road_River,23311,11672,1.1,5,27.5,CL_MINOR,790,5,,8.99,0,Inland,Low,1,Culvert
6462,54.5335784289442,-5.90413131848559,Road_River,23325,11638,4,5,17.4,CL_MINOR,1014,5,,7.42,0,Inland,Low,1,Masonry_Arch
6463,54.5239240690565,-5.89353722619737,Road_River,23329,8607,5.8,5,75,CL_MINOR,865,5,,8.59,0,Inland,Low,1,RC_Slab
6464,54.5243323013613,-5.90194346565984,Road_River,23329,11670,3.1,5,40.6,CL_MINOR,865,5,,8.45,0,Inland,Low,1,Masonry_Arch
6465,54.5182536052144,-5.9703422208588,Road_River,23331,11674,1.8,5,46.8,CL_MINOR,790,5,,9.58,0,Inland,Low,1,Culvert
6466,54.5151265146543,-5.96613404412724,Road_River,23331,11674,3.9,5,56.8,CL_MINOR,790,5,,9.82,0,Inland,Low,1,Masonry_Arch
6467,54.5237838330266,-5.96223853916026,Road_River,23332,11673,2.5,5,9.3,CL_MINOR,790,5,,8.83,0,Inland,Low,1,Masonry_Arch
6468,54.510796736329,-5.86047867094427,Road_River,23356,11667,2.3,5,9.59999999999999,CL_MINOR,809,5,,8.59,0,Inland,Low,1,Masonry_Arch
6469,54.5346756976872,-5.9076214550712,Road_River,23373,11638,4.6,5,61.7,CL_MINOR,1014,5,,7.27,0,Inland,Medium,1,RC_Slab
6470,54.5337556114006,-5.91892210929359,Road_River,23373,11671,1.8,5,28.3,CL_MINOR,1014,5,,7.32,0,Inland,Low,1,Culvert
6471,54.5505380521595,-5.88962671847146,Road_River,23384,11608,1.6,5,10.8,CL_MINOR,884,5,,5.8,0,Inland,Low,1,Culvert
6472,54.5422166218983,-6.04923060837713,Road_River,23385,11656,1.4,5,9.40000000000001,CL_MINOR,809,5,,10.42,0,Inland,Low,1,Culvert
6473,54.5419294137071,-6.04897391691422,Road_River,23386,11656,1.5,5,10.3,CL_MINOR,809,5,,10.43,0,Inland,Low,1,Culvert
6474,54.5521724966073,-6.05133281459708,Road_River,23387,11622,1.5,5,43.4,CL_MINOR,809,5,,9.9,0,Inland,Low,1,Culvert
6475,54.5434503429181,-6.04074122843362,Road_River,23387,11658,4.5,5,51.1,CL_MINOR,809,5,,9.91,0,Inland,Medium,1,Masonry_Arch
6476,54.5283190220659,-6.0236114084705,Road_River,23395,8585,2.9,5,3.59999999999999,CL_MINOR,1014,5,,10.31,0,Inland,Low,1,Masonry_Arch
6477,54.5285282983284,-6.02446821141923,Road_River,23395,8586,10,5,17.8,CL_MINOR,1014,5,,10.33,0,Inland,High,2,RC_Slab
6478,54.5216551277738,-5.98719580983553,Road_River,23400,11677,3.7,5,23.7,CL_MINOR,772,5,,9.65,0,Inland,Low,1,Masonry_Arch
6479,54.5432830593114,-6.0272761817234,Road_River,23401,11657,4.4,5,67.4,CL_MINOR,1014,5,,9.27,0,Inland,Medium,1,Masonry_Arch
6480,54.5429636007195,-6.03123539147752,Road_River,23402,11658,3,5,47.3,CL_MINOR,1014,5,,9.48,0,Inland,Medium,1,Masonry_Arch
6481,54.5548363842982,-6.01953736227088,Road_River,23405,11614,3.6,5,3.2,CL_MINOR,1014,5,,8.05,0,Inland,Low,1,Masonry_Arch
6482,54.5526574402148,-6.00395874813443,Road_River,23407,11619,19.6,5,14.5,CL_MINOR,1014,5,,7.46,0,Inland,High,4,RC_Slab
6483,54.5464079342256,-6.02523067685745,Road_River,23419,11618,1,5,29.6,CL_MINOR,1014,5,,8.94,0,Inland,Low,1,Culvert
6484,54.5378191389735,-5.8991184631999,Road_River,23422,11637,2.3,5,50.9,CL_MINOR,884,5,,7.01,0,Inland,Low,1,Masonry_Arch
6485,54.5407320613614,-6.03861647622348,Road_River,23437,11656,1.6,5,8.59999999999999,CL_MINOR,1014,5,,10,0,Inland,Low,1,Culvert
6486,54.5221932250407,-6.02142036318031,Road_River,23440,8585,2.1,5,19.7,CL_MINOR,1014,5,,10.75,0,Inland,Low,1,Masonry_Arch
6487,54.5219026634649,-6.02209667397453,Road_River,23440,8586,10.4,5,6.09999999999999,CL_MINOR,1014,5,,10.81,0,Inland,High,2,RC_Slab
6488,54.5326359748273,-5.9843936307443,Road_River,23442,11677,3,5,15.8,CL_MINOR,772,5,,8.48,0,Inland,Low,1,Masonry_Arch
6489,54.6396343415792,-6.03551712982977,Road_River,23449,6879,1.8,5,31.3,CL_MINOR,511,5,,7.74,0,Inland,Low,1,Culvert
6490,54.6337814758679,-6.05307697692045,Road_River,23451,6949,12.6,5,32.5,CL_MINOR,548,5,,8.92,0,Inland,Low,3,Masonry_Arch
6491,54.6371087642198,-6.03112041016276,Road_River,23454,6881,2,5,18.4,CL_MINOR,530,5,,7.48,0,Inland,Low,1,Masonry_Arch
6492,54.6360373717927,-6.02982522159521,Road_River,23454,6882,6.8,5,54.3,CL_MINOR,530,5,,7.4,0,Inland,Medium,2,Masonry_Arch
6493,54.5773477494051,-6.05991022539496,Road_River,23458,11596,1.8,5,17.7,CL_MINOR,865,5,,9.27,0,Inland,Low,1,Culvert
6494,54.5938235229815,-6.04549721173905,Road_River,23459,11558,1,5,18.7,CL_MINOR,865,5,,8.03,0,Inland,Low,1,Culvert
6495,54.5814224902369,-6.04416082494491,Road_River,23462,11596,1,5,18.8,CL_MINOR,865,5,,8.17,0,Inland,Low,1,Culvert
6496,54.6342587202935,-6.02550792466223,Road_River,23466,6948,1.7,5,46.3,CL_MINOR,548,5,,7.15,0,Inland,Low,1,Culvert
6497,54.5618392826258,-5.88901607726902,Road_River,23476,11608,1.8,5,30.7,CL_MINOR,884,5,,4.65,0,Coastal,Low,1,Culvert
6498,54.567220889519,-5.99051169942572,Road_River,23488,11591,2.4,5,22.9,CL_MINOR,1014,5,,5.73,0,Inland,Low,1,Masonry_Arch
6499,54.5891274130802,-5.86344779924474,Road_River,23521,8580,2.1,5,16.9,CL_MINOR,1014,5,,2.94,0,Coastal,Low,1,Masonry_Arch
6500,54.6097250228365,-5.97254295736837,Road_River,23528,11543,1.7,5,33,CL_MINOR,1014,5,,3.4,0,Coastal,Low,1,Culvert
6501,54.5814521233375,-5.84174163521294,Road_River,23551,11585,2.1,5,3.7,CL_MINOR,1014,5,,4.46,0,Coastal,Low,1,Masonry_Arch
6502,54.6155399197717,-5.85056565049219,Road_River,23558,11529,1.4,5,8.59999999999999,CL_MINOR,1014,5,,1.98,0,Coastal,Low,1,Culvert
6503,54.6093082224672,-5.8515831805721,Road_River,23560,11412,1.5,5,0.599999999999994,CL_MINOR,1014,5,,2.31,0,Coastal,Low,1,Culvert
6504,54.6120102144385,-5.84622616243102,Road_River,23561,11412,1.9,5,51.8,CL_MINOR,1014,5,,2.42,0,Coastal,Low,1,Masonry_Arch
6505,54.6293668369319,-5.84026546863689,Road_River,23563,11531,1.7,5,15.3,CL_MINOR,1014,5,,1.03,0,Coastal,Low,1,Culvert
6506,54.5812248092996,-5.89403891302068,Road_River,23580,8578,4.3,5,11.8,CL_MINOR,1014,5,,2.64,0,Coastal,Low,1,Masonry_Arch
6507,54.5882423654093,-5.88494594036004,Road_River,23585,8579,4.2,5,7.7,CL_MINOR,1014,5,,2.41,0,Coastal,Low,1,Masonry_Arch
6508,54.5863587740503,-5.84662648096421,Road_River,23591,8577,3,5,27.5,CL_MINOR,1014,5,,3.84,0,Coastal,Low,1,Masonry_Arch
6509,54.5886656848559,-5.84755461487908,Road_River,23595,8577,12.1,5,73.1,CL_MINOR,1014,5,,3.61,0,Coastal,Medium,3,Masonry_Arch
6510,54.589087014094,-5.84777319712488,Road_River,23596,8580,2.4,5,19.5,CL_MINOR,1014,5,,3.57,0,Coastal,Low,1,Masonry_Arch
6511,54.589369680603,-5.84688122487949,Road_River,23607,11409,3.2,5,35.3,CL_MINOR,1014,5,,3.59,0,Coastal,Low,1,Masonry_Arch
6512,54.5729535955206,-5.88693289176526,Road_River,23611,11586,2,5,6,CL_MINOR,1014,5,,3.65,0,Coastal,Low,1,Masonry_Arch
6513,54.5773278294924,-5.89196000455777,Road_River,23617,11608,1.3,5,11.1,CL_MINOR,1014,5,,3.07,0,Coastal,Low,1,Culvert
6514,54.577307857679,-5.88826073519434,Road_River,23622,11586,1.1,5,1.5,CL_MINOR,1014,5,,3.21,0,Coastal,Low,1,Culvert
6515,54.5736347428185,-5.96852045646803,Road_River,23624,11613,2.5,5,41,CL_MINOR,1014,5,,4.2,0,Coastal,Low,1,Masonry_Arch
6516,54.5734312315698,-5.96879323633064,Road_River,23624,11613,4.1,5,70.2,CL_MINOR,1014,5,,4.23,0,Coastal,Low,1,Masonry_Arch
6517,54.571048081566,-5.97146104264433,Road_River,23624,11613,1.7,5,52.9,CL_MINOR,1014,5,,4.53,0,Coastal,Low,1,Culvert
6518,54.5887076471215,-5.95777903139416,Road_River,23639,11552,14.1,5,32.9,CL_MINOR,1014,5,,2.65,0,Coastal,High,3,RC_Slab
6519,54.6260464549384,-5.94382582991395,Road_River,23657,12263,1.7,5,9.40000000000001,CL_MINOR,1014,5,,2.13,0,Coastal,Low,1,Culvert
6520,54.564230167268,-5.88129407222582,Road_River,23668,11586,2.1,5,3.2,CL_MINOR,884,5,,4.66,0,Coastal,Low,1,Masonry_Arch
6521,54.6235931947699,-6.03817954521042,Road_River,23678,6944,5.8,5,48.1,CL_MINOR,530,5,,7.78,0,Inland,Medium,1,RC_Slab
6522,54.594166262263,-6.15388768640047,Road_River,23685,7060,10.5,5,1.7,CL_MINOR,828,5,,15,0,Inland,Low,2,RC_Slab
6523,54.5985940472373,-6.14999078630476,Road_River,23686,7060,6.5,5,19.3,CL_MINOR,828,5,,14.73,0,Inland,Low,2,Masonry_Arch
6524,54.6476471110149,-6.11628215750571,Road_River,23693,6890,3.4,5,41.6,CL_MINOR,604,5,,12.96,0,Inland,Low,1,Masonry_Arch
6525,54.620553432976,-6.06660852382015,Road_River,23701,6952,2,5,10.1,CL_MINOR,548,5,,9.55,0,Inland,Low,1,Masonry_Arch
6526,54.6171784154846,-6.06818003249288,Road_River,23701,7016,2.2,5,44.3,CL_MINOR,548,5,,9.61,0,Inland,Medium,1,Masonry_Arch
6527,54.6268521387828,-6.06408974468297,Road_River,23702,6950,1.9,5,36.5,CL_MINOR,548,5,,9.49,0,Inland,Low,1,Masonry_Arch
6528,54.6230729231735,-6.06559364394319,Road_River,23702,6951,1.9,5,15.9,CL_MINOR,548,5,,9.52,0,Inland,Low,1,Masonry_Arch
6529,54.6338875766739,-6.09212650171204,Road_River,23711,6889,2.1,5,12.7,CL_MINOR,735,5,,11.41,0,Inland,Low,1,Masonry_Arch
6530,54.6504411966443,-6.06872867967262,Road_River,23715,6886,7.7,5,9.5,CL_MINOR,697,5,,9.92,0,Inland,Low,2,Masonry_Arch
6531,54.6515390101753,-6.06372201049247,Road_River,23715,6888,4.6,5,31.1,CL_MINOR,697,5,,9.61,0,Inland,Low,1,RC_Slab
6532,54.584410908034,-6.14153127583424,Road_River,23719,17158,5.4,5,16.9,CL_MINOR,828,5,,14.29,0,Inland,Low,1,RC_Slab
6533,54.5708584838757,-6.13946062724385,Road_River,23721,7102,4.4,5,5.7,CL_MINOR,828,5,,14.42,0,Inland,Low,1,Masonry_Arch
6534,54.5669695193537,-6.12088366199256,Road_River,23729,7132,4.2,5,16.9,CL_MINOR,697,5,,13.36,0,Inland,Low,1,Masonry_Arch
6535,54.5634594680694,-6.1304526284603,Road_River,23732,7132,3.2,5,38,CL_MINOR,921,5,,14.07,0,Inland,Low,1,Masonry_Arch
6536,54.5709674901252,-6.06461207025207,Road_River,23733,7099,2.5,5,36.9,CL_MINOR,865,5,,9.77,0,Inland,Low,1,Masonry_Arch
6537,54.5719300128117,-6.09639340990628,Road_River,23735,7103,2.1,5,45.3,CL_MINOR,809,5,,11.7,0,Inland,Low,1,Masonry_Arch
6538,54.5885745940023,-6.0911665517126,Road_River,23739,7056,1.8,5,6.90000000000001,CL_MINOR,809,5,,11.01,0,Inland,Low,1,Culvert
6539,54.5868923516592,-6.09470084795773,Road_River,23739,7101,1.9,5,10,CL_MINOR,809,5,,11.26,0,Inland,Low,1,Masonry_Arch
6540,54.6444693298635,-6.00096088652466,Road_River,23774,6877,2.8,5,33,CL_MINOR,492,5,,5.52,0,Inland,Low,1,Masonry_Arch
6541,54.6540706543432,-6.02994388660007,Road_River,23775,6818,3.3,5,46.4,CL_MINOR,511,5,,7.49,0,Inland,Low,1,Masonry_Arch
6542,54.6517124849214,-6.05266658579911,Road_River,23777,6888,4.4,5,11.7,CL_MINOR,697,5,,8.9,0,Inland,Low,1,Masonry_Arch
6543,54.6584185607983,-6.01292181673651,Road_River,23779,6876,1.6,5,20.6,CL_MINOR,511,5,,6.48,0,Inland,Low,1,Culvert
6544,54.662171473787,-6.02093160432479,Road_River,23781,6816,1.9,5,30.2,CL_MINOR,511,5,,7.08,0,Inland,Low,1,Masonry_Arch
6545,54.6755262458812,-6.03828110233255,Road_River,23782,6819,1.2,5,16.2,CL_MINOR,511,5,,8.61,0,Inland,Low,1,Culvert
6546,54.6843548772403,-6.00481608894164,Road_River,23784,6762,1.6,5,22.1,CL_MINOR,1014,5,,7.04,0,Inland,Low,1,Culvert
6547,54.6881072065186,-6.02988080989634,Road_River,23785,6763,2.1,5,25.7,CL_MINOR,865,5,,8.7,0,Inland,Low,1,Masonry_Arch
6548,54.6859988418266,-6.02194703024302,Road_River,23786,6764,3.2,5,11.8,CL_MINOR,865,5,,8.16,0,Inland,Low,1,Masonry_Arch
6549,54.6916942217677,-5.97855074887028,Road_River,23791,11486,1.2,5,3.90000000000001,CL_MINOR,1014,5,,5.66,0,Inland,Low,1,Culvert
6550,54.7341713587688,-5.93983459625007,Road_River,23795,6584,2.2,5,59.1,CL_MINOR,437,5,,6.82,0,Inland,Low,1,Masonry_Arch
6551,54.7513185328196,-5.91577930142062,Road_River,23798,6438,1.6,5,1.59999999999999,CL_MINOR,641,5,,7.05,0,Inland,Low,1,Culvert
6552,54.7242917376817,-5.83255040162274,Road_River,23805,11468,12.2,5,29.1,CL_MINOR,586,5,,1.67,0,Coastal,Low,3,Masonry_Arch
6553,54.7075473845586,-6.00121677390807,Road_River,23811,6698,1.2,5,7.3,CL_MINOR,1014,5,,7.75,0,Inland,Low,1,Culvert
6554,54.7262046816358,-5.94697028540873,Road_River,23813,6581,4.9,5,51.9,CL_MINOR,809,5,,6.47,0,Inland,Medium,1,RC_Slab
6555,54.7238041749009,-6.0281611524229,Road_River,23815,6662,9,5,56.1,CL_MINOR,679,5,,10.17,0,Inland,Medium,2,Masonry_Arch
6556,54.7375955156551,-5.94880233349026,Road_River,23818,6583,2.6,5,16.9,CL_MINOR,809,5,,7.49,0,Inland,Low,1,Masonry_Arch
6557,54.7489153394713,-5.97186564759603,Road_River,23819,6440,2.5,5,23.4,CL_MINOR,809,5,,9.43,0,Inland,Low,1,Masonry_Arch
6558,54.7446779794407,-6.04658978785002,Road_River,23821,6591,20.1,5,17.6,CL_MINOR,735,5,,12.49,0,Inland,High,4,Bespoke_Viaduct
6559,54.749699781372,-6.04478303601283,Road_River,23822,6591,20.4,5,38.4,CL_MINOR,697,5,,12.75,0,Inland,High,4,Bespoke_Viaduct
6560,54.7571152008781,-6.03868561727396,Road_River,23825,6444,1.9,5,20.5,CL_MINOR,697,5,,13.02,0,Inland,Low,1,Masonry_Arch
6561,54.7552503841755,-6.04657813024053,Road_River,23825,6445,25.2,5,8.3,CL_MINOR,697,5,,13.24,0,Inland,Medium,1,Bespoke_Viaduct
6562,54.7663243837544,-5.93384259793888,Road_River,23833,9847,4.3,5,13.9,CL_MINOR,641,5,,9.07,0,Inland,Low,1,Masonry_Arch
6563,54.7715950045961,-5.90524787562512,Road_River,23834,6319,3.2,5,19.7,CL_MINOR,586,5,,8.44,0,Inland,Low,1,Masonry_Arch
6564,54.7779490337669,-5.89623105103605,Road_River,23834,6325,2.5,5,43.3,CL_MINOR,586,5,,7.86,0,Inland,Low,1,Masonry_Arch
6565,54.7779876660266,-5.90990489718865,Road_River,23837,6324,7.6,5,56,CL_MINOR,641,5,,8.47,0,Inland,Medium,1,RC_Slab
6566,54.778367718329,-5.90585997924567,Road_River,23837,6324,3.6,5,24.9,CL_MINOR,641,5,,8.26,0,Inland,Low,1,Masonry_Arch
6567,54.7785833540295,-5.90360983213602,Road_River,23837,6324,3.9,5,7.09999999999999,CL_MINOR,641,5,,8.14,0,Inland,Low,1,Masonry_Arch
6568,54.7742751771498,-5.92200749050442,Road_River,23838,6327,9.7,5,17.5,CL_MINOR,641,5,,9.28,0,Inland,Low,2,RC_Slab
6569,54.7741236377795,-6.04588323320843,Road_River,23842,6349,10.2,5,40.3,CL_MINOR,809,5,,14.69,0,Inland,Medium,1,Bespoke_Viaduct
6570,54.7629386109827,-6.04764517069998,Road_River,23844,6344,16.3,5,37.1,CL_MINOR,697,5,,13.88,0,Inland,High,3,RC_Slab
6571,54.7731284373323,-6.04246518111216,Road_River,23852,6345,11.2,5,38.1,CL_MINOR,697,5,,14.46,0,Inland,Low,2,RC_Slab
6572,54.7743073780216,-5.97008803694781,Road_River,23856,6330,12.8,5,15.6,CL_MINOR,884,5,,11.33,0,Inland,High,3,Masonry_Arch
6573,54.77398583694,-5.96333826647879,Road_River,23856,6331,6.6,5,31.8,CL_MINOR,884,5,,10.99,0,Inland,Low,2,Masonry_Arch
6574,54.7736855284924,-5.96148861830783,Road_River,23856,6336,2.6,5,21.2,CL_MINOR,884,5,,10.88,0,Inland,Low,1,Masonry_Arch
6575,54.7734280454901,-5.95506637070682,Road_River,23856,6337,1.2,5,13.3,CL_MINOR,884,5,,10.57,0,Inland,Low,1,Culvert
6576,54.7757286243121,-5.98214974006052,Road_River,23858,6075,2.1,5,15.1,CL_MINOR,884,5,,12.01,0,Inland,Low,1,Masonry_Arch
6577,54.7781753372252,-6.05762380541089,Road_River,23861,6350,1.7,5,11.7,CL_MINOR,809,5,,15.54,0,Inland,Low,1,Culvert
6578,54.7824500615877,-6.00729038996545,Road_River,23862,6342,3.9,5,30.8,CL_MINOR,884,5,,13.54,0,Inland,Low,1,Masonry_Arch
6579,54.7804726778241,-6.01613539256448,Road_River,23863,6342,5.8,5,50.5,CL_MINOR,697,5,,13.93,0,Inland,Medium,1,RC_Slab
6580,54.7720771345468,-5.98114433938896,Road_River,23865,6339,2.9,5,32.9,CL_MINOR,884,5,,11.7,0,Inland,Low,1,Masonry_Arch
6581,54.6724679212339,-5.95704931707279,Road_River,23874,11493,1,5,9.5,CL_MINOR,1014,5,,3.75,0,Coastal,Low,1,Culvert
6582,54.6631235248454,-5.99454682061085,Road_River,23876,6814,4.2,5,16,CL_MINOR,492,5,,5.49,0,Inland,Low,1,Masonry_Arch
6583,54.6627955595894,-5.99696106639681,Road_River,23876,6876,1.6,5,16.5,CL_MINOR,492,5,,5.62,0,Inland,Low,1,Culvert
6584,54.6705778726556,-5.94952853520379,Road_River,23877,11493,2.2,5,14.7,CL_MINOR,1014,5,,3.22,0,Coastal,Low,1,Masonry_Arch
6585,54.6713330037757,-5.95237035953359,Road_River,23879,11493,2.8,5,26.8,CL_MINOR,1014,5,,3.42,0,Coastal,Low,1,Masonry_Arch
6586,54.6690862081905,-5.95501676702117,Road_River,23880,11500,2,5,44.8,CL_MINOR,1014,5,,3.52,0,Coastal,Low,1,Masonry_Arch
6587,54.7101537138801,-5.85019188548243,Road_River,23888,12232,6.7,5,66.1,CL_MINOR,492,5,,0.83,0,Marine,Low,2,Masonry_Arch
6588,54.7061868803406,-5.91882011401554,Road_River,23892,11474,2.6,5,24.6,CL_MINOR,995,5,,3.6,0,Coastal,Low,1,Masonry_Arch
6589,54.7068031003343,-5.91865778874981,Road_River,23892,11474,2.8,5,34,CL_MINOR,995,5,,3.65,0,Coastal,Low,1,Masonry_Arch
6590,54.7088957414301,-5.91183363781188,Road_River,23892,11477,2.4,5,30.5,CL_MINOR,995,5,,3.54,0,Coastal,Low,1,Masonry_Arch
6591,54.7107712673922,-5.90791230637514,Road_River,23892,11477,2.7,5,45,CL_MINOR,995,5,,3.53,0,Coastal,Low,1,Masonry_Arch
6592,54.7245244613908,-5.90452278588439,Road_River,23893,11460,2.4,5,49.1,CL_MINOR,437,5,,4.5,0,Coastal,Low,1,Masonry_Arch
6593,54.6898339353895,-5.91561186254998,Road_River,23900,11477,2.6,5,24.7,CL_MINOR,995,5,,2.13,0,Coastal,Low,1,Masonry_Arch
6594,54.6893054801064,-5.92033630753076,Road_River,23903,11473,3.3,5,5.7,CL_MINOR,995,5,,2.3,0,Coastal,Low,1,Masonry_Arch
6595,54.6892480318477,-5.92175684844684,Road_River,23903,11478,4,5,17.6,CL_MINOR,995,5,,2.36,0,Coastal,Low,1,Masonry_Arch
6596,54.688349115697,-5.9025054040523,Road_River,23904,11492,4.9,5,23.9,CL_MINOR,641,5,,1.43,0,Coastal,Low,1,RC_Slab
6597,54.657742754435,-5.93533496086909,Road_River,23927,12252,2.3,5,7,CL_MINOR,1014,5,,1.77,0,Coastal,Low,1,Masonry_Arch
6598,54.669766549265,-5.94808778723185,Road_River,23936,11493,2.5,5,11.3,CL_MINOR,1014,5,,3.11,0,Coastal,Low,1,Masonry_Arch
6599,54.6689292411592,-5.94876998192233,Road_River,23936,11500,1.8,5,14.3,CL_MINOR,1014,5,,3.14,0,Coastal,Low,1,Culvert
6600,54.7687768073827,-6.04610022770964,Road_River,23942,6344,24.9,5,7.40000000000001,CL_MINOR,697,5,,14.27,0,Inland,High,5,Bespoke_Viaduct
6601,54.691883144038,-5.91437255641151,Road_River,23943,11477,1.7,5,25,CL_MINOR,995,5,,2.24,0,Coastal,Low,1,Culvert
6602,54.6893605958178,-6.01744318086697,Road_River,23944,6699,8.6,5,49.2,CL_MINOR,865,5,,7.96,0,Inland,Medium,2,Masonry_Arch
6603,54.6966677933077,-5.95080537559516,Road_River,23945,11483,3,5,6.7,CL_MINOR,1014,5,,4.35,0,Coastal,Low,1,Masonry_Arch
6604,54.6868166067396,-5.91876748360774,Road_River,23949,11472,4.3,5,0.700000000000003,CL_MINOR,995,5,,2.04,0,Coastal,Low,1,Masonry_Arch
6605,54.6598861307584,-5.92529679803662,Road_River,23957,12251,4.1,5,15.3,CL_MINOR,1014,5,,1.37,0,Coastal,Low,1,Masonry_Arch
6606,54.6550797260469,-5.92298481537027,Road_River,23962,12252,1.4,5,16.6,CL_MINOR,1014,5,,0.94,0,Marine,Low,1,Culvert
6607,54.7194886338915,-5.96175028784504,Road_River,23974,6658,2.4,5,28.7,CL_MINOR,809,5,,6.56,0,Inland,Low,1,Masonry_Arch
6608,54.721740624185,-5.96475847232949,Road_River,23974,6659,2.4,5,10.8,CL_MINOR,809,5,,6.88,0,Inland,Low,1,Masonry_Arch
6609,54.6984476939449,-6.13838284612458,Road_River,23976,6709,100.3,5,65.6,CL_MINOR,865,5,,15.55,0,Inland,High,17,Bespoke_Viaduct
6610,54.6822734229656,-6.07150615711959,Road_River,23992,6766,2.1,5,8.8,CL_MINOR,1014,5,,10.88,0,Inland,Low,1,Masonry_Arch
6611,54.6710226474774,-6.09762048545897,Road_River,23996,6885,6.5,5,24.6,CL_MINOR,716,5,,12.11,0,Inland,Low,2,Masonry_Arch
6612,54.6639212313892,-6.08772890340367,Road_River,24004,6885,8.5,5,22.7,CL_MINOR,716,5,,11.33,0,Inland,Low,2,Masonry_Arch
6613,54.7573257826135,-6.13021711268784,Road_River,24007,6451,2.6,5,7.09999999999999,CL_MINOR,660,5,,17.72,0,Inland,Low,1,Masonry_Arch
6614,54.7095216438365,-6.08107110704465,Road_River,24010,6700,6.3,5,18.7,CL_MINOR,1014,5,,12.54,0,Inland,Low,2,Masonry_Arch
6615,54.7120318655614,-6.09207957418914,Road_River,24011,6667,6.3,5,25.7,CL_MINOR,679,5,,13.3,0,Inland,Low,2,Masonry_Arch
6616,54.7134863944996,-6.09379862300867,Road_River,24011,6671,27.9,5,14,CL_MINOR,679,5,,13.46,0,Inland,High,5,Bespoke_Viaduct
6617,54.7296799279308,-6.08426908313295,Road_River,24013,6593,10.2,5,3.3,CL_MINOR,735,5,,13.63,0,Inland,Low,2,RC_Slab
6618,54.7321969835913,-6.08843668468549,Road_River,24014,6593,9.6,5,46.2,CL_MINOR,679,5,,14,0,Inland,Medium,2,RC_Slab
6619,54.8203979350733,-6.10588356369493,Road_River,24029,2718,2.5,5,38.9,CL_MINOR,548,5,,17.59,0,Inland,Low,1,Masonry_Arch
6620,54.8218676074349,-6.09981654189339,Road_River,24029,2719,2.3,5,26.8,CL_MINOR,548,5,,17.17,0,Inland,Low,1,Masonry_Arch
6621,54.8181911582481,-6.11562238662231,Road_River,24029,6066,2,5,27.2,CL_MINOR,548,5,,18.25,0,Inland,Low,1,Masonry_Arch
6622,54.8163446370389,-6.12994238774637,Road_River,24029,6107,2.3,5,50.1,CL_MINOR,548,5,,19.13,0,Inland,Low,1,Masonry_Arch
6623,54.7929895701798,-6.11078498994768,Road_River,24031,6095,1.5,5,31.1,CL_MINOR,437,5,,19.13,0,Inland,Low,1,Culvert
6624,54.7909810451433,-6.10578302834095,Road_River,24031,6356,2.5,5,1.40000000000001,CL_MINOR,437,5,,18.74,0,Inland,Low,1,Masonry_Arch
6625,54.7787002119153,-6.05819940438084,Road_River,24037,6084,2.6,5,3.7,CL_MINOR,809,5,,15.61,0,Inland,Low,1,Masonry_Arch
6626,54.7817644259377,-6.06169135600142,Road_River,24040,6084,1,5,21.3,CL_MINOR,492,5,,16.01,0,Inland,Low,1,Culvert
6627,54.7889421378413,-6.07174101810303,Road_River,24040,6091,2.5,5,37.1,CL_MINOR,492,5,,17.03,0,Inland,Low,1,Masonry_Arch
6628,54.792355918999,-6.07310070818507,Road_River,24040,6092,1.8,5,24.7,CL_MINOR,492,5,,17.22,0,Inland,Low,1,Culvert
6629,54.7958554387768,-6.08611936095199,Road_River,24041,6093,4.4,5,67.9,CL_MINOR,437,5,,17.95,0,Inland,Low,1,Masonry_Arch
6630,54.7931228594766,-6.1103701094066,Road_River,24041,6095,7.1,5,75,CL_MINOR,437,5,,19.12,0,Inland,Low,2,Masonry_Arch
6631,54.7085180015917,-6.12276919689211,Road_River,24047,6701,2.8,5,30.7,CL_MINOR,679,5,,15.07,0,Inland,Low,1,Masonry_Arch
6632,54.7441762418574,-6.09155101950603,Road_River,24050,6593,9.5,5,19.2,CL_MINOR,437,5,,14.83,0,Inland,Low,1,RC_Slab
6633,54.7868558539954,-5.89634086281681,Road_River,24060,2753,1.4,5,19.7,CL_MINOR,697,5,,7.17,0,Inland,Low,1,Culvert
6634,54.7849208283821,-5.892139259929,Road_River,24060,2754,2.6,5,10,CL_MINOR,697,5,,7.12,0,Inland,Low,1,Masonry_Arch
6635,54.7767512773929,-5.98172712753998,Road_River,24062,6075,2.8,5,35.8,CL_MINOR,884,5,,12.06,0,Inland,Low,1,Masonry_Arch
6636,54.7864431360049,-5.96063317773358,Road_River,24062,6076,2.1,5,22.9,CL_MINOR,884,5,,10.63,0,Inland,Low,1,Masonry_Arch
6637,54.7856496272107,-5.95694513630084,Road_River,24063,6073,4.2,5,7.8,CL_MINOR,884,5,,10.46,0,Inland,Low,1,Masonry_Arch
6638,54.787123505133,-5.9585238305115,Road_River,24063,6074,9.5,5,74.1,CL_MINOR,884,5,,10.47,0,Inland,Medium,2,RC_Slab
6639,54.7771642464195,-5.95576478314337,Road_River,24063,6336,1.6,5,17.6,CL_MINOR,884,5,,10.87,0,Inland,Low,1,Culvert
6640,54.7740095593052,-5.95379449457753,Road_River,24063,6337,2,5,6.2,CL_MINOR,884,5,,10.57,0,Inland,Low,1,Masonry_Arch
6641,54.7929395905056,-6.01983524489484,Road_River,24064,6080,1.3,5,35.7,CL_MINOR,511,5,,13.9,0,Inland,Low,1,Culvert
6642,54.7827822224922,-6.05715279231394,Road_River,24067,6088,2.6,5,3.2,CL_MINOR,492,5,,15.89,0,Inland,Low,1,Masonry_Arch
6643,54.796179878379,-5.97622930946924,Road_River,24069,6075,1.3,5,18.6,CL_MINOR,437,5,,11.12,0,Inland,Low,1,Culvert
6644,54.7995859254503,-5.99879063209639,Road_River,24070,6078,4.1,5,16.3,CL_MINOR,437,5,,12.39,0,Inland,Low,1,Masonry_Arch
6645,54.7996793945287,-6.03041733384322,Road_River,24071,6081,2.4,5,22.2,CL_MINOR,511,5,,14.35,0,Inland,Low,1,Masonry_Arch
6646,54.8058022908981,-6.03267232105545,Road_River,24074,6058,2.5,5,33.7,CL_MINOR,511,5,,14.35,0,Inland,Low,1,Masonry_Arch
6647,54.8286871436031,-6.03837282438164,Road_River,24076,5889,12.1,5,20.6,CL_MINOR,455,5,,13.53,0,Inland,Low,3,Masonry_Arch
6648,54.8199819088797,-6.03654814112023,Road_River,24077,2701,24.2,5,10.6,CL_MINOR,455,5,,14.08,0,Inland,High,5,Bespoke_Viaduct
6649,54.7830086057439,-5.86388917194132,Road_River,24083,8179,3.2,5,7.2,CL_MINOR,455,5,,5.99,0,Inland,Low,1,Masonry_Arch
6650,54.790737554706,-5.85205382175021,Road_River,24084,8182,1.6,5,6.7,CL_MINOR,846,5,,4.84,0,Coastal,Low,1,Culvert
6651,54.797982694134,-5.83399366462729,Road_River,24086,11374,4.8,5,10.8,CL_MINOR,846,5,,3.48,0,Coastal,Low,1,RC_Slab
6652,54.7933998040619,-5.91799152187615,Road_River,24089,2756,1.8,5,1,CL_MINOR,660,5,,7.85,0,Inland,Low,1,Culvert
6653,54.7986203028001,-5.92474344960564,Road_River,24092,2756,2.8,5,19.3,CL_MINOR,660,5,,7.95,0,Inland,Low,1,Masonry_Arch
6654,54.7966585454901,-5.95470763864135,Road_River,24093,6074,8.7,5,62.4,CL_MINOR,418,5,,9.81,0,Inland,Medium,1,RC_Slab
6655,54.7975299892996,-5.94766947009374,Road_River,24093,6077,2.8,5,23.1,CL_MINOR,418,5,,9.35,0,Inland,Low,1,Masonry_Arch
6656,54.8011221523769,-5.93570468301583,Road_River,24094,6047,2.7,5,10.9,CL_MINOR,660,5,,8.48,0,Inland,Low,1,Masonry_Arch
6657,54.8046805283964,-5.92842999042938,Road_River,24094,6049,6,5,64.3,CL_MINOR,660,5,,7.9,0,Inland,Medium,1,RC_Slab
6658,54.7876068824874,-5.95873411911303,Road_River,24095,6074,3,5,33.4,CL_MINOR,418,5,,10.46,0,Inland,Low,1,Masonry_Arch
6659,54.7949325800348,-5.94674018357724,Road_River,24095,6077,3,5,40.6,CL_MINOR,418,5,,9.41,0,Inland,Low,1,Masonry_Arch
6660,54.8121247078558,-5.83098610545129,Road_River,24096,11346,3.2,5,47.4,CL_MINOR,846,5,,2.22,0,Coastal,Medium,1,Masonry_Arch
6661,54.8060665988972,-5.8311652816869,Road_River,24096,11372,2.9,5,24.4,CL_MINOR,846,5,,2.68,0,Coastal,Low,1,Masonry_Arch
6662,54.8093474815401,-5.83158817663299,Road_River,24096,11375,4.6,5,20.9,CL_MINOR,846,5,,2.44,0,Coastal,Low,1,RC_Slab
6663,54.7964185956093,-5.89519753479433,Road_River,24101,8185,1.8,5,27.2,CL_MINOR,697,5,,6.44,0,Inland,Low,1,Culvert
6664,54.8054149680961,-5.88318128023429,Road_River,24102,11384,1.7,5,25.8,CL_MINOR,697,5,,5.24,0,Coastal,Low,1,Culvert
6665,54.8121371158856,-5.83094685184216,Road_River,24104,11346,13.3,5,74.4,CL_MINOR,623,5,,2.22,0,Coastal,Medium,1,Bespoke_Viaduct
6666,54.8122969113728,-5.82975377587116,Road_River,24104,11379,14.4,5,47.3,CL_MINOR,623,5,,2.14,0,Coastal,Medium,1,Bespoke_Viaduct
6667,54.8081018710674,-5.84679880079433,Road_River,24106,11375,4,5,15.3,CL_MINOR,846,5,,3.24,0,Coastal,Low,1,Masonry_Arch
6668,54.8087373016445,-5.86219210307926,Road_River,24107,11381,2,5,10.4,CL_MINOR,846,5,,3.92,0,Coastal,Low,1,Masonry_Arch
6669,54.8040663450196,-5.90864456263668,Road_River,24110,8185,1.1,5,6.59999999999999,CL_MINOR,660,5,,6.76,0,Inland,Low,1,Culvert
6670,54.8097024664794,-5.90430964275189,Road_River,24110,11383,4,5,36.4,CL_MINOR,660,5,,6.25,0,Inland,Low,1,Masonry_Arch
6671,54.814155235996,-5.91234829915628,Road_River,24114,11386,1.1,5,28.6,CL_MINOR,660,5,,6.58,0,Inland,Low,1,Culvert
6672,54.8097900593246,-5.91717631769854,Road_River,24114,11387,3.1,5,42.8,CL_MINOR,660,5,,7.03,0,Inland,Low,1,Masonry_Arch
6673,54.8205288634558,-5.89827822524008,Road_River,24115,11365,2.6,5,36.9,CL_MINOR,697,5,,5.53,0,Inland,Low,1,Masonry_Arch
6674,54.8166990703694,-5.93453734739431,Road_River,24116,6046,2.7,5,42.9,CL_MINOR,418,5,,7.91,0,Inland,Low,1,Masonry_Arch
6675,54.8102562850258,-5.93966216024735,Road_River,24116,6047,1.5,5,26.3,CL_MINOR,418,5,,8.4,0,Inland,Low,1,Culvert
6676,54.8122209770135,-5.93756118068658,Road_River,24116,6048,2.2,5,13.1,CL_MINOR,418,5,,8.21,0,Inland,Low,1,Masonry_Arch
6677,54.7998285365339,-5.962066936233,Road_River,24116,6051,2.3,5,19.7,CL_MINOR,418,5,,10.12,0,Inland,Low,1,Masonry_Arch
6678,54.8025365346659,-5.9560873136985,Road_River,24116,6052,1.5,5,3.3,CL_MINOR,418,5,,9.66,0,Inland,Low,1,Culvert
6679,54.8021940511558,-5.95721741158519,Road_River,24116,6053,1,5,9.09999999999999,CL_MINOR,418,5,,9.74,0,Inland,Low,1,Culvert
6680,54.8239271420117,-5.82799785614334,Road_River,24117,11342,5.2,5,39.3,CL_MINOR,623,5,,1.14,0,Coastal,Low,1,RC_Slab
6681,54.8210527619483,-5.83002737762585,Road_River,24117,11348,2.3,5,7.40000000000001,CL_MINOR,623,5,,1.45,0,Coastal,Low,1,Masonry_Arch
6682,54.8260144791975,-5.83079507756004,Road_River,24122,11342,3,5,3.59999999999999,CL_MINOR,939,5,,1.18,0,Coastal,Low,1,Masonry_Arch
6683,54.8253992933154,-5.87257640385224,Road_River,24124,11352,21.8,5,3.40000000000001,CL_MINOR,809,5,,3.81,0,Coastal,Medium,1,Bespoke_Viaduct
6684,54.8213130533807,-5.89734312651931,Road_River,24125,11360,4.6,5,32.9,CL_MINOR,809,5,,5.46,0,Inland,Low,1,RC_Slab
6685,54.7029012478498,-6.05193185990925,Road_River,24133,6700,7,5,19.5,CL_MINOR,1014,5,,10.52,0,Inland,Low,2,Masonry_Arch
6686,54.7016511580668,-5.98605892191548,Road_River,24135,12239,2.8,5,22.7,CL_MINOR,1014,5,,6.58,0,Inland,Low,1,Masonry_Arch
6687,54.8495730339472,-5.82407132051118,Road_River,24144,11297,30.3,5,50.3,CL_MINOR,1014,5,,0.5,0,Marine,High,2,Bespoke_Viaduct
6688,54.8494086892297,-5.82300542738581,Road_River,24148,12211,15.1,5,19.6,CL_MINOR,1014,5,,0.43,0,Marine,Medium,1,Bespoke_Viaduct
6689,54.8368917506595,-6.04583244862971,Road_River,24161,2702,3.9,5,54.2,CL_MINOR,437,5,,13.36,0,Inland,Medium,1,Masonry_Arch
6690,54.8481052554127,-6.05037484792558,Road_River,24161,5747,2.6,5,18.5,CL_MINOR,437,5,,12.92,0,Inland,Low,1,Masonry_Arch
6691,54.8429771786233,-6.04818145743619,Road_River,24161,5748,3.2,5,36.5,CL_MINOR,437,5,,13.1,0,Inland,Low,1,Masonry_Arch
6692,54.8661225632133,-6.04807444622152,Road_River,24161,11084,1.2,5,14.1,CL_MINOR,437,5,,11.86,0,Inland,Low,1,Culvert
6693,54.8508763105046,-6.12581270019443,Road_River,24162,5764,5.8,5,63.3,CL_MINOR,511,5,,16.95,0,Inland,Low,1,RC_Slab
6694,54.8518268406472,-6.12578805355446,Road_River,24162,5764,2.6,5,38,CL_MINOR,511,5,,16.86,0,Inland,Low,1,Masonry_Arch
6695,54.8476021934611,-6.12553001859836,Road_River,24162,5765,5,5,28,CL_MINOR,511,5,,17.24,0,Inland,Low,1,RC_Slab
6696,54.8505710273927,-6.12582061599069,Road_River,24162,5767,2.5,5,60.1,CL_MINOR,511,5,,16.98,0,Inland,Low,1,Masonry_Arch
6697,54.853279546851,-6.11953634791342,Road_River,24163,5764,2.6,5,21.8,CL_MINOR,492,5,,16.5,0,Inland,Low,1,Masonry_Arch
6698,54.861190102108,-6.12821234617397,Road_River,24165,5659,2.2,5,34,CL_MINOR,660,5,,16.09,0,Inland,Low,1,Masonry_Arch
6699,54.8634191058603,-6.12983251283551,Road_River,24166,5660,3.4,5,14.3,CL_MINOR,660,5,,15.95,0,Inland,Low,1,Masonry_Arch
6700,54.8895907479407,-6.13185515618941,Road_River,24168,5556,1,5,3.8,CL_MINOR,660,5,,13.8,0,Inland,Low,1,Culvert
6701,54.8843309940326,-6.12824861337227,Road_River,24168,5559,2.2,5,29.3,CL_MINOR,660,5,,14.07,0,Inland,Low,1,Masonry_Arch
6702,54.8813244160654,-5.86309563502053,Road_River,24169,8511,7.9,5,75,CL_MINOR,660,5,,1.56,0,Coastal,Low,1,RC_Slab
6703,54.8842401251023,-5.87529482606705,Road_River,24170,8514,1.8,5,2.59999999999999,CL_MINOR,586,5,,1.92,0,Coastal,Low,1,Culvert
6704,54.8879367373327,-5.86868734478254,Road_River,24170,11171,2.2,5,62.2,CL_MINOR,586,5,,1.35,0,Coastal,Low,1,Masonry_Arch
6705,54.8825863381946,-5.86475851491671,Road_River,24171,8507,3.3,5,24.3,CL_MINOR,586,5,,1.63,0,Coastal,Low,1,Masonry_Arch
6706,54.8819585062951,-5.86392038102477,Road_River,24171,8511,3.8,5,75,CL_MINOR,586,5,,1.59,0,Coastal,Low,1,Masonry_Arch
6707,54.8878419931236,-5.87143681956318,Road_River,24171,11171,2.4,5,7.40000000000001,CL_MINOR,586,5,,1.45,0,Coastal,Low,1,Masonry_Arch
6708,54.8926816001343,-5.86239446112672,Road_River,24173,11172,3.5,5,19.1,CL_MINOR,418,5,,0.71,0,Marine,Low,1,Masonry_Arch
6709,54.896916407281,-5.93266377392641,Road_River,24178,11178,2.2,5,16.8,CL_MINOR,381,5,,3.68,0,Coastal,Low,1,Masonry_Arch
6710,54.899110548096,-5.91430382547235,Road_River,24178,11179,2.1,5,11.1,CL_MINOR,381,5,,2.52,0,Coastal,Low,1,Masonry_Arch
6711,54.9008177896593,-5.93950206973163,Road_River,24178,11188,6.9,5,72.9,CL_MINOR,381,5,,3.91,0,Coastal,Low,2,Masonry_Arch
6712,54.93125428756,-5.98788620050587,Road_River,24179,11137,2.6,5,0.900000000000006,CL_MINOR,455,5,,4.69,0,Coastal,Low,1,Masonry_Arch
6713,54.9310915994692,-5.98792362796594,Road_River,24179,11141,4.2,5,61.4,CL_MINOR,455,5,,4.71,0,Coastal,Medium,1,Masonry_Arch
6714,54.9130713641894,-5.99112823723224,Road_River,24185,11160,8.7,5,26.7,CL_MINOR,530,5,,6.62,0,Inland,Low,2,Masonry_Arch
6715,54.9178966246775,-5.98977641213194,Road_River,24185,11161,3.5,5,46.5,CL_MINOR,530,5,,6.09,0,Inland,Low,1,Masonry_Arch
6716,54.9112408500533,-5.97871813775529,Road_River,24186,8494,1.8,5,11.7,CL_MINOR,530,5,,5.96,0,Inland,Low,1,Culvert
6717,54.911034061756,-5.98754955880776,Road_River,24186,11159,2.4,5,20.3,CL_MINOR,530,5,,6.52,0,Inland,Low,1,Masonry_Arch
6718,54.9074928873511,-5.9547688803249,Road_River,24191,11152,2.1,5,55.1,CL_MINOR,437,5,,4.58,0,Coastal,Low,1,Masonry_Arch
6719,54.9047873919747,-5.95617939807098,Road_River,24191,11153,25.7,5,33.3,CL_MINOR,437,5,,4.76,0,Coastal,High,5,Bespoke_Viaduct
6720,54.900501731605,-6.08149354332663,Road_River,24192,5480,22.7,5,60.1,CL_MINOR,623,5,,10.79,0,Inland,High,4,Bespoke_Viaduct
6721,54.9005105212378,-6.08130274070213,Road_River,24192,5481,2.7,5,43,CL_MINOR,623,5,,10.78,0,Inland,Medium,1,Masonry_Arch
6722,54.9027370749426,-6.015138670447,Road_River,24195,8498,8.6,5,29.7,CL_MINOR,511,5,,8.31,0,Inland,Low,2,Masonry_Arch
6723,54.9076503958855,-5.99512150393595,Road_River,24196,8493,1.9,5,59.1,CL_MINOR,530,5,,7.09,0,Inland,Low,1,Masonry_Arch
6724,54.9021784927101,-5.99098345658618,Road_River,24197,8493,1.3,5,3.59999999999999,CL_MINOR,530,5,,6.98,0,Inland,Low,1,Culvert
6725,54.8988195540969,-6.00340052025753,Road_River,24199,8496,2.1,5,5.09999999999999,CL_MINOR,530,5,,7.86,0,Inland,Low,1,Masonry_Arch
6726,54.8965539318546,-6.00730894029721,Road_River,24199,8497,4.3,5,17.4,CL_MINOR,530,5,,8.17,0,Inland,Low,1,Masonry_Arch
6727,54.8748792003105,-6.05136813346967,Road_River,24200,11084,1.5,5,7.7,CL_MINOR,381,5,,11.68,0,Inland,Low,1,Culvert
6728,54.8852294402284,-6.02999854145524,Road_River,24200,11217,1.7,5,22.5,CL_MINOR,381,5,,9.98,0,Inland,Low,1,Culvert
6729,54.8776621460345,-6.03237950563592,Road_River,24200,11219,2.8,5,26.5,CL_MINOR,381,5,,10.42,0,Inland,Low,1,Masonry_Arch
6730,54.8769764967442,-6.03366315018781,Road_River,24200,11220,2.9,5,0.299999999999997,CL_MINOR,381,5,,10.53,0,Inland,Low,1,Masonry_Arch
6731,54.8747887150301,-6.04396806599651,Road_River,24200,11226,4.3,5,8.59999999999999,CL_MINOR,381,5,,11.23,0,Inland,Low,1,Masonry_Arch
6732,54.8892608371974,-6.06544168330735,Road_River,24201,5482,1.7,5,28,CL_MINOR,381,5,,11.3,0,Inland,Low,1,Culvert
6733,54.8758257700312,-6.05482163245687,Road_River,24201,11225,3.8,5,20.1,CL_MINOR,381,5,,11.85,0,Inland,Low,1,Masonry_Arch
6734,54.8905293618765,-5.97611430612814,Road_River,24202,11214,0.9,5,9.5,CL_MINOR,437,5,,6.52,0,Inland,Low,1,Culvert
6735,54.8974807762782,-5.96178178320401,Road_River,24203,11191,1.8,5,0.0999999999999943,CL_MINOR,437,5,,5.39,0,Inland,Low,1,Culvert
6736,54.8943030368668,-5.95912138076548,Road_River,24203,11214,1.6,5,22.8,CL_MINOR,437,5,,5.35,0,Inland,Low,1,Culvert
6737,54.8992304178774,-6.11644609362039,Road_River,24207,5489,2.5,5,0.5,CL_MINOR,623,5,,12.34,0,Inland,Low,1,Masonry_Arch
6738,54.8941163764129,-6.12057438724469,Road_River,24209,5487,4.4,5,0.700000000000003,CL_MINOR,623,5,,12.94,0,Inland,Low,1,Masonry_Arch
6739,54.9012980707531,-6.08017862969225,Road_River,24211,5481,6.7,5,56.1,CL_MINOR,455,5,,10.66,0,Inland,Medium,1,RC_Slab
6740,54.8983467965405,-6.11163860863521,Road_River,24212,5488,2.5,5,53.4,CL_MINOR,623,5,,12.2,0,Inland,Low,1,Masonry_Arch
6741,54.900273792585,-6.11395012428175,Road_River,24214,5492,13,5,45.7,CL_MINOR,623,5,,12.15,0,Inland,Medium,3,Masonry_Arch
6742,54.8997177157986,-6.11758449257167,Road_River,24215,5489,6.8,5,66,CL_MINOR,623,5,,12.35,0,Inland,Medium,2,Masonry_Arch
6743,54.918908892451,-6.09263159406532,Road_River,24217,5337,4.1,5,37.7,CL_MINOR,623,5,,9.7,0,Inland,Low,1,Masonry_Arch
6744,54.9094596091996,-6.10490623918771,Road_River,24217,5343,7.1,5,51.6,CL_MINOR,623,5,,11.01,0,Inland,Medium,1,RC_Slab
6745,54.9133970852666,-6.11981534818895,Road_River,24218,5341,2.4,5,34.6,CL_MINOR,623,5,,11.39,0,Inland,Low,1,Masonry_Arch
6746,54.9135071828476,-6.11997946150159,Road_River,24218,5342,8.4,5,51.5,CL_MINOR,623,5,,11.39,0,Inland,Medium,2,Masonry_Arch
6747,54.9080093512069,-6.11280297360885,Road_River,24218,5344,25.7,5,20.3,CL_MINOR,623,5,,11.48,0,Inland,High,5,Bespoke_Viaduct
6748,54.9232260006321,-6.11946005044616,Road_River,24219,5236,10.7,5,23.8,CL_MINOR,623,5,,10.67,0,Inland,Low,2,RC_Slab
6749,54.9238738630657,-6.12099298072005,Road_River,24219,5345,1.5,5,42.3,CL_MINOR,623,5,,10.71,0,Inland,Low,1,Culvert
6750,54.9226002893667,-6.11830322487342,Road_River,24219,5346,1.2,5,10.5,CL_MINOR,623,5,,10.66,0,Inland,Low,1,Culvert
6751,54.9201567339627,-6.11447025749217,Road_River,24219,5347,1.4,5,5,CL_MINOR,623,5,,10.64,0,Inland,Low,1,Culvert
6752,54.9234923421997,-6.12578574034338,Road_River,24221,5384,7.1,5,67,CL_MINOR,623,5,,10.98,0,Inland,Medium,2,Masonry_Arch
6753,54.9187817024959,-6.14072070258927,Road_River,24221,5385,1.9,5,6.7,CL_MINOR,623,5,,12.07,0,Inland,Low,1,Masonry_Arch
6754,54.9424115607427,-6.0192378440961,Road_River,24222,11117,2.4,5,16.2,CL_MINOR,530,5,,4.69,0,Coastal,Low,1,Masonry_Arch
6755,54.9526586577752,-5.95292447273843,Road_River,24223,11108,3,5,38.3,CL_MINOR,511,5,,1.76,0,Coastal,Low,1,Masonry_Arch
6756,54.9466893527173,-5.95409851798443,Road_River,24223,11110,2.4,5,11.2,CL_MINOR,511,5,,2.43,0,Coastal,Low,1,Masonry_Arch
6757,54.9306942357854,-5.95117233850515,Road_River,24223,11129,2.3,5,0.400000000000006,CL_MINOR,511,5,,3.45,0,Coastal,Low,1,Masonry_Arch
6758,54.9280768134979,-5.95009179489633,Road_River,24223,11130,2,5,10.4,CL_MINOR,511,5,,3.53,0,Coastal,Low,1,Masonry_Arch
6759,54.917368757983,-5.9476874890564,Road_River,24223,11150,2,5,26.5,CL_MINOR,511,5,,3.86,0,Coastal,Low,1,Masonry_Arch
6760,54.9140020358671,-5.94635006925081,Road_River,24223,11151,3.6,5,10,CL_MINOR,511,5,,3.88,0,Coastal,Low,1,Masonry_Arch
6761,54.9622819659212,-5.94619203321287,Road_River,24224,11112,2.5,5,2.5,CL_MINOR,511,5,,0.79,0,Coastal,Low,1,Masonry_Arch
6762,54.9663867591182,-5.95495358551547,Road_River,24230,11288,21.2,5,7.7,CL_MINOR,660,5,,0.26,0,Marine,Medium,1,Bespoke_Viaduct
6763,54.9653035732858,-5.95389981272564,Road_River,24231,11112,2.5,5,18.5,CL_MINOR,660,5,,0.36,0,Marine,Low,1,Masonry_Arch
6764,54.9583194647088,-5.97377618626554,Road_River,24232,11047,2.7,5,38.7,CL_MINOR,455,5,,1.67,0,Coastal,Low,1,Masonry_Arch
6765,54.9630014922927,-5.97050540230074,Road_River,24235,11050,2.2,5,41.8,CL_MINOR,660,5,,1.15,0,Marine,Low,1,Masonry_Arch
6766,54.9566691068659,-5.92956556688223,Road_River,24238,11112,2.7,5,6.09999999999999,CL_MINOR,418,5,,0.85,0,Marine,Low,1,Masonry_Arch
6767,54.9520361079469,-5.923159154884,Road_River,24238,11112,2.3,5,22.6,CL_MINOR,418,5,,0.74,0,Marine,Low,1,Masonry_Arch
6768,54.8349174050959,-5.85382307525277,Road_River,24239,11318,3.9,5,55.2,CL_MINOR,939,5,,2.6,0,Coastal,Low,1,Masonry_Arch
6769,54.8343209248586,-5.85279697101243,Road_River,24239,11318,4.1,5,54.4,CL_MINOR,939,5,,2.52,0,Coastal,Low,1,Masonry_Arch
6770,54.8365160977851,-5.85628690672676,Road_River,24239,11319,26,5,8.5,CL_MINOR,939,5,,2.71,0,Coastal,High,5,Bespoke_Viaduct
6771,54.8293033409559,-5.8456588809411,Road_River,24240,11318,2.5,5,42.7,CL_MINOR,939,5,,2.03,0,Coastal,Low,1,Masonry_Arch
6772,54.8322808957083,-5.89095511317211,Road_River,24242,11358,5.6,5,3.90000000000001,CL_MINOR,809,5,,4.95,0,Inland,Low,1,RC_Slab
6773,54.8246688572406,-5.89760797520861,Road_River,24242,11361,7.4,5,63.6,CL_MINOR,809,5,,5.42,0,Inland,Medium,2,Masonry_Arch
6774,54.8222907122964,-5.89846162804742,Road_River,24242,11362,2,5,51.9,CL_MINOR,809,5,,5.51,0,Inland,Low,1,Masonry_Arch
6775,54.8363570246412,-5.87928642163733,Road_River,24243,11324,3.3,5,34.2,CL_MINOR,809,5,,4.12,0,Coastal,Low,1,Masonry_Arch
6776,54.8349908701302,-5.89296655400795,Road_River,24244,11325,9.2,5,63.9,CL_MINOR,809,5,,5.02,0,Inland,Medium,2,RC_Slab
6777,54.8359282113077,-5.89344255434897,Road_River,24244,11325,10.8,5,75,CL_MINOR,809,5,,5.02,0,Inland,Medium,2,RC_Slab
6778,54.8387843796753,-5.88126597514881,Road_River,24246,11324,4.6,5,21.8,CL_MINOR,809,5,,4.19,0,Coastal,Low,1,RC_Slab
6779,54.887556639578,-5.99322719967876,Road_River,24247,8495,2.4,5,50,CL_MINOR,437,5,,7.67,0,Inland,Low,1,Masonry_Arch
6780,54.8924671998469,-5.99083074095336,Road_River,24247,8496,2.3,5,22.4,CL_MINOR,437,5,,7.34,0,Inland,Low,1,Masonry_Arch
6781,54.8570399043933,-5.94269239004126,Road_River,24247,11065,2,5,5,CL_MINOR,437,5,,6.92,0,Inland,Low,1,Masonry_Arch
6782,54.8584879425606,-5.94980244601774,Road_River,24247,11070,1.1,5,17.3,CL_MINOR,437,5,,7.1,0,Inland,Low,1,Culvert
6783,54.8625607264337,-5.96201051111722,Road_River,24247,11071,2.7,5,2.90000000000001,CL_MINOR,437,5,,7.35,0,Inland,Low,1,Masonry_Arch
6784,54.8691930027651,-5.98014248400834,Road_River,24247,11215,5.6,5,40.7,CL_MINOR,437,5,,7.84,0,Inland,Medium,1,RC_Slab
6785,54.8361234891307,-5.89356447737566,Road_River,24247,11325,2.7,5,51.9,CL_MINOR,437,5,,5.03,0,Inland,Medium,1,Masonry_Arch
6786,54.8361945656433,-5.8937608246655,Road_River,24247,11325,10.2,5,75,CL_MINOR,437,5,,5.04,0,Inland,Medium,2,RC_Slab
6787,54.8426571938122,-5.90363404831514,Road_River,24247,11325,2.6,5,30.1,CL_MINOR,437,5,,5.57,0,Inland,Low,1,Masonry_Arch
6788,54.8535790730002,-5.92351683621268,Road_River,24247,11328,1.8,5,44.8,CL_MINOR,437,5,,6.31,0,Inland,Low,1,Culvert
6789,54.8424761529674,-5.91118264579225,Road_River,24247,11329,3.8,5,66.3,CL_MINOR,437,5,,6.05,0,Inland,Low,1,Masonry_Arch
6790,54.8455461616596,-5.91656795256635,Road_River,24247,11329,3.8,5,47.9,CL_MINOR,437,5,,6.39,0,Inland,Low,1,Masonry_Arch
6791,54.8489991795166,-5.91806420591529,Road_River,24247,11331,3,5,7.59999999999999,CL_MINOR,437,5,,6.28,0,Inland,Low,1,Masonry_Arch
6792,54.8545901435098,-5.88972118766045,Road_River,24249,11306,3,5,37.5,CL_MINOR,809,5,,4.44,0,Coastal,Low,1,Masonry_Arch
6793,54.8583158800153,-5.89436623866073,Road_River,24250,11239,2.9,5,27.5,CL_MINOR,586,5,,4.44,0,Coastal,Low,1,Masonry_Arch
6794,54.8754267245784,-5.93617779409688,Road_River,24252,8521,4.4,5,48.9,CL_MINOR,381,5,,5.15,0,Coastal,Medium,1,Masonry_Arch
6795,54.863830875468,-5.9044172386587,Road_River,24252,11240,3,5,28.7,CL_MINOR,381,5,,4.71,0,Coastal,Low,1,Masonry_Arch
6796,54.8808868747967,-5.88692382498169,Road_River,24253,8512,1.3,5,30.8,CL_MINOR,586,5,,2.64,0,Coastal,Low,1,Culvert
6797,54.8815878095259,-5.88813417579158,Road_River,24253,8516,1.8,5,19.3,CL_MINOR,586,5,,2.63,0,Coastal,Low,1,Culvert
6798,54.8941499412618,-5.90048597605614,Road_River,24253,11175,2.2,5,4.40000000000001,CL_MINOR,586,5,,2.05,0,Coastal,Low,1,Masonry_Arch
6799,54.895845533761,-5.90179842755939,Road_River,24253,11177,4.3,5,3.40000000000001,CL_MINOR,586,5,,2.01,0,Coastal,Low,1,Masonry_Arch
6800,54.8784711888882,-5.94267184662,Road_River,24254,8520,2.3,5,38,CL_MINOR,437,5,,5.27,0,Inland,Low,1,Masonry_Arch
6801,54.8838924223899,-5.95616455275777,Road_River,24254,11204,9.3,5,6.5,CL_MINOR,437,5,,5.68,0,Inland,Low,2,RC_Slab
6802,54.8792414886022,-5.94456491266228,Road_River,24254,11205,5.2,5,7.2,CL_MINOR,437,5,,5.32,0,Inland,Low,1,RC_Slab
6803,54.8784601949049,-5.93864729011982,Road_River,24255,8520,4.2,5,30.5,CL_MINOR,437,5,,5.06,0,Coastal,Low,1,Masonry_Arch
6804,54.901416325894,-5.9432980162388,Road_River,24255,11188,2.1,5,18.8,CL_MINOR,437,5,,4.12,0,Coastal,Low,1,Masonry_Arch
6805,54.8971665723673,-5.94515159763507,Road_River,24255,11189,2.2,5,41.6,CL_MINOR,437,5,,4.4,0,Coastal,Medium,1,Masonry_Arch
6806,54.8935424818376,-5.94276547758388,Road_River,24255,11190,3.1,5,41.9,CL_MINOR,437,5,,4.43,0,Coastal,Low,1,Masonry_Arch
6807,54.8802565095219,-5.93978874677821,Road_River,24255,11206,5.8,5,62.7,CL_MINOR,437,5,,5,0,Coastal,Low,1,RC_Slab
6808,54.8849561676015,-5.94304498773257,Road_River,24255,11207,1.7,5,13.2,CL_MINOR,437,5,,4.88,0,Coastal,Low,1,Culvert
6809,54.847111268384,-5.86424607501275,Road_River,24260,11317,1.6,5,15.1,CL_MINOR,939,5,,3.02,0,Coastal,Low,1,Culvert
6810,54.8466740442689,-5.82666471742368,Road_River,24262,11311,1,5,8.5,CL_MINOR,1014,5,,0.59,0,Marine,Low,1,Culvert
6811,54.8476114123059,-5.82581489212172,Road_River,24263,11311,1.6,5,37.6,CL_MINOR,1014,5,,0.55,0,Marine,Low,1,Culvert
6812,54.8499830183693,-5.83978681000379,Road_River,24265,11295,3.3,5,9.09999999999999,CL_MINOR,939,5,,1.48,0,Coastal,Low,1,Masonry_Arch
6813,54.8501092714231,-5.86429534104011,Road_River,24273,11317,2.3,5,30.2,CL_MINOR,939,5,,3.04,0,Coastal,Low,1,Masonry_Arch
6814,54.8528267377276,-5.8442806047458,Road_River,24279,11299,1.5,5,25.8,CL_MINOR,939,5,,1.84,0,Coastal,Low,1,Culvert
6815,54.8653001500811,-5.85575887923049,Road_River,24281,11235,4.1,5,32.7,CL_MINOR,660,5,,2.01,0,Coastal,Low,1,Masonry_Arch
6816,54.8667396782635,-5.86808080030342,Road_River,24281,11236,3.9,5,75,CL_MINOR,660,5,,2.51,0,Coastal,Low,1,Masonry_Arch
6817,54.8697478801616,-5.8477901251467,Road_River,24284,11293,4.3,5,4.7,CL_MINOR,660,5,,1.3,0,Coastal,Low,1,Masonry_Arch
6818,54.8859322386304,-5.85650039218543,Road_River,24285,8507,2.2,5,34.5,CL_MINOR,660,5,,0.99,0,Marine,Low,1,Masonry_Arch
6819,54.890956172758,-5.86405736900856,Road_River,24285,11171,1.5,5,8.2,CL_MINOR,660,5,,0.93,0,Marine,Low,1,Culvert
6820,54.8751489991226,-5.83348607148381,Road_River,24285,11293,3.5,5,7.09999999999999,CL_MINOR,660,5,,0.27,0,Marine,Low,1,Masonry_Arch
6821,54.8801092191312,-5.8455408947371,Road_River,24285,11294,2.1,5,30.5,CL_MINOR,660,5,,0.51,0,Marine,Low,1,Masonry_Arch
6822,54.8985612514725,-5.86214311440532,Road_River,24286,11292,3.1,5,7.8,CL_MINOR,511,5,,0.13,0,Marine,Low,1,Masonry_Arch
6823,55.0838929557569,-6.07681331452166,Road_River,24287,10602,2.7,5,9.7,CL_MINOR,809,5,,1.36,0,Coastal,Low,1,Masonry_Arch
6824,55.0940424626092,-6.05261432533686,Road_River,24288,10469,2.4,5,15.2,CL_MINOR,809,5,,0.38,0,Coastal,Low,1,Masonry_Arch
6825,55.0917588090853,-6.05721346807435,Road_River,24288,10478,1.9,5,40.8,CL_MINOR,809,5,,0.57,0,Coastal,Low,1,Masonry_Arch
6826,55.1002203355769,-6.04826360774609,Road_River,24288,11268,2.1,5,5.5,CL_MINOR,809,5,,0.54,0,Coastal,Low,1,Masonry_Arch
6827,55.0819757401118,-6.06289093519285,Road_River,24294,10609,2.6,5,2.7,CL_MINOR,809,5,,0.45,0,Marine,Low,1,Masonry_Arch
6828,55.0729734670361,-6.07610196611595,Road_River,24296,10608,1.5,5,9.7,CL_MINOR,809,5,,1.39,0,Coastal,Low,1,Culvert
6829,55.0580894000377,-6.11852380765115,Road_River,24298,10706,2.5,5,18,CL_MINOR,381,5,,3.85,0,Coastal,Low,1,Masonry_Arch
6830,55.0597065400394,-6.11579435600568,Road_River,24298,10711,2.4,5,9.8,CL_MINOR,381,5,,3.65,0,Coastal,Low,1,Masonry_Arch
6831,55.0499553691942,-6.12564105712728,Road_River,24298,10728,1.3,5,29.6,CL_MINOR,381,5,,4.51,0,Coastal,Low,1,Culvert
6832,55.0505491582703,-6.12530744243926,Road_River,24298,10729,1.2,5,9.59999999999999,CL_MINOR,381,5,,4.47,0,Coastal,Low,1,Culvert
6833,55.0545404294694,-6.12309914927038,Road_River,24298,10730,1.7,5,10.2,CL_MINOR,381,5,,4.22,0,Coastal,Low,1,Culvert
6834,55.040021319162,-6.126456066054,Road_River,24298,10833,2.6,5,34.5,CL_MINOR,381,5,,5.02,0,Coastal,Low,1,Masonry_Arch
6835,55.0430214211054,-6.12687293328972,Road_River,24298,10834,2.1,5,13.1,CL_MINOR,381,5,,4.88,0,Coastal,Low,1,Masonry_Arch
6836,55.0437123789851,-6.12689345950033,Road_River,24298,10835,2.4,5,26,CL_MINOR,381,5,,4.85,0,Coastal,Low,1,Masonry_Arch
6837,55.0466985313112,-6.12716061382179,Road_River,24298,10836,1,5,21.2,CL_MINOR,381,5,,4.73,0,Coastal,Low,1,Culvert
6838,55.047556473552,-6.12684419186751,Road_River,24298,10837,2,5,15.2,CL_MINOR,381,5,,4.68,0,Coastal,Low,1,Masonry_Arch
6839,55.0755629648359,-6.09849946324962,Road_River,24299,10612,12.2,5,33.8,CL_MINOR,437,5,,2.84,0,Coastal,Low,3,Masonry_Arch
6840,55.0830955274708,-6.07954780363686,Road_River,24299,10617,2.7,5,25.6,CL_MINOR,437,5,,1.53,0,Coastal,Low,1,Masonry_Arch
6841,55.0660988861387,-6.10634425711987,Road_River,24299,10709,5.4,5,65.6,CL_MINOR,437,5,,3.04,0,Coastal,Low,1,RC_Slab
6842,55.0924975001666,-6.09611134187786,Road_River,24301,10484,2.8,5,19.5,CL_MINOR,399,5,,2.76,0,Inland,Low,1,Masonry_Arch
6843,55.0923509746891,-6.11040045428951,Road_River,24301,10487,2.7,5,21.6,CL_MINOR,399,5,,3.64,0,Inland,Low,1,Masonry_Arch
6844,55.0929948793702,-6.10525114058918,Road_River,24301,10488,1.5,5,26.5,CL_MINOR,399,5,,3.34,0,Inland,Low,1,Culvert
6845,55.0916296360706,-6.11515013457582,Road_River,24301,10489,2.1,5,30.1,CL_MINOR,399,5,,3.92,0,Inland,Low,1,Masonry_Arch
6846,55.0876327347843,-6.12778947674902,Road_River,24301,10493,2.4,5,12,CL_MINOR,399,5,,4.67,0,Inland,Low,1,Masonry_Arch
6847,55.0885241485224,-6.12529663001524,Road_River,24301,10494,2.2,5,34.4,CL_MINOR,399,5,,4.52,0,Inland,Low,1,Masonry_Arch
6848,55.0855446155923,-6.1365715934801,Road_River,24301,10622,2,5,9.5,CL_MINOR,399,5,,5.21,0,Inland,Low,1,Masonry_Arch
6849,55.0841829876168,-6.14472983432581,Road_River,24301,10623,2.9,5,49,CL_MINOR,399,5,,5.73,0,Inland,Low,1,Masonry_Arch
6850,55.0810361386976,-6.17672653481563,Road_River,24301,10627,10.4,5,19.5,CL_MINOR,399,5,,7.79,0,Inland,Low,2,RC_Slab
6851,55.0855539391275,-6.16131628861855,Road_River,24301,10634,1,5,3.8,CL_MINOR,399,5,,6.8,0,Inland,Low,1,Culvert
6852,55.0834279144272,-6.16856746856529,Road_River,24301,10635,2,5,27.3,CL_MINOR,399,5,,7.26,0,Inland,Low,1,Masonry_Arch
6853,55.0825694773551,-6.17185139604862,Road_River,24301,10636,1.4,5,15.4,CL_MINOR,399,5,,7.47,0,Inland,Low,1,Culvert
6854,55.0840100970816,-6.16648900232854,Road_River,24301,10637,1.5,5,12.7,CL_MINOR,399,5,,7.13,0,Inland,Low,1,Culvert
6855,55.124914073235,-6.05765975436574,Road_River,24302,10288,18.9,5,0.900000000000006,CL_MINOR,604,5,,1.02,0,Marine,High,4,RC_Slab
6856,55.1240065981065,-6.06070102693144,Road_River,24303,10282,2.3,5,15,CL_MINOR,604,5,,1.22,0,Coastal,Low,1,Masonry_Arch
6857,55.126173004237,-6.05752062150968,Road_River,24304,10281,1.6,5,1.7,CL_MINOR,604,5,,0.98,0,Marine,Low,1,Culvert
6858,55.1164159853473,-6.06888932857523,Road_River,24305,10376,3.1,5,14.5,CL_MINOR,604,5,,1.97,0,Coastal,Low,1,Masonry_Arch
6859,55.1204449459731,-6.07869247228898,Road_River,24305,10378,21,5,57.5,CL_MINOR,604,5,,2.42,0,Coastal,Medium,1,Bespoke_Viaduct
6860,55.1225382226857,-6.08654408705979,Road_River,24306,10284,2.1,5,2.59999999999999,CL_MINOR,455,5,,2.89,0,Coastal,Low,1,Masonry_Arch
6861,55.1069701677457,-6.14157776686595,Road_River,24307,8462,2.1,5,46.8,CL_MINOR,399,5,,6.08,0,Inland,Low,1,Masonry_Arch
6862,55.120401020605,-6.1078356070861,Road_River,24307,10385,2,5,31,CL_MINOR,399,5,,4.28,0,Inland,Low,1,Masonry_Arch
6863,55.1207796864398,-6.10382518897213,Road_River,24307,10386,1.3,5,2.5,CL_MINOR,399,5,,4.02,0,Inland,Low,1,Culvert
6864,55.1139799668234,-6.12787385386301,Road_River,24307,10396,2.4,5,19.6,CL_MINOR,399,5,,5.67,0,Inland,Low,1,Masonry_Arch
6865,55.1183115777791,-6.11806060048876,Road_River,24307,10401,2.8,5,25.4,CL_MINOR,399,5,,4.96,0,Inland,Low,1,Masonry_Arch
6866,55.1200371788417,-6.11261886845565,Road_River,24307,10406,2.4,5,35.3,CL_MINOR,399,5,,4.59,0,Inland,Low,1,Masonry_Arch
6867,55.1185443979221,-6.11779804028405,Road_River,24307,10407,3.1,5,33.3,CL_MINOR,399,5,,4.94,0,Inland,Low,1,Masonry_Arch
6868,55.1054836526685,-6.14580295173138,Road_River,24307,10416,2,5,9.09999999999999,CL_MINOR,399,5,,6.26,0,Inland,Low,1,Masonry_Arch
6869,55.1005474018662,-6.15385840675379,Road_River,24307,10505,2.5,5,24.1,CL_MINOR,399,5,,6.58,0,Inland,Low,1,Masonry_Arch
6870,55.0957587178232,-6.16054839561677,Road_River,24307,10508,1.1,5,12.7,CL_MINOR,399,5,,6.88,0,Inland,Low,1,Culvert
6871,55.0867860244178,-6.17075101415633,Road_River,24307,10509,9.2,5,24.5,CL_MINOR,399,5,,7.42,0,Inland,Low,2,RC_Slab
6872,55.1217935389471,-6.09706676507933,Road_River,24308,10289,1.7,5,12.3,CL_MINOR,455,5,,3.57,0,Coastal,Low,1,Culvert
6873,55.1221847993107,-6.09706216299037,Road_River,24309,10289,2.3,5,18.7,CL_MINOR,455,5,,3.57,0,Coastal,Low,1,Masonry_Arch
6874,55.1839496711207,-6.06876727340442,Road_River,24311,8043,8.2,5,62.7,CL_MINOR,381,5,,0.69,0,Coastal,Medium,1,RC_Slab
6875,55.1685641945636,-6.04661819260428,Road_River,24311,10101,1.6,5,7.8,CL_MINOR,381,5,,0.33,0,Coastal,Low,1,Culvert
6876,55.1688007140337,-6.04746692626864,Road_River,24311,10102,2,5,17.4,CL_MINOR,381,5,,0.33,0,Coastal,Low,1,Masonry_Arch
6877,55.1658027557015,-6.03519097594974,Road_River,24311,11257,1.3,5,12.3,CL_MINOR,381,5,,0.27,0,Coastal,Low,1,Culvert
6878,55.1740883840243,-6.05953290745545,Road_River,24311,11259,2.6,5,3.7,CL_MINOR,381,5,,0.55,0,Coastal,Low,1,Masonry_Arch
6879,55.1439222754699,-6.03805379962259,Road_River,24311,11262,4.8,5,50.5,CL_MINOR,381,5,,0.76,0,Coastal,Medium,1,RC_Slab
6880,55.1522843935792,-6.03016645571475,Road_River,24311,11263,1.5,5,16.5,CL_MINOR,381,5,,0.27,0,Coastal,Low,1,Culvert
6881,55.1311195760493,-6.04609974245881,Road_River,24311,11264,1.3,5,7.40000000000001,CL_MINOR,381,5,,0.28,0,Coastal,Low,1,Culvert
6882,55.1911681376876,-6.07298053675372,Road_River,24312,8047,4.4,5,7.90000000000001,CL_MINOR,455,5,,0.51,0,Marine,Low,1,Masonry_Arch
6883,55.1913102756923,-6.07317049102181,Road_River,24312,8048,4.4,5,35.8,CL_MINOR,455,5,,0.53,0,Marine,Low,1,Masonry_Arch
6884,55.1873716391784,-6.07608432854234,Road_River,24314,8046,2.2,5,9.8,CL_MINOR,455,5,,0.82,0,Marine,Low,1,Masonry_Arch
6885,55.1885709585977,-6.0795117271553,Road_River,24314,8050,2.1,5,0.599999999999994,CL_MINOR,455,5,,0.98,0,Marine,Low,1,Masonry_Arch
6886,55.1912797482755,-6.08504785277454,Road_River,24314,8051,2.9,5,37.6,CL_MINOR,455,5,,0.99,0,Marine,Low,1,Masonry_Arch
6887,55.189564259926,-6.08181647945546,Road_River,24314,8052,2.4,5,37.4,CL_MINOR,455,5,,1.04,0,Marine,Low,1,Masonry_Arch
6888,55.1906858136901,-6.08397637205198,Road_River,24314,8053,2.2,5,35.3,CL_MINOR,455,5,,1.01,0,Marine,Low,1,Masonry_Arch
6889,55.0211484629968,-6.09360988951428,Road_River,24316,10929,3.1,5,36.5,CL_MINOR,474,5,,4.78,0,Coastal,Low,1,Masonry_Arch
6890,55.021134654576,-6.09359756812399,Road_River,24317,10929,1.6,5,6.09999999999999,CL_MINOR,474,5,,4.78,0,Coastal,Low,1,Culvert
6891,55.018583702386,-6.09819146565882,Road_River,24318,10932,1.4,5,15,CL_MINOR,474,5,,5.19,0,Inland,Low,1,Culvert
6892,55.0483445120346,-6.05285218829947,Road_River,24319,10813,1.6,5,31.3,CL_MINOR,586,5,,0.79,0,Coastal,Low,1,Culvert
6893,55.0465416732656,-6.05522301396763,Road_River,24319,10814,2.5,5,7.40000000000001,CL_MINOR,586,5,,1.04,0,Coastal,Low,1,Masonry_Arch
6894,55.0419412037464,-6.06222050772555,Road_River,24319,10817,2.2,5,6.2,CL_MINOR,586,5,,1.72,0,Coastal,Low,1,Masonry_Arch
6895,55.0393571031304,-6.06650686852374,Road_River,24319,10818,2.5,5,16.3,CL_MINOR,586,5,,2.11,0,Coastal,Low,1,Masonry_Arch
6896,55.0381853483315,-6.06876467849411,Road_River,24319,10819,2.8,5,17.6,CL_MINOR,586,5,,2.3,0,Coastal,Low,1,Masonry_Arch
6897,55.0294075086517,-6.08230506932412,Road_River,24319,10913,2.1,5,9.7,CL_MINOR,586,5,,3.61,0,Coastal,Low,1,Masonry_Arch
6898,55.031518503943,-6.07949091294922,Road_River,24319,10915,1,5,4,CL_MINOR,586,5,,3.31,0,Coastal,Low,1,Culvert
6899,55.0255042357744,-6.08649600225085,Road_River,24319,10922,98.8,5,75,CL_MINOR,586,5,,4.12,0,Coastal,High,4,Bespoke_Viaduct
6900,55.0336376754998,-5.97675399607026,Road_River,24320,11278,3.6,5,36.1,CL_MINOR,399,5,,0.37,0,Marine,Low,1,Masonry_Arch
6901,55.0280831802406,-5.97506938670381,Road_River,24320,11282,6.2,5,60.2,CL_MINOR,399,5,,0.17,0,Marine,Medium,2,Masonry_Arch
6902,55.0283886761651,-5.97595755263839,Road_River,24320,11282,9.3,5,66,CL_MINOR,399,5,,0.22,0,Marine,Medium,2,RC_Slab
6903,55.0174248772292,-5.98040675192872,Road_River,24321,11280,2,5,41,CL_MINOR,418,5,,0.27,0,Marine,Low,1,Masonry_Arch
6904,55.0066708587275,-5.98364557626972,Road_River,24321,11284,3.5,5,17.6,CL_MINOR,418,5,,0.27,0,Marine,Low,1,Masonry_Arch
6905,55.1956602334876,-6.10233500170196,Road_River,24322,9948,1.6,5,17.6,CL_MINOR,511,5,,1.14,0,Coastal,Low,1,Culvert
6906,55.1960027144053,-6.10677658618617,Road_River,24322,9950,1.6,5,23.6,CL_MINOR,511,5,,1.27,0,Coastal,Low,1,Culvert
6907,55.1960472991083,-6.11634685063721,Road_River,24322,9953,2.4,5,32.2,CL_MINOR,511,5,,1.43,0,Coastal,Low,1,Masonry_Arch
6908,55.1980536037913,-6.13453882651792,Road_River,24322,9958,1.9,5,26.6,CL_MINOR,511,5,,1.73,0,Coastal,Low,1,Masonry_Arch
6909,55.1959762441488,-6.12607354124547,Road_River,24322,9961,2,5,24.3,CL_MINOR,511,5,,1.61,0,Coastal,Low,1,Masonry_Arch
6910,54.2711944746651,-5.70651086032272,Road_River,24335,12183,2,5,47.8,CL_MINOR,604,5,,2.17,0,Coastal,Low,1,Masonry_Arch
6911,54.2737678684123,-5.72344616836477,Road_River,24341,12165,3.3,5,36,CL_MINOR,604,5,,2.23,0,Coastal,Low,1,Masonry_Arch
6912,54.2820810213894,-5.72596909916685,Road_River,24355,12165,2.7,5,35.6,CL_MINOR,660,5,,3.13,0,Coastal,Low,1,Masonry_Arch
6913,54.2811667471905,-5.64363249401487,Road_River,24366,12157,3.4,5,52.7,CL_MINOR,809,5,,1.98,0,Coastal,Low,1,Masonry_Arch
6914,54.2706475571108,-5.63455948327065,Road_River,24369,12181,6.7,5,10.1,CL_MINOR,567,5,,0.79,0,Marine,Low,1,RC_Slab
6915,54.2761508269092,-5.63011471469208,Road_River,24373,12181,4.3,5,16.8,CL_MINOR,567,5,,1.46,0,Coastal,Low,1,Masonry_Arch
6916,54.3518755667908,-5.73468037887531,Road_River,24400,12006,3.3,5,53.9,CL_MINOR,492,5,,3.89,0,Coastal,Low,1,Masonry_Arch
6917,54.3524154821985,-5.73707517142361,Road_River,24400,12006,2.2,5,64.5,CL_MINOR,492,5,,3.98,0,Coastal,Low,1,Masonry_Arch
6918,54.3431909873099,-5.79996132197973,Road_River,24404,12067,3.5,5,48.9,CL_MINOR,697,5,,6.65,0,Inland,Medium,1,Masonry_Arch
6919,54.3465937747026,-5.80798477995162,Road_River,24405,12013,1.3,5,20,CL_MINOR,697,5,,6.96,0,Inland,Low,1,Culvert
6920,54.3381472350941,-5.82516121719205,Road_River,24409,12069,2.3,5,41.1,CL_MINOR,697,5,,6.02,0,Inland,Low,1,Masonry_Arch
6921,54.3981350844059,-5.64667401181674,Road_River,24412,12341,11,5,22.3,CL_MINOR,455,5,,0.03,0,Marine,Low,1,Bespoke_Viaduct
6922,54.3859851489302,-5.54125956042587,Road_River,24415,12313,2,5,4,CL_MINOR,567,5,,0.78,0,Marine,Low,1,Masonry_Arch
6923,54.4128380111768,-5.8430511946286,Road_River,24426,11867,2.7,5,56.4,CL_MINOR,567,5,,11.14,0,Inland,Low,1,Masonry_Arch
6924,54.4093502250256,-5.82843721205629,Road_River,24428,11865,1.4,5,4.7,CL_MINOR,679,5,,10.12,0,Inland,Low,1,Culvert
6925,54.391651087981,-5.83633429610918,Road_River,24430,11927,10.5,5,6.09999999999999,CL_MINOR,567,5,,10,0,Inland,High,2,RC_Slab
6926,54.3764620173825,-5.84835254383497,Road_River,24431,11974,6.3,5,31.8,CL_MINOR,660,5,,10.45,0,Inland,Low,2,Masonry_Arch
6927,54.3654203706709,-5.84739351802681,Road_River,24434,12015,2.5,5,27.5,CL_MINOR,660,5,,9.24,0,Inland,Low,1,Masonry_Arch
6928,54.4143725207684,-5.76769678982866,Road_River,24436,11860,11.3,5,20,CL_MINOR,884,5,,7.04,0,Inland,High,2,RC_Slab
6929,54.4094383382108,-5.80897702173123,Road_River,24441,11861,12.2,5,21.9,CL_MINOR,679,5,,8.99,0,Inland,Low,3,Masonry_Arch
6930,54.4068385255298,-5.7178150131742,Road_River,24442,12198,2.8,5,1.3,CL_MINOR,735,5,,4.21,0,Coastal,Low,1,Masonry_Arch
6931,54.4016412548324,-5.82813900303282,Road_River,24443,11863,2,5,27.1,CL_MINOR,679,5,,9.79,0,Inland,Low,1,Masonry_Arch
6932,54.4044870123217,-5.81093409123028,Road_River,24444,11861,9,5,16.9,CL_MINOR,679,5,,8.87,0,Inland,Low,2,Masonry_Arch
6933,54.4026803446749,-5.7188454068814,Road_River,24454,11921,3,5,37,CL_MINOR,735,5,,3.89,0,Coastal,Low,1,Masonry_Arch
6934,54.4012780566988,-5.71876952201282,Road_River,24454,11921,1.6,5,22.1,CL_MINOR,735,5,,3.76,0,Coastal,Low,1,Culvert
6935,54.3957976625514,-5.79209929452588,Road_River,24458,11926,25.2,5,23.8,CL_MINOR,884,5,,7.39,0,Inland,High,5,Bespoke_Viaduct
6936,54.3860715435956,-5.77094230132981,Road_River,24459,11969,43.7,5,14.8,CL_MINOR,623,5,,5.75,0,Inland,High,2,Bespoke_Viaduct
6937,54.3876102469527,-5.76740970673387,Road_River,24461,11925,2,5,2.3,CL_MINOR,623,5,,5.58,0,Inland,Low,1,Masonry_Arch
6938,54.3776659022456,-5.80938714511192,Road_River,24462,11971,1.7,5,19.7,CL_MINOR,790,5,,8.05,0,Inland,Low,1,Culvert
6939,54.3808330879708,-5.81609661017035,Road_River,24462,11971,1.6,5,12.1,CL_MINOR,790,5,,8.51,0,Inland,Low,1,Culvert
6940,54.4018644537856,-5.81148775855603,Road_River,24463,11864,17.4,5,16.1,CL_MINOR,679,5,,8.79,0,Inland,High,3,RC_Slab
6941,54.3714889203266,-5.79293728839602,Road_River,24465,11971,1.7,5,8.5,CL_MINOR,623,5,,6.97,0,Inland,Low,1,Culvert
6942,54.3589269551266,-5.78224667918548,Road_River,24473,11971,2,5,50.6,CL_MINOR,623,5,,6.44,0,Inland,Low,1,Masonry_Arch
6943,54.357135895163,-5.78389389439479,Road_River,24473,12012,2.1,5,29,CL_MINOR,623,5,,6.58,0,Inland,Low,1,Masonry_Arch
6944,54.3697187991493,-5.77722773355257,Road_River,24474,11968,1.6,5,51.4,CL_MINOR,623,5,,5.96,0,Inland,Low,1,Culvert
6945,54.414733048548,-5.66065313788977,Road_River,24475,12311,3.9,5,34.9,CL_MINOR,772,5,,0.74,0,Marine,Low,1,Masonry_Arch
6946,54.4596163555065,-5.80024708327429,Road_River,24484,11754,4.4,5,3.40000000000001,CL_MINOR,567,5,,8.9,0,Inland,Low,1,Masonry_Arch
6947,54.4478000059513,-5.78404436300295,Road_River,24486,8214,24.8,5,4.09999999999999,CL_MINOR,567,5,,8.53,0,Inland,Medium,1,Bespoke_Viaduct
6948,54.4506515944712,-5.69819881235595,Road_River,24488,8212,2.5,5,2.59999999999999,CL_MINOR,586,5,,3.03,0,Coastal,Low,1,Masonry_Arch
6949,54.4331762201444,-5.77187966645646,Road_River,24497,8214,15.3,5,9.40000000000001,CL_MINOR,567,5,,8.08,0,Inland,High,3,RC_Slab
6950,54.4308731186287,-5.72691491857732,Road_River,24502,11804,2.8,5,16.6,CL_MINOR,604,5,,5.28,0,Inland,Low,1,Masonry_Arch
6951,54.4202966408829,-5.82012471946638,Road_River,24505,11866,11.6,5,0.5,CL_MINOR,679,5,,10.19,0,Inland,Low,2,RC_Slab
6952,54.4236396673331,-5.83470704587111,Road_River,24506,11806,6.4,5,45.9,CL_MINOR,567,5,,11.19,0,Inland,Medium,2,Masonry_Arch
6953,54.4320054918808,-5.82584240739651,Road_River,24508,8217,1.7,5,46.9,CL_MINOR,567,5,,11.21,0,Inland,Low,1,Culvert
6954,54.4325406206939,-5.82904683592799,Road_River,24508,8217,1.1,5,37.7,CL_MINOR,567,5,,11.41,0,Inland,Low,1,Culvert
6955,54.4320458267512,-5.83083195335642,Road_River,24508,8217,2,5,47.1,CL_MINOR,567,5,,11.47,0,Inland,Low,1,Masonry_Arch
6956,54.432137782964,-5.83380515020777,Road_River,24510,8217,1.5,5,7.2,CL_MINOR,604,5,,11.64,0,Inland,Low,1,Culvert
6957,54.455450475658,-5.82821656219535,Road_River,24512,11759,1.3,5,5.3,CL_MINOR,567,5,,10.72,0,Inland,Low,1,Culvert
6958,54.4706111847672,-5.8475665476794,Road_River,24514,11715,2.3,5,14.9,CL_MINOR,884,5,,10.77,0,Inland,Low,1,Masonry_Arch
6959,54.4628241327912,-5.8230541835391,Road_River,24515,11758,2.6,5,34.1,CL_MINOR,790,5,,10.09,0,Inland,Low,1,Masonry_Arch
6960,54.2951347035319,-5.68987092558907,Road_River,24518,12133,3.4,5,33.2,CL_MINOR,772,5,,4.81,0,Coastal,Low,1,Masonry_Arch
6961,54.2940860595606,-5.7253091628171,Road_River,24520,12142,1.4,5,10.7,CL_MINOR,772,5,,4.46,0,Coastal,Low,1,Culvert
6962,54.2885404432991,-5.75554616012222,Road_River,24524,12166,1.5,5,9,CL_MINOR,660,5,,3.87,0,Coastal,Low,1,Culvert
6963,54.2890937446401,-5.76433652092613,Road_River,24525,12166,2.5,5,3.40000000000001,CL_MINOR,679,5,,3.32,0,Coastal,Low,1,Masonry_Arch
6964,54.2940236004218,-5.77091663696585,Road_River,24526,12166,1.2,5,36.8,CL_MINOR,679,5,,3.07,0,Coastal,Low,1,Culvert
6965,54.289138439599,-5.75583728346527,Road_River,24530,12166,1.1,5,6.59999999999999,CL_MINOR,660,5,,3.86,0,Coastal,Low,1,Culvert
6966,54.3309630490404,-5.80014784475229,Road_River,24557,12067,3.5,5,39.9,CL_MINOR,697,5,,5.31,0,Inland,Low,1,Masonry_Arch
6967,54.3213856153181,-5.78118322092646,Road_River,24561,12112,3.1,5,38.2,CL_MINOR,530,5,,4.72,0,Coastal,Low,1,Masonry_Arch
6968,54.3175929317436,-5.79424831391393,Road_River,24571,12114,6.2,5,23.2,CL_MINOR,660,5,,3.99,0,Coastal,Low,2,Masonry_Arch
6969,54.3070333582938,-5.78097006639557,Road_River,24573,12166,2.6,5,3.8,CL_MINOR,679,5,,3.4,0,Coastal,Low,1,Masonry_Arch
6970,54.3602609920625,-5.8470967999967,Road_River,24580,12015,3.1,5,30,CL_MINOR,586,5,,8.67,0,Inland,Low,1,Masonry_Arch
6971,54.3348384195713,-5.83527231620811,Road_River,24580,12070,1.9,5,34.1,CL_MINOR,586,5,,5.75,0,Inland,Low,1,Masonry_Arch
6972,54.3341037439267,-5.83526008601737,Road_River,24581,12070,2.7,5,2.8,CL_MINOR,586,5,,5.67,0,Inland,Low,1,Masonry_Arch
6973,54.3102385130059,-5.83411259542446,Road_River,24584,12116,1.6,5,44.5,CL_MINOR,902,5,,3.1,0,Coastal,Low,1,Culvert
6974,54.3069326894218,-5.83089517654429,Road_River,24585,12116,2.4,5,19.8,CL_MINOR,660,5,,2.69,0,Coastal,Low,1,Masonry_Arch
6975,54.4114711597193,-5.72123843350315,Road_River,24587,11804,2.2,5,26.9,CL_MINOR,735,5,,4.61,0,Coastal,Low,1,Masonry_Arch
6976,54.3719953935111,-5.79735818303807,Road_River,24595,11971,2.1,5,16.2,CL_MINOR,790,5,,7.25,0,Inland,Low,1,Masonry_Arch
6977,54.3756264628663,-5.80548126923605,Road_River,24595,11971,4.3,5,65.8,CL_MINOR,790,5,,7.78,0,Inland,Low,1,Masonry_Arch
6978,54.3764210046065,-5.80696516783897,Road_River,24595,11971,1.8,5,43.4,CL_MINOR,790,5,,7.88,0,Inland,Low,1,Culvert
6979,54.3126747570917,-5.75614377601015,Road_River,24601,12111,5.5,5,69.3,CL_MINOR,679,5,,4.98,0,Coastal,Medium,1,RC_Slab
6980,54.3065774402945,-5.72893570238455,Road_River,24602,12141,3.8,5,27.1,CL_MINOR,660,5,,5.84,0,Inland,Low,1,Masonry_Arch
6981,54.2927813559282,-5.80641350772891,Road_River,24604,12167,2.5,5,19.1,CL_MINOR,660,5,,1.16,0,Coastal,Low,1,Masonry_Arch
6982,54.3439875526154,-5.67691781612797,Road_River,24607,12059,2.3,5,21.6,CL_MINOR,753,5,,2.17,0,Coastal,Low,1,Masonry_Arch
6983,54.367190421857,-5.60986431305599,Road_River,24610,11964,1.9,5,24.5,CL_MINOR,474,5,,1.11,0,Marine,Low,1,Masonry_Arch
6984,54.2967355656429,-5.63696381327848,Road_River,24614,12159,12.8,5,25.8,CL_MINOR,809,5,,3.67,0,Coastal,Low,3,Masonry_Arch
6985,54.2839258990262,-5.64526122922099,Road_River,24617,12157,2.3,5,30.9,CL_MINOR,809,5,,2.3,0,Coastal,Low,1,Masonry_Arch
6986,54.2875042897745,-5.62194581860719,Road_River,24618,12154,1.3,5,7.40000000000001,CL_MINOR,809,5,,2.56,0,Coastal,Low,1,Culvert
6987,54.2860595812717,-5.58805040330639,Road_River,24620,12126,2.2,5,12.1,CL_MINOR,660,5,,1.3,0,Coastal,Low,1,Masonry_Arch
6988,54.3572784468647,-5.63113548161302,Road_River,24623,11913,1.5,5,0.700000000000003,CL_MINOR,548,5,,1.3,0,Coastal,Low,1,Culvert
6989,54.3503983294348,-5.58273772391702,Road_River,24627,11906,2.6,5,28.4,CL_MINOR,474,5,,1.82,0,Coastal,Low,1,Masonry_Arch
6990,54.3431797817353,-5.67641783736239,Road_River,24629,12059,2.7,5,8.59999999999999,CL_MINOR,753,5,,2.24,0,Coastal,Low,1,Masonry_Arch
6991,54.3472058754591,-5.58497103252583,Road_River,24632,11907,1.5,5,24.6,CL_MINOR,567,5,,2.19,0,Coastal,Low,1,Culvert
6992,54.3258581975593,-5.68011130721324,Road_River,24637,12059,2.6,5,6.7,CL_MINOR,753,5,,4.16,0,Coastal,Low,1,Masonry_Arch
6993,54.3135986367653,-5.62229558354842,Road_River,24640,12090,2.2,5,6.40000000000001,CL_MINOR,809,5,,4.6,0,Coastal,Low,1,Masonry_Arch
6994,54.3105655158172,-5.60436032215086,Road_River,24641,12091,2.8,5,49.8,CL_MINOR,660,5,,3.4,0,Coastal,Medium,1,Masonry_Arch
6995,54.3016913127456,-5.56463354179066,Road_River,24647,12324,1.4,5,12,CL_MINOR,492,5,,0.66,0,Marine,Low,1,Culvert
6996,54.3210103335487,-5.54301591002439,Road_River,24648,17298,11.7,5,11.6,CL_MINOR,492,5,,0,0,Marine,Low,2,RC_Slab
6997,54.300343147413,-5.57554872591532,Road_River,24650,12126,1.8,5,14.7,CL_MINOR,492,5,,1.26,0,Coastal,Low,1,Culvert
6998,54.3000700777201,-5.57844989615837,Road_River,24650,12127,2.5,5,10.3,CL_MINOR,492,5,,1.42,0,Coastal,Low,1,Masonry_Arch
6999,54.3021030381673,-5.59761861414875,Road_River,24651,12128,2.4,5,13.8,CL_MINOR,660,5,,2.66,0,Coastal,Low,1,Masonry_Arch
7000,54.3525109581282,-5.64041826155545,Road_River,24652,12058,1,5,11.9,CL_MINOR,548,5,,1.43,0,Coastal,Low,1,Culvert
7001,54.3160122512886,-5.63750785158647,Road_River,24656,12095,3.8,5,1.2,CL_MINOR,604,5,,5.4,0,Coastal,Low,1,Masonry_Arch
7002,54.3344925589272,-5.6697536894291,Road_River,24657,12059,3,5,45.2,CL_MINOR,753,5,,3.11,0,Coastal,Low,1,Masonry_Arch
7003,54.3271595060367,-5.67220795210786,Road_River,24658,12059,2.5,5,2.59999999999999,CL_MINOR,753,5,,3.94,0,Coastal,Low,1,Masonry_Arch
7004,54.4628085874592,-5.83233062735765,Road_River,24662,11758,3.4,5,18.5,CL_MINOR,790,5,,10.65,0,Inland,Low,1,Masonry_Arch
7005,54.4546661468559,-5.83138224508186,Road_River,24663,11759,2.7,5,41.3,CL_MINOR,604,5,,10.94,0,Inland,Low,1,Masonry_Arch
7006,54.6108723529063,-5.82911381556952,Road_River,24670,11409,2.5,5,63.5,CL_MINOR,1014,5,,2.98,0,Coastal,Low,1,Masonry_Arch
7007,54.6004836751389,-5.70383368764916,Road_River,24672,12201,1.7,5,40.7,CL_MINOR,1014,5,,2.33,0,Coastal,Low,1,Culvert
7008,54.6438680184408,-5.82533315434592,Road_River,24676,12259,1.4,5,45.9,CL_MINOR,939,5,,0.3,0,Marine,Low,1,Culvert
7009,54.640807754096,-5.82010516636329,Road_River,24677,12259,2.1,5,36,CL_MINOR,939,5,,0.77,0,Marine,Low,1,Masonry_Arch
7010,54.5932769038951,-5.78841963277839,Road_River,24680,11404,1.6,5,21.9,CL_MINOR,735,5,,6.1,0,Inland,Low,1,Culvert
7011,54.5961336618997,-5.77268750808453,Road_River,24689,11405,3,5,62.3,CL_MINOR,735,5,,5.58,0,Inland,Low,1,Masonry_Arch
7012,54.6160646763331,-5.71197535151012,Road_River,24696,12201,1.9,5,21.9,CL_MINOR,511,5,,4.11,0,Coastal,Low,1,Masonry_Arch
7013,54.6145894065487,-5.78093296974048,Road_River,24701,11404,1.5,5,33,CL_MINOR,623,5,,4.61,0,Inland,Low,1,Culvert
7014,54.6314551735069,-5.81636797273697,Road_River,24702,11525,3.3,5,38.4,CL_MINOR,530,5,,1.73,0,Coastal,Low,1,Masonry_Arch
7015,54.5939044502037,-5.80907859945436,Road_River,24706,11408,4.7,5,22.5,CL_MINOR,1014,5,,5.27,0,Inland,Low,1,RC_Slab
7016,54.595882931414,-5.70918171503225,Road_River,24716,12201,2.1,5,22.9,CL_MINOR,1014,5,,2.14,0,Coastal,Low,1,Masonry_Arch
7017,54.5958476416185,-5.79708265932949,Road_River,24720,8568,2.7,5,55.9,CL_MINOR,1014,5,,5.57,0,Inland,Medium,1,Masonry_Arch
7018,54.5962683216465,-5.79652674989269,Road_River,24720,8568,16.3,5,75,CL_MINOR,1014,5,,5.56,0,Inland,Medium,3,RC_Slab
7019,54.5964931513079,-5.79631772159688,Road_River,24722,8568,3.8,5,22.5,CL_MINOR,1014,5,,5.55,0,Inland,Low,1,Masonry_Arch
7020,54.5990768754987,-5.70334361240316,Road_River,24728,12201,1.1,5,16.2,CL_MINOR,1014,5,,2.18,0,Coastal,Low,1,Culvert
7021,54.5928408746508,-5.6869844362256,Road_River,24741,12200,3.3,5,34.6,CL_MINOR,604,5,,1.15,0,Coastal,Low,1,Masonry_Arch
7022,54.634477907584,-5.7234150675384,Road_River,24748,11511,2.6,5,55.1,CL_MINOR,511,5,,3.6,0,Coastal,Low,1,Masonry_Arch
7023,54.6373900067571,-5.78473766562511,Road_River,24749,12256,2.8,5,33.6,CL_MINOR,623,5,,2.69,0,Coastal,Low,1,Masonry_Arch
7024,54.6397291674383,-5.67168965575681,Road_River,24753,12255,2.9,5,0.5,CL_MINOR,716,5,,2.58,0,Coastal,Low,1,Masonry_Arch
7025,54.6290837025911,-5.63278374781156,Road_River,24755,11524,3,5,49,CL_MINOR,567,5,,4.14,0,Coastal,Low,1,Masonry_Arch
7026,54.6296586269309,-5.63801627846147,Road_River,24759,11524,2.1,5,34,CL_MINOR,567,5,,4.02,0,Coastal,Low,1,Masonry_Arch
7027,54.6304768790955,-5.57431635526786,Road_River,24769,11502,2,5,21.8,CL_MINOR,697,5,,2.67,0,Coastal,Low,1,Masonry_Arch
7028,54.6291646401563,-5.57356343205595,Road_River,24769,11522,1.3,5,20.4,CL_MINOR,697,5,,2.6,0,Coastal,Low,1,Culvert
7029,54.6031025967843,-5.55339240684033,Road_River,24771,12265,3.3,5,3.7,CL_MINOR,604,5,,1.78,0,Coastal,Low,1,Masonry_Arch
7030,54.585159348772,-5.52815137171646,Road_River,24797,12267,1.2,5,0.599999999999994,CL_MINOR,716,5,,1.24,0,Coastal,Low,1,Culvert
7031,54.5800161913597,-5.60303497063805,Road_River,24798,11576,1.7,5,4.2,CL_MINOR,530,5,,2.47,0,Coastal,Low,1,Culvert
7032,54.5671429590876,-5.60588932278091,Road_River,24798,12271,4.9,5,67.4,CL_MINOR,530,5,,1.09,0,Coastal,Low,1,RC_Slab
7033,54.5807433678036,-5.61952977987853,Road_River,24800,8567,1.7,5,4.8,CL_MINOR,492,5,,2.17,0,Coastal,Low,1,Culvert
7034,54.5757898005564,-5.62114497752413,Road_River,24800,11575,4.8,5,34.1,CL_MINOR,492,5,,1.69,0,Coastal,Low,1,RC_Slab
7035,54.5765638915172,-5.65081010817832,Road_River,24801,12272,2.9,5,20.7,CL_MINOR,604,5,,0.71,0,Marine,Low,1,Masonry_Arch
7036,54.5907538232831,-5.62479058437229,Road_River,24803,11402,2.7,5,4.90000000000001,CL_MINOR,492,5,,2.98,0,Coastal,Low,1,Masonry_Arch
7037,54.5807640863409,-5.6153454603238,Road_River,24805,8567,2.2,5,2,CL_MINOR,530,5,,2.35,0,Coastal,Low,1,Masonry_Arch
7038,54.5810780143717,-5.62439385048715,Road_River,24807,8566,2.2,5,15.6,CL_MINOR,492,5,,2.02,0,Coastal,Low,1,Masonry_Arch
7039,54.5917765285216,-5.68785297023782,Road_River,24809,12200,1,5,2.5,CL_MINOR,604,5,,1.05,0,Marine,Low,1,Culvert
7040,54.5862654739163,-5.57078388178212,Road_River,24813,8565,1.6,5,36.9,CL_MINOR,604,5,,3.41,0,Coastal,Low,1,Culvert
7041,54.5835296793535,-5.54661893906638,Road_River,24816,8564,2.4,5,37.3,CL_MINOR,604,5,,2.19,0,Coastal,Low,1,Masonry_Arch
7042,54.5634108836692,-5.58675978029063,Road_River,24820,11573,2.2,5,20.7,CL_MINOR,418,5,,1.69,0,Coastal,Low,1,Masonry_Arch
7043,54.5198217173952,-5.73361167955097,Road_River,24822,11666,1.6,5,16.2,CL_MINOR,548,5,,2.11,0,Coastal,Low,1,Culvert
7044,54.5610551910693,-5.7089665641159,Road_River,24835,12273,2.5,5,33.6,CL_MINOR,492,5,,0.66,0,Marine,Low,1,Masonry_Arch
7045,54.5915175530543,-5.7032060600394,Road_River,24844,12201,2.6,5,16.9,CL_MINOR,1014,5,,1.53,0,Coastal,Low,1,Masonry_Arch
7046,54.5922878810745,-5.70446463922408,Road_River,24848,12201,1.4,5,11.4,CL_MINOR,1014,5,,1.64,0,Coastal,Low,1,Culvert
7047,54.5457192405427,-5.79282190273692,Road_River,24859,11600,3.7,5,49.8,CL_MINOR,660,5,,3.32,0,Coastal,Medium,1,Masonry_Arch
7048,54.5446620446512,-5.80105209787368,Road_River,24860,11600,1.9,5,10.7,CL_MINOR,884,5,,3.85,0,Coastal,Low,1,Masonry_Arch
7049,54.5504398977221,-5.79166045347114,Road_River,24861,11601,1.9,5,13.9,CL_MINOR,660,5,,3.29,0,Coastal,Low,1,Masonry_Arch
7050,54.5129179647658,-5.81651242356551,Road_River,24865,11668,3.4,5,44.9,CL_MINOR,809,5,,6.05,0,Inland,Low,1,Masonry_Arch
7051,54.5474649371979,-5.82897954077283,Road_River,24869,11604,2.5,5,12.3,CL_MINOR,884,5,,5.65,0,Inland,Low,1,Masonry_Arch
7052,54.5430198389871,-5.82619457221086,Road_River,24869,11634,2.3,5,6.40000000000001,CL_MINOR,884,5,,5.48,0,Inland,Low,1,Masonry_Arch
7053,54.5712900978723,-5.78799793357588,Road_River,24876,11580,2.6,5,49.9,CL_MINOR,735,5,,4.14,0,Coastal,Low,1,Masonry_Arch
7054,54.5653590237347,-5.81021083926875,Road_River,24879,11583,2,5,21.8,CL_MINOR,884,5,,4.95,0,Inland,Low,1,Masonry_Arch
7055,54.5518972195635,-5.78985074155116,Road_River,24882,11602,4.5,5,8.09999999999999,CL_MINOR,660,5,,3.2,0,Coastal,Low,1,Masonry_Arch
7056,54.5511387560722,-5.79471680887844,Road_River,24883,11601,2.7,5,37.6,CL_MINOR,660,5,,3.49,0,Coastal,Low,1,Masonry_Arch
7057,54.5477560204884,-5.83361499919088,Road_River,24886,11606,2.8,5,19.7,CL_MINOR,921,5,,5.95,0,Inland,Low,1,Masonry_Arch
7058,54.5494681611844,-5.8151150542464,Road_River,24888,11605,1.1,5,6.40000000000001,CL_MINOR,884,5,,4.77,0,Inland,Low,1,Culvert
7059,54.5952353492855,-5.70871521611424,Road_River,24889,12201,5.1,5,60.7,CL_MINOR,1014,5,,2.07,0,Coastal,Low,1,RC_Slab
7060,54.5868184624684,-5.78814871786631,Road_River,24892,8571,1.8,5,17,CL_MINOR,735,5,,5.48,0,Inland,Low,1,Culvert
7061,54.5943408493003,-5.80439494148695,Road_River,24897,8568,2.1,5,28.2,CL_MINOR,1014,5,,5.4,0,Inland,Low,1,Masonry_Arch
7062,54.591665711628,-5.80968101947139,Road_River,24901,8574,3.6,5,21.2,CL_MINOR,1014,5,,5.45,0,Inland,Low,1,Masonry_Arch
7063,54.5736601865471,-5.79792175355807,Road_River,24909,11583,3.8,5,65.8,CL_MINOR,1014,5,,4.8,0,Inland,Low,1,Masonry_Arch
7064,54.5756921951395,-5.79922518664405,Road_River,24909,11584,1.5,5,9.3,CL_MINOR,1014,5,,5.01,0,Inland,Low,1,Culvert
7065,54.5883314723652,-5.82678894017531,Road_River,24911,8572,3.1,5,40.9,CL_MINOR,1014,5,,4.68,0,Coastal,Low,1,Masonry_Arch
7066,54.5873935409924,-5.81488485570212,Road_River,24912,8573,1.6,5,22.1,CL_MINOR,1014,5,,5.38,0,Inland,Low,1,Culvert
7067,54.5988511835402,-5.81583763975618,Road_River,24913,11408,3.8,5,29.1,CL_MINOR,1014,5,,4.57,0,Coastal,Low,1,Masonry_Arch
7068,54.5995575309494,-5.82592596037606,Road_River,24913,11409,2.1,5,34.8,CL_MINOR,1014,5,,4.17,0,Coastal,Low,1,Masonry_Arch
7069,54.5191819671104,-5.68171664393096,Road_River,24914,12339,6.6,5,14.6,CL_MINOR,437,5,,0.03,0,Marine,Low,1,RC_Slab
7070,54.5190890642772,-5.68173363653429,Road_River,24914,12339,10.7,5,7.09999999999999,CL_MINOR,437,5,,0.04,0,Marine,Low,1,Bespoke_Viaduct
7071,54.5152693133041,-5.69715701655084,Road_River,24915,11662,5,5,50,CL_MINOR,716,5,,1.07,0,Marine,Medium,1,RC_Slab
7072,54.5160582422731,-5.70255635774884,Road_River,24918,11660,1.1,5,21.1,CL_MINOR,716,5,,1.36,0,Marine,Low,1,Culvert
7073,54.5203994768303,-5.7004114730054,Road_River,24918,11661,1.4,5,8.59999999999999,CL_MINOR,716,5,,1.12,0,Marine,Low,1,Culvert
7074,54.5178184905188,-5.70168516073247,Road_River,24918,11664,2.3,5,58.3,CL_MINOR,716,5,,1.26,0,Marine,Low,1,Masonry_Arch
7075,54.5302463119422,-5.69775657555169,Road_River,24919,11629,3.3,5,15.3,CL_MINOR,716,5,,0.26,0,Marine,Low,1,Masonry_Arch
7076,54.5304455337734,-5.70372766323368,Road_River,24919,12343,2.2,5,20,CL_MINOR,716,5,,0.4,0,Marine,Low,1,Masonry_Arch
7077,54.5339216187744,-5.71488925234391,Road_River,24929,12285,5,5,69.2,CL_MINOR,492,5,,0.19,0,Marine,Low,1,RC_Slab
7078,54.5381233244431,-5.72733716296528,Road_River,24931,12284,3.1,5,44.4,CL_MINOR,958,5,,0.21,0,Marine,Low,1,Masonry_Arch
7079,54.5425752154005,-5.73512504994556,Road_River,24931,12286,2.9,5,27,CL_MINOR,958,5,,0.21,0,Marine,Low,1,Masonry_Arch
7080,54.5833143321615,-5.79016783499712,Road_River,24939,8570,11.9,5,32.1,CL_MINOR,735,5,,5.24,0,Inland,Low,2,RC_Slab
7081,54.5683161836093,-5.76635845795326,Road_River,24940,11577,4.8,5,15.2,CL_MINOR,735,5,,2.99,0,Coastal,Low,1,RC_Slab
7082,54.5703964291377,-5.80413355648747,Road_River,24941,11583,3.1,5,33.4,CL_MINOR,1014,5,,4.89,0,Coastal,Low,1,Masonry_Arch
7083,54.5718467526225,-5.74166870420598,Road_River,24943,11578,2.7,5,9.59999999999999,CL_MINOR,809,5,,2.79,0,Coastal,Low,1,Masonry_Arch
7084,54.5468026432003,-5.75310379213579,Road_River,24946,12287,6.8,5,60.6,CL_MINOR,660,5,,0.77,0,Coastal,Medium,2,Masonry_Arch
7085,54.5852504896414,-5.8147343368438,Road_River,24949,8573,3.1,5,31.6,CL_MINOR,1014,5,,5.51,0,Inland,Low,1,Masonry_Arch
7086,54.586247107407,-5.66958492625572,Road_River,24957,12268,2,5,40.3,CL_MINOR,604,5,,0.62,0,Marine,Low,1,Masonry_Arch
7087,54.4929388619912,-5.52948024433401,Road_River,24959,12292,5.5,5,62.7,CL_MINOR,623,5,,0.55,0,Marine,Low,1,RC_Slab
7088,54.4877490595852,-5.8167212840075,Road_River,24961,11714,1.6,5,23,CL_MINOR,790,5,,8.05,0,Inland,Low,1,Culvert
7089,54.4939859669142,-5.83877367597651,Road_River,24962,8600,1.8,5,5.40000000000001,CL_MINOR,809,5,,8.5,0,Inland,Low,1,Culvert
7090,54.4985325979043,-5.80047258537751,Road_River,24963,8601,2,5,5.5,CL_MINOR,809,5,,6.46,0,Inland,Low,1,Masonry_Arch
7091,54.5002325220908,-5.81698640788732,Road_River,24968,11669,2.5,5,15.7,CL_MINOR,809,5,,7,0,Inland,Low,1,Masonry_Arch
7092,54.5169660595469,-5.8291366431695,Road_River,24972,11668,1.2,5,6.90000000000001,CL_MINOR,809,5,,6.49,0,Inland,Low,1,Culvert
7093,54.4746473538629,-5.69500023076889,Road_River,24973,11697,3.8,5,31.4,CL_MINOR,679,5,,2.44,0,Coastal,Low,1,Masonry_Arch
7094,54.4760877836684,-5.69938883093433,Road_River,24973,11702,9.7,5,16.5,CL_MINOR,679,5,,2.49,0,Coastal,Low,2,RC_Slab
7095,54.4761233518726,-5.68783121771326,Road_River,24975,11695,2.6,5,6.40000000000001,CL_MINOR,679,5,,2.07,0,Coastal,Low,1,Masonry_Arch
7096,54.4759680328701,-5.68757818033636,Road_River,24975,11700,4.7,5,19.8,CL_MINOR,679,5,,2.08,0,Coastal,Low,1,RC_Slab
7097,54.4756504887294,-5.73251414733186,Road_River,24976,11701,4.8,5,24,CL_MINOR,809,5,,4.23,0,Coastal,Low,1,RC_Slab
7098,54.477743854818,-5.72862649627013,Road_River,24977,11701,4.5,5,6.8,CL_MINOR,809,5,,3.89,0,Coastal,Low,1,Masonry_Arch
7099,54.4772732941448,-5.80592148159176,Road_River,24982,11714,1.7,5,10.4,CL_MINOR,790,5,,8.53,0,Inland,Low,1,Culvert
7100,54.4844236489043,-5.72509584682742,Road_River,24986,11703,1.1,5,31.9,CL_MINOR,809,5,,3.34,0,Coastal,Low,1,Culvert
7101,54.4808363917676,-5.73635292728832,Road_River,24990,11706,11.8,5,5.3,CL_MINOR,809,5,,4.16,0,Coastal,Low,2,RC_Slab
7102,54.483290260891,-5.67803260602802,Road_River,24995,11694,2.4,5,19.4,CL_MINOR,865,5,,1.1,0,Marine,Low,1,Masonry_Arch
7103,54.4969724466255,-5.67753602557087,Road_River,24996,12296,3.3,5,47.3,CL_MINOR,437,5,,0.03,0,Marine,Low,1,Masonry_Arch
7104,54.4893454152633,-5.72670499326792,Road_River,24999,11703,1.6,5,52.5,CL_MINOR,809,5,,3.25,0,Coastal,Low,1,Culvert
7105,54.4941484493477,-5.7571000788927,Road_River,25005,8596,2.2,5,33.7,CL_MINOR,809,5,,5.09,0,Coastal,Low,1,Masonry_Arch
7106,54.4916094812914,-5.74446106718934,Road_River,25006,11706,6.1,5,1.8,CL_MINOR,809,5,,4.32,0,Coastal,Low,2,Masonry_Arch
7107,54.4936488228789,-5.76193866415647,Road_River,25008,8595,2.7,5,20.4,CL_MINOR,735,5,,5.41,0,Inland,Low,1,Masonry_Arch
7108,54.4968278039388,-5.79832895020546,Road_River,25010,8598,4.9,5,24.8,CL_MINOR,735,5,,6.53,0,Inland,Low,1,RC_Slab
7109,54.484338377817,-5.7926824320538,Road_River,25010,11710,4.3,5,51.1,CL_MINOR,735,5,,7.45,0,Inland,Low,1,Masonry_Arch
7110,54.4943495630409,-5.67757362291103,Road_River,25012,12296,1.5,5,4.8,CL_MINOR,865,5,,0.25,0,Marine,Low,1,Culvert
7111,54.4982896089803,-5.69242818787343,Road_River,25014,8593,2.4,5,10.5,CL_MINOR,716,5,,0.9,0,Coastal,Low,1,Masonry_Arch
7112,54.4967328610437,-5.72937075240061,Road_River,25015,11703,1.5,5,36,CL_MINOR,548,5,,3.28,0,Coastal,Low,1,Culvert
7113,54.5025715535689,-5.79185296967584,Road_River,25018,8597,4.5,5,34.1,CL_MINOR,790,5,,5.77,0,Inland,Low,1,Masonry_Arch
7114,54.517564479668,-5.68847519049272,Road_River,25020,12339,10.1,5,14.9,CL_MINOR,716,5,,0.46,0,Marine,Low,2,RC_Slab
7115,54.5172274930963,-5.7511337491443,Road_River,25025,11666,1.3,5,19.4,CL_MINOR,548,5,,2.92,0,Coastal,Low,1,Culvert
7116,54.5038950974266,-5.76599329439413,Road_River,25026,8597,3.7,5,40.3,CL_MINOR,790,5,,4.68,0,Coastal,Medium,1,Masonry_Arch
7117,54.5059360104093,-5.75097652706563,Road_River,25029,8597,1.7,5,18.7,CL_MINOR,548,5,,3.99,0,Coastal,Low,1,Culvert
7118,54.4666896839552,-5.6951306334419,Road_River,25042,11750,2.9,5,44.5,CL_MINOR,679,5,,2.52,0,Coastal,Low,1,Masonry_Arch
7119,54.4724445263881,-5.69666499104985,Road_River,25043,11697,4.7,5,34.9,CL_MINOR,679,5,,2.66,0,Coastal,Low,1,RC_Slab
7120,54.4710077924875,-5.75051341755077,Road_River,25051,11752,2.5,5,3.2,CL_MINOR,809,5,,5.49,0,Inland,Low,1,Masonry_Arch
7121,54.4725007369805,-5.8128094740183,Road_River,25055,11713,2.4,5,17.6,CL_MINOR,790,5,,9.1,0,Inland,Low,1,Masonry_Arch
7122,54.5082795875622,-5.83915928803822,Road_River,25062,11669,3.4,5,33.6,CL_MINOR,809,5,,7.54,0,Inland,Low,1,Masonry_Arch
7123,54.586851669523,-5.79972963908551,Road_River,25064,8569,8.3,5,35.6,CL_MINOR,1014,5,,5.93,0,Inland,Low,2,Masonry_Arch
7124,54.490620523166,-5.67340525769386,Road_River,25071,12295,4.5,5,9.5,CL_MINOR,865,5,,0.25,0,Marine,Low,1,Masonry_Arch
7125,54.7194446609139,-5.80741345648471,Road_River,25072,11465,4.2,5,20.5,CL_MINOR,1014,5,,0.51,0,Marine,Low,1,Masonry_Arch
7126,54.8173237815082,-5.78622217594249,Road_River,25075,12215,2.2,5,32.6,CL_MINOR,548,5,,0.16,0,Marine,Low,1,Masonry_Arch
7127,54.8152089830941,-5.78483272489043,Road_River,25075,12222,1.8,5,58.7,CL_MINOR,548,5,,0.31,0,Marine,Low,1,Culvert
7128,54.8150454459689,-5.80341729448508,Road_River,25076,11339,1.5,5,15.8,CL_MINOR,623,5,,0.83,0,Marine,Low,1,Culvert
7129,54.8140635618995,-5.79202104459501,Road_River,25076,12215,6.1,5,45.2,CL_MINOR,623,5,,0.64,0,Marine,Medium,2,Masonry_Arch
7130,54.8132286489564,-5.78627983786873,Road_River,25076,12222,2.5,5,32.6,CL_MINOR,623,5,,0.55,0,Marine,Low,1,Masonry_Arch
7131,54.8112762069014,-5.78189404069843,Road_River,25078,11368,1.7,5,20.1,CL_MINOR,548,5,,0.59,0,Marine,Low,1,Culvert
7132,54.8106864010752,-5.77913628224154,Road_River,25079,11367,4.7,5,30.7,CL_MINOR,548,5,,0.61,0,Marine,Low,1,RC_Slab
7133,54.8016088210516,-5.77288706076042,Road_River,25080,11366,2.4,5,25.9,CL_MINOR,548,5,,1.53,0,Coastal,Low,1,Masonry_Arch
7134,54.801947184022,-5.8164182750446,Road_River,25083,11370,2,5,9.7,CL_MINOR,623,5,,2.51,0,Coastal,Low,1,Masonry_Arch
7135,54.8018745296869,-5.82052152384242,Road_River,25085,11377,2.8,5,2.09999999999999,CL_MINOR,623,5,,2.64,0,Coastal,Low,1,Masonry_Arch
7136,54.8084972762159,-5.69912080552265,Road_River,25087,12217,3.6,5,42.2,CL_MINOR,567,5,,0.46,0,Marine,Low,1,Masonry_Arch
7137,54.6546829962947,-5.65559619788712,Road_River,25095,12255,4.1,5,13.6,CL_MINOR,1014,5,,1.25,0,Marine,Low,1,Masonry_Arch
7138,54.6458529518452,-5.66895322186366,Road_River,25098,12255,1.7,5,24.8,CL_MINOR,1014,5,,1.91,0,Coastal,Low,1,Culvert
7139,54.661824658224,-5.73572650837325,Road_River,25106,11498,2.5,5,39,CL_MINOR,679,5,,0.97,0,Marine,Low,1,Masonry_Arch
7140,54.6581245290223,-5.76206572210671,Road_River,25108,12249,2.4,5,43.2,CL_MINOR,679,5,,1.14,0,Marine,Low,1,Masonry_Arch
7141,54.6496548407576,-5.66148552344653,Road_River,25117,12255,3.9,5,34.1,CL_MINOR,1014,5,,1.62,0,Coastal,Low,1,Masonry_Arch
7142,54.6633304935637,-5.60865331029979,Road_River,25123,11490,1.7,5,32.3,CL_MINOR,772,5,,1.28,0,Coastal,Low,1,Culvert
7143,54.6470947319719,-5.61278216734168,Road_River,25124,11507,3.5,5,36.7,CL_MINOR,809,5,,2.81,0,Coastal,Low,1,Masonry_Arch
7144,54.651567957832,-5.65259432139918,Road_River,25126,12255,2.8,5,13.1,CL_MINOR,1014,5,,1.56,0,Coastal,Low,1,Masonry_Arch
7145,54.7547309284353,-5.71732745413045,Road_River,25134,11438,4.4,5,75,CL_MINOR,1014,5,,0.65,0,Marine,Low,1,Masonry_Arch
7146,54.754999661943,-5.7187737908956,Road_River,25134,11438,10.1,5,75,CL_MINOR,1014,5,,0.75,0,Marine,Low,1,Bespoke_Viaduct
7147,54.7549696103645,-5.71861204782625,Road_River,25134,11438,6,5,75,CL_MINOR,1014,5,,0.74,0,Marine,Low,1,RC_Slab
7148,54.7545695966036,-5.70804287098504,Road_River,25136,12228,4.2,5,17.6,CL_MINOR,1014,5,,0.1,0,Marine,Low,1,Masonry_Arch
7149,54.7546925452977,-5.71712088332115,Road_River,25141,11438,3.8,5,75,CL_MINOR,1014,5,,0.64,0,Marine,Low,1,Masonry_Arch
7150,54.7806610771685,-5.8327454009801,Road_River,25145,8172,4.6,5,52.9,CL_MINOR,455,5,,5.09,0,Inland,Medium,1,RC_Slab
7151,54.7801906289098,-5.83055229561873,Road_River,25145,8175,1.1,5,24.5,CL_MINOR,455,5,,5.08,0,Inland,Low,1,Culvert
7152,54.779109825348,-5.81845687232329,Road_River,25146,8166,2.6,5,55.7,CL_MINOR,530,5,,4.86,0,Coastal,Low,1,Masonry_Arch
7153,54.7779663061467,-5.8369075314303,Road_River,25147,8171,3,5,29.8,CL_MINOR,455,5,,5.48,0,Inland,Low,1,Masonry_Arch
7154,54.7651416643193,-5.82918975123618,Road_River,25148,11432,2.5,5,10.3,CL_MINOR,455,5,,5.51,0,Inland,Low,1,Masonry_Arch
7155,54.7670484329879,-5.8217827193914,Road_River,25150,11427,1.2,5,8.3,CL_MINOR,530,5,,5.5,0,Inland,Low,1,Culvert
7156,54.7813088411329,-5.79944446764622,Road_River,25151,8167,1.9,5,15.8,CL_MINOR,548,5,,4.03,0,Coastal,Low,1,Masonry_Arch
7157,54.7758045311539,-5.77187894551978,Road_River,25156,8163,1.4,5,1.40000000000001,CL_MINOR,455,5,,2.8,0,Coastal,Low,1,Culvert
7158,54.7825120669475,-5.7547706632885,Road_River,25157,8161,2.6,5,17,CL_MINOR,772,5,,1.48,0,Coastal,Low,1,Masonry_Arch
7159,54.7860221439534,-5.76103608845795,Road_River,25157,8164,1.1,5,18.9,CL_MINOR,772,5,,1.56,0,Coastal,Low,1,Culvert
7160,54.7785506106605,-5.79764024696528,Road_River,25162,8167,2.3,5,6.3,CL_MINOR,455,5,,4.04,0,Coastal,Low,1,Masonry_Arch
7161,54.7190537524805,-5.82213150741582,Road_River,25165,11464,3.5,5,55.2,CL_MINOR,1014,5,,0.99,0,Coastal,Medium,1,Masonry_Arch
7162,54.7204176652668,-5.82060093961399,Road_River,25165,11467,6.3,5,54.8,CL_MINOR,1014,5,,1.09,0,Coastal,Medium,1,RC_Slab
7163,54.72082134615,-5.8205969312497,Road_River,25165,11467,3,5,42.4,CL_MINOR,1014,5,,1.14,0,Coastal,Medium,1,Masonry_Arch
7164,54.7257141723,-5.8143883771504,Road_River,25166,11465,2.2,5,16,CL_MINOR,1014,5,,1.34,0,Coastal,Low,1,Masonry_Arch
7165,54.7223677696033,-5.81123393812345,Road_River,25172,11465,2.2,5,16.9,CL_MINOR,1014,5,,0.92,0,Marine,Low,1,Masonry_Arch
7166,54.7205576454716,-5.82543843255043,Road_River,25175,8543,3.1,5,31,CL_MINOR,1014,5,,1.19,0,Coastal,Low,1,Masonry_Arch
7167,54.7244809728257,-5.82204417800788,Road_River,25175,11467,2.8,5,17.7,CL_MINOR,1014,5,,1.54,0,Coastal,Low,1,Masonry_Arch
7168,54.7213991884181,-5.80127396080093,Road_River,25181,8533,4.9,5,46.1,CL_MINOR,1014,5,,0.45,0,Marine,Medium,1,RC_Slab
7169,54.7172591292905,-5.80131697477195,Road_River,25190,12233,4.4,5,2.7,CL_MINOR,1014,5,,0.08,0,Marine,Low,1,Masonry_Arch
7170,54.7627326884001,-5.81984874390214,Road_River,25192,11429,2.3,5,15.9,CL_MINOR,530,5,,5.01,0,Coastal,Low,1,Masonry_Arch
7171,54.748859977094,-5.81741337714282,Road_River,25194,8536,2.8,5,28.2,CL_MINOR,586,5,,3.55,0,Coastal,Low,1,Masonry_Arch
7172,54.7445389608927,-5.83407977977094,Road_River,25194,8543,1.7,5,7.09999999999999,CL_MINOR,586,5,,3.77,0,Coastal,Low,1,Culvert
7173,54.7432796219979,-5.85093786718766,Road_River,25194,8544,1,5,22.7,CL_MINOR,586,5,,4.05,0,Coastal,Low,1,Culvert
7174,54.7439497740473,-5.84367205562171,Road_River,25194,8545,1.8,5,15.9,CL_MINOR,586,5,,3.97,0,Coastal,Low,1,Culvert
7175,54.7443607886254,-5.8380359356028,Road_River,25194,8546,2.4,5,0.200000000000003,CL_MINOR,586,5,,3.91,0,Coastal,Low,1,Masonry_Arch
7176,54.7444874297325,-5.83525431024704,Road_River,25194,8550,2.5,5,12.3,CL_MINOR,586,5,,3.81,0,Coastal,Low,1,Masonry_Arch
7177,54.7467604706974,-5.82694647161077,Road_River,25194,11445,1.5,5,20.8,CL_MINOR,586,5,,3.69,0,Coastal,Low,1,Culvert
7178,54.7546211450508,-5.70812635442346,Road_River,25201,12228,2.5,5,25.9,CL_MINOR,1014,5,,0.11,0,Marine,Low,1,Masonry_Arch
7179,54.7273985465795,-5.8050054447795,Road_River,25204,8537,2.8,5,29.5,CL_MINOR,1014,5,,1.12,0,Coastal,Low,1,Masonry_Arch
7180,54.7278722615515,-5.80302561284841,Road_River,25204,8538,2.8,5,6.59999999999999,CL_MINOR,1014,5,,1.09,0,Coastal,Low,1,Masonry_Arch
7181,54.7685031913588,-5.77323868405697,Road_River,25222,11422,2.3,5,37,CL_MINOR,455,5,,3.21,0,Coastal,Low,1,Masonry_Arch
7182,54.7734928751905,-5.77354106488306,Road_River,25222,11423,1.3,5,9.40000000000001,CL_MINOR,455,5,,3.05,0,Coastal,Low,1,Culvert
7183,54.7545699963928,-5.72456062853387,Road_River,25223,11438,1.4,5,35.4,CL_MINOR,772,5,,1.08,0,Coastal,Low,1,Culvert
7184,54.744391922545,-5.7418745455274,Road_River,25225,8532,3.9,5,50.1,CL_MINOR,474,5,,0.89,0,Marine,Low,1,Masonry_Arch
7185,54.6497122231544,-5.58573137132717,Road_River,25227,11523,4.3,5,50.9,CL_MINOR,772,5,,1.9,0,Coastal,Low,1,Masonry_Arch
7186,54.6668560496963,-5.59282224535134,Road_River,25230,11489,1.6,5,4.09999999999999,CL_MINOR,772,5,,0.83,0,Coastal,Low,1,Culvert
7187,54.6542091489452,-5.72493653337753,Road_River,25235,11497,3,5,37.4,CL_MINOR,679,5,,1.44,0,Coastal,Low,1,Masonry_Arch
7188,54.8315782499637,-5.75551801311481,Road_River,25247,11309,2.8,5,23.1,CL_MINOR,623,5,,0.36,0,Marine,Low,1,Masonry_Arch
7189,54.4037475270405,-5.48086692822603,Road_River,25270,11843,2.9,5,31.1,CL_MINOR,567,5,,0.99,0,Coastal,Low,1,Masonry_Arch
7190,54.398843153114,-5.50407967632013,Road_River,25271,11848,2.8,5,31.7,CL_MINOR,586,5,,2.17,0,Coastal,Low,1,Masonry_Arch
7191,54.3981718716657,-5.49075147953041,Road_River,25272,11848,2.1,5,1.7,CL_MINOR,567,5,,1.62,0,Coastal,Low,1,Masonry_Arch
7192,54.38506272544,-5.47817233246704,Road_River,25273,12312,5.5,5,11.4,CL_MINOR,567,5,,0,0,Marine,Low,1,RC_Slab
7193,54.3855442932358,-5.49938057147554,Road_River,25274,8241,2.8,5,38.5,CL_MINOR,567,5,,1.03,0,Coastal,Low,1,Masonry_Arch
7194,54.3822044139393,-5.49896541339873,Road_River,25274,8242,1.7,5,1.59999999999999,CL_MINOR,567,5,,0.83,0,Coastal,Low,1,Culvert
7195,54.4101745020547,-5.54507724224627,Road_River,25277,11849,1,5,14.3,CL_MINOR,455,5,,1.7,0,Coastal,Low,1,Culvert
7196,54.377661345774,-5.53077550245116,Road_River,25281,12314,1.4,5,16.4,CL_MINOR,567,5,,0.92,0,Coastal,Low,1,Culvert
7197,54.4392847755643,-5.50550232867577,Road_River,25290,8211,2.8,5,19.7,CL_MINOR,567,5,,1.84,0,Coastal,Low,1,Masonry_Arch
7198,54.4104491403736,-5.52162395337426,Road_River,25299,11844,3.9,5,67.8,CL_MINOR,586,5,,2.01,0,Coastal,Low,1,Masonry_Arch
7199,54.458034562008,-5.51555392412608,Road_River,25301,8211,2.5,5,40.7,CL_MINOR,623,5,,0.93,0,Marine,Low,1,Masonry_Arch
7200,54.45665134543,-5.50878471189327,Road_River,25301,11743,2.1,5,15.5,CL_MINOR,623,5,,1.3,0,Marine,Low,1,Masonry_Arch
7201,54.4593186867759,-5.52431862328603,Road_River,25301,12302,4.3,5,10.8,CL_MINOR,623,5,,0.59,0,Marine,Low,1,Masonry_Arch
7202,54.3648820356952,-5.50425295769564,Road_River,25304,11961,2.7,5,2.8,CL_MINOR,567,5,,0.71,0,Coastal,Low,1,Masonry_Arch
7203,54.3749976707899,-5.53345555280216,Road_River,25304,12314,2.9,5,41.4,CL_MINOR,567,5,,0.61,0,Coastal,Low,1,Masonry_Arch
7204,54.3709774614816,-5.53968388247889,Road_River,25307,12314,1.5,5,30,CL_MINOR,567,5,,0.05,0,Marine,Low,1,Culvert
7205,54.3539862600613,-5.52858411616637,Road_River,25307,12318,1.7,5,13.8,CL_MINOR,567,5,,0.1,0,Marine,Low,1,Culvert
7206,54.3547001787416,-5.5258402204561,Road_River,25307,12318,3.4,5,8.8,CL_MINOR,567,5,,0.27,0,Marine,Low,1,Masonry_Arch
7207,54.3553698876623,-5.52437597221448,Road_River,25307,12318,3.6,5,0.5,CL_MINOR,567,5,,0.34,0,Marine,Low,1,Masonry_Arch
7208,54.4231674033527,-5.47727703535514,Road_River,25309,12307,1.4,5,1.5,CL_MINOR,567,5,,0.03,0,Marine,Low,1,Culvert
7209,54.4255844535173,-5.48001009587032,Road_River,25309,12308,3.3,5,15.8,CL_MINOR,567,5,,0.01,0,Marine,Low,1,Masonry_Arch
7210,54.5041387711441,-5.48766363254953,Road_River,25313,12289,1.5,5,13.9,CL_MINOR,623,5,,1.37,0,Coastal,Low,1,Culvert
7211,54.4825533336104,-5.49252924784029,Road_River,25317,11688,2.4,5,14.1,CL_MINOR,530,5,,2.41,0,Coastal,Low,1,Masonry_Arch
7212,54.4616577406025,-5.5195081449104,Road_River,25318,11742,2.8,5,55.5,CL_MINOR,623,5,,0.97,0,Coastal,Low,1,Masonry_Arch
7213,54.4634737356541,-5.47561422800518,Road_River,25321,11689,2.2,5,11.9,CL_MINOR,530,5,,2.11,0,Coastal,Low,1,Masonry_Arch
7214,54.5661407179418,-5.52112051265233,Road_River,25324,11572,3.7,5,24.1,CL_MINOR,641,5,,1.9,0,Coastal,Low,1,Masonry_Arch
7215,54.564081387581,-5.51345684797221,Road_River,25326,11565,3.4,5,39.2,CL_MINOR,586,5,,1.76,0,Coastal,Low,1,Masonry_Arch
7216,54.5673700415444,-5.49503703878559,Road_River,25326,11568,1.3,5,1.59999999999999,CL_MINOR,586,5,,0.76,0,Coastal,Low,1,Culvert
7217,54.5560298527908,-5.53599559578685,Road_River,25327,11599,2,5,1.5,CL_MINOR,641,5,,2.97,0,Coastal,Low,1,Masonry_Arch
7218,54.5487532962511,-5.48831580389697,Road_River,25330,11597,2.1,5,60.2,CL_MINOR,586,5,,0.17,0,Marine,Low,1,Masonry_Arch
7219,54.5691485575908,-5.51836522617783,Road_River,25332,11572,3.3,5,18.3,CL_MINOR,716,5,,1.55,0,Coastal,Low,1,Masonry_Arch
7220,54.5125072007698,-5.50666898864019,Road_River,25339,12289,2.6,5,22.4,CL_MINOR,437,5,,2.3,0,Coastal,Low,1,Masonry_Arch
7221,54.5213363080889,-5.48881401284082,Road_River,25341,11624,1,5,7,CL_MINOR,623,5,,1.1,0,Coastal,Low,1,Culvert
7222,54.5218287279155,-5.50350389518013,Road_River,25344,11624,1.5,5,4,CL_MINOR,623,5,,1.87,0,Coastal,Low,1,Culvert
7223,54.5746025350646,-5.49424086103664,Road_River,25350,11569,3.6,5,1.7,CL_MINOR,418,5,,0.22,0,Marine,Low,1,Masonry_Arch
7224,54.5464264472521,-5.51655278947451,Road_River,25356,12281,2.5,5,3.2,CL_MINOR,586,5,,1.97,0,Coastal,Low,1,Masonry_Arch
7225,54.5929972472223,-5.52508094276938,Road_River,25358,12267,2.1,5,32.8,CL_MINOR,716,5,,0.45,0,Marine,Low,1,Masonry_Arch
7226,54.5912614542294,-5.52778103028722,Road_River,25358,12267,2.9,5,19.6,CL_MINOR,716,5,,0.7,0,Marine,Low,1,Masonry_Arch
7227,54.5884994695519,-5.86780376242482,Road_River,25393,8580,3.2,5,30.7,CL_MINOR,1014,5,,2.82,0,Coastal,Low,1,Masonry_Arch
7228,54.5912497446007,-5.78687726461159,Road_River,25405,11404,1.9,5,42.8,CL_MINOR,735,5,,5.86,0,Inland,Low,1,Masonry_Arch
7229,54.4135309996026,-8.03315640572178,Road_River,25406,14228,8,5,13.5,CL_MINOR,399,5,,85.9,0,Inland,Low,2,Masonry_Arch
7230,54.3893912810141,-8.03886077146047,Road_River,25406,14286,3,5,66.6,CL_MINOR,399,5,,88.31,0,Inland,Low,1,Masonry_Arch
7231,54.3929956954799,-8.03546929024996,Road_River,25406,14286,1.3,5,23.7,CL_MINOR,399,5,,87.85,0,Inland,Low,1,Culvert
7232,54.3993828825853,-8.03168775054832,Road_River,25406,14287,14.1,5,11.7,CL_MINOR,399,5,,87.13,0,Inland,High,3,RC_Slab
7233,54.2635348675032,-7.73902713031853,Road_River,25408,15272,2.4,5,16.7,CL_MINOR,716,5,,92.08,0,Inland,Low,1,Masonry_Arch
7234,54.2608322298709,-7.74966327154432,Road_River,25409,15272,2.9,5,47.3,CL_MINOR,567,5,,92.59,0,Inland,Low,1,Masonry_Arch
7235,54.3098892991718,-7.74544568943681,Road_River,25411,14926,3,5,29.1,CL_MINOR,474,5,,87.39,0,Inland,Low,1,Masonry_Arch
7236,54.3095612675083,-7.76399100400567,Road_River,25411,14937,2.7,5,33,CL_MINOR,474,5,,87.85,0,Inland,Low,1,Masonry_Arch
7237,54.3086157170811,-7.75512418219631,Road_River,25411,14938,2,5,8.2,CL_MINOR,474,5,,87.74,0,Inland,Low,1,Masonry_Arch
7238,54.3079541441145,-7.77402878340093,Road_River,25411,14939,1.8,5,14.5,CL_MINOR,474,5,,88.25,0,Inland,Low,1,Culvert
7239,54.3060152550839,-7.78045092715017,Road_River,25411,14940,1.8,5,39.4,CL_MINOR,474,5,,88.61,0,Inland,Low,1,Culvert
7240,54.3732172088972,-7.78484236785761,Road_River,25412,14256,3.8,5,1.90000000000001,CL_MINOR,455,5,,81.85,0,Inland,Low,1,Masonry_Arch
7241,54.3723819117838,-7.80078180193345,Road_River,25412,14366,10.7,5,4.5,CL_MINOR,455,5,,82.36,0,Inland,High,2,RC_Slab
7242,54.3144146474721,-7.57489582606442,Road_River,25417,14749,1.9,5,55.6,CL_MINOR,455,5,,83.63,0,Inland,Low,1,Masonry_Arch
7243,54.4525873962712,-7.48933047910664,Road_River,25423,13934,2.2,5,6.59999999999999,CL_MINOR,735,5,,67.42,0,Inland,Low,1,Masonry_Arch
7244,54.3020603642963,-7.47144485109159,Road_River,25424,14880,2.7,5,19.5,CL_MINOR,809,5,,80.72,0,Inland,Low,1,Masonry_Arch
7245,54.7675069315248,-7.4715634382249,Road_River,25428,1158,8.7,5,2,CL_MINOR,921,5,,33.66,0,Inland,Low,2,Masonry_Arch
7246,54.1478325432501,-7.33622705928214,Road_River,25432,16112,1.9,5,39.8,CL_MINOR,586,5,,69.1,0,Inland,Low,1,Masonry_Arch
7247,54.2670206481586,-7.16505213018235,Road_River,25434,15035,4.8,5,40.2,CL_MINOR,511,5,,60.69,0,Inland,Medium,1,RC_Slab
7248,54.2732414539643,-7.16007376750369,Road_River,25434,15039,7.3,5,18.9,CL_MINOR,511,5,,60.59,0,Inland,Low,2,Masonry_Arch
7249,54.410561634088,-7.1513526513385,Road_River,25436,7906,10.1,5,15.9,CL_MINOR,567,5,,66.45,0,Inland,Low,2,RC_Slab
7250,54.5450564159588,-7.15154060490425,Road_River,25438,2892,5,5,27.3,CL_MINOR,697,5,,55.15,0,Inland,Low,1,RC_Slab
7251,54.2204736413596,-6.80071731202931,Road_River,25444,9580,2.4,5,63.9,CL_MINOR,1014,5,,36.8,0,Inland,Low,1,Masonry_Arch
7252,54.5829985729065,-6.94417565769296,Road_River,25450,7130,1.7,5,4.90000000000001,CL_MINOR,828,5,,52.04,0,Inland,Low,1,Culvert
7253,54.8409846080845,-6.86026940598557,Road_River,25455,6017,1.1,5,9.5,CL_MINOR,492,5,,26.2,0,Inland,Low,1,Culvert
7254,54.8293956217572,-6.84821065787725,Road_River,25455,6018,10.7,5,23.1,CL_MINOR,492,5,,27.7,0,Inland,Low,2,RC_Slab
7255,54.8318770873041,-6.84936673458666,Road_River,25455,6019,6.8,5,51.7,CL_MINOR,492,5,,27.42,0,Inland,Medium,2,Masonry_Arch
7256,54.8343988709059,-6.8516226873557,Road_River,25455,6021,2.3,5,41.3,CL_MINOR,492,5,,27.1,0,Inland,Medium,1,Masonry_Arch
7257,54.8356161500655,-6.85316853104893,Road_River,25455,6023,1.9,5,15.8,CL_MINOR,492,5,,26.94,0,Inland,Low,1,Masonry_Arch
7258,54.8366093509492,-6.85449369120625,Road_River,25455,6024,1.9,5,3,CL_MINOR,492,5,,26.8,0,Inland,Low,1,Masonry_Arch
7259,54.8398546887127,-6.85884188113374,Road_River,25455,6025,2.1,5,4.59999999999999,CL_MINOR,492,5,,26.35,0,Inland,Low,1,Masonry_Arch
7260,54.8402182311515,-6.85930117573393,Road_River,25455,6026,1.5,5,12.8,CL_MINOR,492,5,,26.3,0,Inland,Low,1,Culvert
7261,54.8413870008953,-6.86078132621332,Road_River,25455,6027,3.6,5,22,CL_MINOR,492,5,,26.14,0,Inland,Low,1,Masonry_Arch
7262,54.5798754292083,-6.56616078641995,Road_River,25465,17159,2.1,5,4.09999999999999,CL_MINOR,567,5,,41.62,0,Inland,Low,1,Masonry_Arch
7263,54.237274331575,-6.37170146009245,Road_River,25478,12444,3.9,5,27,CL_MINOR,1014,5,,16.37,0,Inland,Low,1,Masonry_Arch
7264,54.131626706664,-6.25573999550865,Road_River,25481,12614,3.3,5,48.7,CL_MINOR,1014,5,,3.27,0,Coastal,Low,1,Masonry_Arch
7265,54.3803428178839,-6.21008737285939,Road_River,25482,11900,1.7,5,8.40000000000001,CL_MINOR,1014,5,,26.91,0,Inland,Low,1,Culvert
7266,55.1848989229549,-6.1671284515174,Road_River,25500,8068,2,5,3.09999999999999,CL_MINOR,604,5,,3.24,0,Coastal,Low,1,Masonry_Arch
7267,54.4137609517285,-5.86543973992386,Road_River,25505,11811,1.7,5,11.6,CL_MINOR,958,5,,12.51,0,Inland,Low,1,Culvert
7268,54.7404074605727,-6.090509931331,Road_River,25512,6593,10.6,5,34.2,CL_MINOR,679,5,,14.56,0,Inland,Low,2,RC_Slab
7269,54.2658073834506,-6.71473233300072,Road_River,25528,9364,1.6,5,19.9,CL_MINOR,1014,5,,34.06,0,Inland,Low,1,Culvert
7270,54.8410655775535,-5.85562080699615,Road_River,25529,11317,3.2,5,40.9,CL_MINOR,939,5,,2.52,0,Coastal,Low,1,Masonry_Arch
7271,54.8424358891238,-5.85211283601529,Road_River,25529,11320,1.4,5,36.2,CL_MINOR,939,5,,2.27,0,Coastal,Low,1,Culvert
7272,54.6135889095697,-5.92006703422219,Road_River,25544,12263,2.3,5,11.5,CL_M_OVER,507,5,,0.13,0,Marine,Low,1,Masonry_Arch
7273,54.4822187311182,-6.52229836348338,Road_River,25553,7380,4.3,5,0.799999999999997,CL_M_OVER,507,5,,40.87,0,Inland,Low,1,Masonry_Arch
7274,54.4687889491773,-6.40243322716124,Road_River,25556,7498,9.2,5,0.200000000000003,CL_M_OVER,367,5,,34.25,0,Inland,Low,2,RC_Slab
7275,55.160572034393,-6.67264881638338,Rail_River,25584,4423,2.3,10,9.90000000000001,UNSHOWN_RL,0,,,3.62,0,Coastal,Low,1,Rail_Bridge
7276,55.1510325453394,-6.66836141141112,Rail_River,25584,9902,11.1,10,19.4,UNSHOWN_RL,0,,,4.37,0,Coastal,Low,2,Rail_Bridge
7277,54.6806334882937,-6.22538828112191,Rail_River,25612,6771,5.8,10,40.4,UNSHOWN_RL,0,,,20.39,0,Inland,Medium,1,Rail_Bridge
7278,55.1271399080245,-6.65044368777189,Rail_River,25618,9877,8.2,10,27.3,UNSHOWN_RL,0,,,6.93,0,Inland,Low,2,Rail_Bridge
7279,55.0758131919419,-6.48693295163113,Rail_River,25623,4620,4.9,10,41.4,UNSHOWN_RL,0,,,16.01,0,Inland,Medium,1,Rail_Bridge
7280,55.0499046084896,-6.43173926658006,Rail_River,25624,4679,1.9,10,7.3,UNSHOWN_RL,0,,,19.84,0,Inland,Low,1,Rail_Bridge
7281,55.0465059506407,-6.42854324834207,Rail_River,25624,4679,8.7,10,67.1,UNSHOWN_RL,0,,,20.27,0,Inland,Medium,2,Rail_Bridge
7282,54.9377284900786,-6.35289322786665,Rail_River,25626,5279,1.5,10,23,UNSHOWN_RL,0,,,23.47,0,Inland,Low,1,Rail_Bridge
7283,54.8826404637084,-6.33789696479806,Rail_River,25627,5682,3.5,10,46.1,UNSHOWN_RL,0,,,25.09,0,Inland,Low,1,Rail_Bridge
7284,54.7604395388534,-5.71819704254385,Rail_River,25700,8189,4,10,53,UNSHOWN_RL,0,,,1.01,0,Coastal,Low,1,Rail_Bridge
7285,55.0115685783444,-7.2878477063569,Rail_River,25707,3153,1.7,10,0.200000000000003,CL_RAIL,0,,,4.1,0,Inland,Low,1,Rail_Bridge
7286,55.0735127481779,-7.00246946890698,Rail_River,25709,4391,1.6,10,12.4,CL_RAIL,0,,,0.82,0,Marine,Low,1,Rail_Bridge
7287,55.0476021996728,-7.05943139860851,Rail_River,25709,4392,4.4,10,7.8,CL_RAIL,0,,,0.01,0,Marine,Low,1,Rail_Bridge
7288,55.0543461697435,-7.03795233869705,Rail_River,25709,4394,4.1,10,0.299999999999997,CL_RAIL,0,,,0.42,0,Marine,Low,1,Rail_Bridge
7289,55.0516169011866,-7.04336839186216,Rail_River,25709,4395,2.9,10,20.7,CL_RAIL,0,,,0.01,0,Marine,Low,1,Rail_Bridge
7290,55.0445851721846,-7.08699490477521,Rail_River,25709,4396,3,10,3.09999999999999,CL_RAIL,0,,,0.01,0,Marine,Low,1,Rail_Bridge
7291,55.0452065239479,-7.07941842267234,Rail_River,25709,4401,3.4,10,9.90000000000001,CL_RAIL,0,,,0.12,0,Marine,Low,1,Rail_Bridge
7292,55.0717925368899,-7.0053855559328,Rail_River,25709,4408,1.7,10,1.40000000000001,CL_RAIL,0,,,0.74,0,Marine,Low,1,Rail_Bridge
7293,55.0722340588989,-7.00452547303876,Rail_River,25709,4409,5.4,10,19.2,CL_RAIL,0,,,0.77,0,Marine,Low,1,Rail_Bridge
7294,55.1644926709686,-6.85157584229645,Rail_River,25710,3181,9.4,10,10.6,CL_RAIL,0,,,0.08,0,Coastal,Low,2,Rail_Bridge
7295,55.16364408571,-6.85602394061669,Rail_River,25710,3184,15.6,10,68.4,CL_RAIL,0,,,0.31,0,Coastal,High,3,Rail_Bridge
7296,55.1628450352546,-6.85947106963573,Rail_River,25710,3184,5,10,6.3,CL_RAIL,0,,,0.43,0,Coastal,Low,1,Rail_Bridge
7297,55.1625054350769,-6.86090618362653,Rail_River,25710,3184,5,10,29.5,CL_RAIL,0,,,0.47,0,Coastal,Low,1,Rail_Bridge
7298,55.1501813784006,-6.89549569363503,Rail_River,25710,3187,2,10,0.5,CL_RAIL,0,,,2.19,0,Coastal,Low,1,Rail_Bridge
7299,55.1603130071748,-6.86965502764073,Rail_River,25710,3189,31.3,10,75,CL_RAIL,0,,,0.74,0,Coastal,High,6,Rail_Bridge
7300,55.1598418430191,-6.87159713721136,Rail_River,25710,3190,4.1,10,4.40000000000001,CL_RAIL,0,,,0.81,0,Coastal,Low,1,Rail_Bridge
7301,55.166736572812,-6.81916682710584,Rail_River,25710,4377,10.9,10,21.8,CL_RAIL,0,,,0.01,0,Coastal,Low,2,Rail_Bridge
7302,55.1415488474947,-6.91814755880731,Rail_River,25710,4381,3,10,51.2,CL_RAIL,0,,,3.32,0,Coastal,Medium,1,Rail_Bridge
7303,55.1355480988859,-6.93261829156384,Rail_River,25710,4383,1,10,11.9,CL_RAIL,0,,,2.63,0,Coastal,Low,1,Rail_Bridge
7304,55.1252204304732,-6.95481894554618,Rail_River,25710,4385,2.5,10,33.5,CL_RAIL,0,,,1.7,0,Coastal,Low,1,Rail_Bridge
7305,55.1322392059358,-6.93974701641594,Rail_River,25710,4386,3.3,10,25,CL_RAIL,0,,,2.32,0,Coastal,Low,1,Rail_Bridge
7306,55.1217513254098,-6.96223585977604,Rail_River,25710,4387,2.7,10,49.1,CL_RAIL,0,,,1.42,0,Coastal,Low,1,Rail_Bridge
7307,55.1285595837499,-6.94768822616045,Rail_River,25710,4388,3.2,10,39.3,CL_RAIL,0,,,1.98,0,Coastal,Low,1,Rail_Bridge
7308,55.0358971609094,-7.21758060843416,Rail_River,25711,3391,2.2,10,48.5,CL_RAIL,0,,,1.68,0,Coastal,Low,1,Rail_Bridge
7309,55.0386277461187,-7.19723269992107,Rail_River,25711,3448,3.1,10,35,CL_RAIL,0,,,2.16,0,Coastal,Low,1,Rail_Bridge
7310,55.051757160574,-7.21318564822623,Rail_River,25711,4393,2.9,10,7.40000000000001,CL_RAIL,0,,,0.43,0,Coastal,Low,1,Rail_Bridge
7311,55.0423405805158,-7.11899355670585,Rail_River,25711,4398,3.8,10,6.7,CL_RAIL,0,,,0.04,0,Coastal,Low,1,Rail_Bridge
7312,55.0414735341084,-7.13015916289138,Rail_River,25711,4399,2.1,10,1,CL_RAIL,0,,,0.04,0,Coastal,Low,1,Rail_Bridge
7313,55.0501791480647,-7.1794542315548,Rail_River,25711,4400,1.2,10,30.8,CL_RAIL,0,,,1.17,0,Coastal,Low,1,Rail_Bridge
7314,55.0407323744527,-7.18154932748917,Rail_River,25711,4400,2.1,10,52.5,CL_RAIL,0,,,2.22,0,Coastal,Low,1,Rail_Bridge
7315,55.0453794115776,-7.146920308789,Rail_River,25711,4403,2.6,10,43,CL_RAIL,0,,,0.1,0,Coastal,Low,1,Rail_Bridge
7316,55.0454068217661,-7.14689302029276,Rail_River,25711,4403,2.1,10,10.6,CL_RAIL,0,,,0.1,0,Coastal,Low,1,Rail_Bridge
7317,55.0454740084479,-7.14682613189771,Rail_River,25711,4403,2.7,10,18.9,CL_RAIL,0,,,0.09,0,Coastal,Low,1,Rail_Bridge
7318,55.0441702757003,-7.09187589867127,Rail_River,25711,17272,4.7,10,22.7,CL_RAIL,0,,,0.09,0,Coastal,Low,1,Rail_Bridge
7319,55.1652395350829,-6.78737989938801,Rail_River,25713,4376,1.3,10,17.2,CL_RAIL,0,,,0.24,0,Coastal,Low,1,Rail_Bridge
7320,55.1605063522956,-6.77252359957161,Rail_River,25713,9873,2,10,33.8,CL_RAIL,0,,,0.5,0,Coastal,Low,1,Rail_Bridge
7321,55.1526611825681,-6.69787621665995,Rail_River,25713,9874,1.6,10,20,CL_RAIL,0,,,2.76,0,Coastal,Low,1,Rail_Bridge
7322,55.1450822067317,-6.68103088270155,Rail_River,25713,9875,1.1,10,7.09999999999999,CL_RAIL,0,,,4.13,0,Coastal,Low,1,Rail_Bridge
7323,55.1559247472134,-6.71994092772114,Rail_River,25713,9886,2.6,10,25.9,CL_RAIL,0,,,1.72,0,Coastal,Low,1,Rail_Bridge
7324,55.1561881918853,-6.72497473111704,Rail_River,25713,9901,3,10,25.1,CL_RAIL,0,,,1.62,0,Coastal,Low,1,Rail_Bridge
7325,55.1370092388359,-6.66547191668143,Rail_River,25713,9903,3.2,10,50.1,CL_RAIL,0,,,5.47,0,Coastal,Low,1,Rail_Bridge
7326,55.153098195543,-6.70661265079582,Rail_River,25713,9904,2,10,12,CL_RAIL,0,,,2.37,0,Coastal,Low,1,Rail_Bridge
7327,55.1367280236054,-6.6644953307765,Rail_River,25714,9903,2.3,10,66.5,CL_RAIL,0,,,5.54,0,Inland,Low,1,Rail_Bridge
7328,55.1984387160327,-6.65698585408242,Rail_River,25715,11255,9.5,10,15.2,CL_RAIL,0,,,0.11,0,Coastal,Low,2,Rail_Bridge
7329,55.1948826468499,-6.68032773812793,Rail_River,25715,11256,1.7,10,29.7,CL_RAIL,0,,,0.31,0,Coastal,Low,1,Rail_Bridge
7330,54.0856620272821,-6.39346054766746,Rail_River,25717,13395,2,10,45.2,CL_RAIL,0,,,8.38,0,Inland,Low,1,Rail_Bridge
7331,54.0743857178594,-6.38433254644162,Rail_River,25718,13524,3,10,19,CL_RAIL,0,,,8.2,0,Inland,Low,1,Rail_Bridge
7332,54.1258724114441,-6.3661121344625,Rail_River,25720,12615,4.5,10,41.7,CL_RAIL,0,,,6.88,0,Inland,Medium,1,Rail_Bridge
7333,54.1168106396188,-6.38052271567624,Rail_River,25720,13147,10.5,10,7.8,CL_RAIL,0,,,7.48,0,Inland,Low,1,Rail_Bridge
7334,54.1292950090902,-6.35381029744589,Rail_River,25721,12617,2,10,19.5,CL_RAIL,0,,,6.32,0,Inland,Low,1,Rail_Bridge
7335,54.2058949047598,-6.36903719623228,Rail_River,25727,12507,1,10,15.6,CL_RAIL,0,,,13.19,0,Inland,Low,1,Rail_Bridge
7336,54.1929189101366,-6.36622782301402,Rail_River,25727,12738,10.9,10,17.9,CL_RAIL,0,,,11.86,0,Inland,Low,2,Rail_Bridge
7337,54.1836844990566,-6.36168054449451,Rail_River,25727,13460,1.4,10,15.2,CL_RAIL,0,,,10.85,0,Inland,Low,1,Rail_Bridge
7338,54.3067849199793,-6.36919463572693,Rail_River,25730,12354,4,10,7.40000000000001,CL_RAIL,0,,,23.57,0,Inland,Low,1,Rail_Bridge
7339,54.2904542868446,-6.37149962048128,Rail_River,25730,12361,2.2,10,17.2,CL_RAIL,0,,,21.88,0,Inland,Low,1,Rail_Bridge
7340,54.2478987758488,-6.37289033982577,Rail_River,25730,12408,2.2,10,25.2,CL_RAIL,0,,,17.48,0,Inland,Low,1,Rail_Bridge
7341,54.2307372895644,-6.36795288170555,Rail_River,25730,12439,2,10,36.6,CL_RAIL,0,,,15.61,0,Inland,Low,1,Rail_Bridge
7342,54.2372169479264,-6.37119980342566,Rail_River,25730,12444,1.9,10,26,CL_RAIL,0,,,16.35,0,Inland,Low,1,Rail_Bridge
7343,54.2433227578746,-6.37307069010003,Rail_River,25730,12445,3.3,10,36.1,CL_RAIL,0,,,17.02,0,Inland,Low,1,Rail_Bridge
7344,54.2933047108758,-6.37186754758835,Rail_River,25730,13455,3.6,10,12.3,CL_RAIL,0,,,22.19,0,Inland,Low,1,Rail_Bridge
7345,54.2646053346997,-6.36341024639654,Rail_River,25730,13458,20.9,10,51.1,CL_RAIL,0,,,18.99,0,Inland,High,4,Rail_Bridge
7346,54.2710001794688,-6.36230699422303,Rail_River,25730,13458,12.8,10,33.5,CL_RAIL,0,,,19.64,0,Inland,High,3,Rail_Bridge
7347,54.2643000919012,-6.36339070271211,Rail_River,25730,13467,9.7,10,52.2,CL_RAIL,0,,,18.96,0,Inland,Medium,2,Rail_Bridge
7348,54.2716345167638,-6.36208347043817,Rail_River,25730,13468,13.1,10,31.3,CL_RAIL,0,,,19.7,0,Inland,Low,3,Rail_Bridge
7349,54.3523055193614,-6.37541829133165,Rail_River,25732,9858,2.5,10,29.9,CL_RAIL,0,,,28.55,0,Inland,Low,1,Rail_Bridge
7350,54.3723669943517,-6.38996715442994,Rail_River,25733,7958,3.5,10,34,CL_RAIL,0,,,30.94,0,Inland,Low,1,Rail_Bridge
7351,54.3924581604176,-6.40051728526525,Rail_River,25733,7967,2.5,10,3.3,CL_RAIL,0,,,33.27,0,Inland,Low,1,Rail_Bridge
7352,54.3705820945349,-6.38880500457331,Rail_River,25733,8295,16.1,10,39.2,CL_RAIL,0,,,30.73,0,Inland,High,3,Rail_Bridge
7353,54.339793223505,-6.36619146979655,Rail_River,25734,9850,1.7,10,5,CL_RAIL,0,,,27.06,0,Inland,Low,1,Rail_Bridge
7354,54.4158245995612,-6.44347776956104,Rail_River,25735,7671,8.9,10,2.2,CL_RAIL,0,,,36.55,0,Inland,Low,2,Rail_Bridge
7355,54.3955682729679,-6.40450848140721,Rail_River,25735,7968,2,10,1.2,CL_RAIL,0,,,33.67,0,Inland,Low,1,Rail_Bridge
7356,54.3996730295557,-6.42029070726499,Rail_River,25735,7970,3.5,10,1.5,CL_RAIL,0,,,34.39,0,Inland,Low,1,Rail_Bridge
7357,54.4278152592201,-6.44064054651747,Rail_River,25737,7670,32.7,10,34.8,CL_RAIL,0,,,37.76,0,Inland,High,2,Rail_Bridge
7358,54.5897782618718,-6.21625284833553,Rail_River,25742,7064,7.5,10,7.5,CL_RAIL,0,,,19.04,0,Inland,Low,2,Rail_Bridge
7359,54.5843162203174,-6.2140114266244,Rail_River,25742,7104,3,10,38.5,CL_RAIL,0,,,18.94,0,Inland,Low,1,Rail_Bridge
7360,54.6307021952399,-6.22695154822538,Rail_River,25744,6960,2.8,10,20.5,CL_RAIL,0,,,19.95,0,Inland,Low,1,Rail_Bridge
7361,54.623274228543,-6.21285296960836,Rail_River,25745,6959,9.9,10,38.6,CL_RAIL,0,,,18.93,0,Inland,Low,1,Rail_Bridge
7362,54.624586444424,-6.21395515704623,Rail_River,25745,6961,2,10,42.1,CL_RAIL,0,,,19.02,0,Inland,Low,1,Rail_Bridge
7363,54.6423069115806,-6.2408551847834,Rail_River,25746,6892,5.8,10,73.2,CL_RAIL,0,,,20.97,0,Inland,Low,1,Rail_Bridge
7364,54.6621569086941,-6.23830178828781,Rail_River,25747,6828,1.6,10,23.3,CL_RAIL,0,,,20.92,0,Inland,Low,1,Rail_Bridge
7365,54.707067679881,-6.21659694132513,Rail_River,25752,6722,2.5,10,21.5,CL_RAIL,0,,,20.61,0,Inland,Low,1,Rail_Bridge
7366,54.707446071821,-6.21602589119449,Rail_River,25752,6723,22.8,10,10.7,CL_RAIL,0,,,20.58,0,Inland,Medium,1,Rail_Bridge
7367,55.1300974764777,-6.65738661880029,Rail_River,25754,9877,6.6,10,36.5,CL_RAIL,0,,,6.38,0,Inland,Low,2,Rail_Bridge
7368,55.1196040174553,-6.63130492321511,Rail_River,25755,4464,3,10,53.4,CL_RAIL,0,,,8.4,0,Inland,Low,1,Rail_Bridge
7369,55.1163052311534,-6.62609773739698,Rail_River,25755,4464,1.2,10,27.4,CL_RAIL,0,,,8.89,0,Inland,Low,1,Rail_Bridge
7370,55.1239967678989,-6.64275298337245,Rail_River,25755,4467,11.4,10,3.59999999999999,CL_RAIL,0,,,7.53,0,Inland,Low,2,Rail_Bridge
7371,55.121834130752,-6.63713465498207,Rail_River,25755,4469,2,10,7.5,CL_RAIL,0,,,7.96,0,Inland,Low,1,Rail_Bridge
7372,55.1072609329468,-6.61556368989266,Rail_River,25756,4498,5.4,10,11.2,CL_RAIL,0,,,10.08,0,Inland,Low,1,Rail_Bridge
7373,55.1020355902473,-6.6128909893859,Rail_River,25756,4499,3.7,10,5.2,CL_RAIL,0,,,10.61,0,Inland,Low,1,Rail_Bridge
7374,55.0957982442069,-6.61148660526971,Rail_River,25756,4502,2.9,10,42.3,CL_RAIL,0,,,11.18,0,Inland,Low,1,Rail_Bridge
7375,55.0779136134484,-6.58779343058538,Rail_River,25757,4554,2.6,10,10.8,CL_RAIL,0,,,13.68,0,Inland,Low,1,Rail_Bridge
7376,55.0764766825049,-6.58246997277969,Rail_River,25757,4556,1.8,10,7.8,CL_RAIL,0,,,14.03,0,Inland,Low,1,Rail_Bridge
7377,55.0780736915487,-6.58833151290384,Rail_River,25757,4564,0.9,10,13.5,CL_RAIL,0,,,13.64,0,Inland,Low,1,Rail_Bridge
7378,55.0651512823143,-6.53826240306281,Rail_River,25757,4627,16.1,10,13.1,CL_RAIL,0,,,16.17,0,Inland,High,3,Rail_Bridge
7379,55.0643971744041,-6.52293720742824,Rail_River,25757,4627,65.7,10,69.3,CL_RAIL,0,,,16.49,0,Inland,High,11,Rail_Bridge
7380,55.0738034961523,-6.5668079692041,Rail_River,25757,9866,3.1,10,23,CL_RAIL,0,,,14.86,0,Inland,Low,1,Rail_Bridge
7381,55.0740913506688,-6.45411005408641,Rail_River,25758,4611,6.3,10,40.5,CL_RAIL,0,,,16.82,0,Inland,Medium,2,Rail_Bridge
7382,55.0647322524032,-6.44628715254674,Rail_River,25758,4611,16,10,49.2,CL_RAIL,0,,,17.97,0,Inland,Medium,3,Rail_Bridge
7383,55.0606778524806,-6.44106145785688,Rail_River,25758,4612,10.1,10,22.9,CL_RAIL,0,,,18.51,0,Inland,Low,2,Rail_Bridge
7384,55.0562708217837,-6.43636250760866,Rail_River,25758,4679,6.6,10,64.3,CL_RAIL,0,,,19.08,0,Inland,Medium,2,Rail_Bridge
7385,55.0541342574263,-6.43509195372726,Rail_River,25758,4679,5.2,10,53.5,CL_RAIL,0,,,19.33,0,Inland,Medium,1,Rail_Bridge
7386,55.0734452726998,-6.49991722610951,Rail_River,25760,4622,35.7,10,58.9,CL_RAIL,0,,,15.99,0,Inland,High,6,Rail_Bridge
7387,55.0428058401687,-6.42625337086511,Rail_River,25761,4679,4.3,10,37.9,CL_RAIL,0,,,20.71,0,Inland,Low,1,Rail_Bridge
7388,55.030872565479,-6.41723164824831,Rail_River,25761,4792,4,10,30,CL_RAIL,0,,,22.15,0,Inland,Low,1,Rail_Bridge
7389,55.0024953137824,-6.37954897144247,Rail_River,25761,5021,2.8,10,42.5,CL_RAIL,0,,,21.71,0,Inland,Medium,1,Rail_Bridge
7390,54.9688841348027,-6.36552347870598,Rail_River,25762,5070,2.4,10,6.3,CL_RAIL,0,,,22.33,0,Inland,Low,1,Rail_Bridge
7391,54.9581928614176,-6.35721197553619,Rail_River,25762,5167,1.6,10,36,CL_RAIL,0,,,22.44,0,Inland,Low,1,Rail_Bridge
7392,54.9519330438471,-6.35359331865019,Rail_River,25762,5280,32.1,10,6.5,CL_RAIL,0,,,22.62,0,Inland,High,2,Rail_Bridge
7393,54.9229335836903,-6.36071000138068,Rail_River,25763,2689,2.2,10,7,CL_RAIL,0,,,24.8,0,Inland,Low,1,Rail_Bridge
7394,54.9314754134272,-6.35677666790039,Rail_River,25763,5278,3.6,10,50,CL_RAIL,0,,,24.09,0,Inland,Medium,1,Rail_Bridge
7395,54.9094771333458,-6.35692083945375,Rail_River,25763,5373,1.5,10,3.2,CL_RAIL,0,,,25.03,0,Inland,Low,1,Rail_Bridge
7396,54.8721493163891,-6.31002559791881,Rail_River,25764,5681,3.1,10,34.3,CL_RAIL,0,,,24.05,0,Inland,Low,1,Rail_Bridge
7397,54.8561134785591,-6.27953917718099,Rail_River,25765,5675,8.3,10,9,CL_RAIL,0,,,23.4,0,Inland,Low,2,Rail_Bridge
7398,54.8617541082423,-6.28041440986809,Rail_River,25765,5676,17.7,10,11.4,CL_RAIL,0,,,23.08,0,Inland,High,3,Rail_Bridge
7399,54.86878981633,-6.29261681050871,Rail_River,25765,5680,1.8,10,3.40000000000001,CL_RAIL,0,,,23.29,0,Inland,Low,1,Rail_Bridge
7400,54.8623640414445,-6.2813321572004,Rail_River,25765,5782,2.5,10,6,CL_RAIL,0,,,23.09,0,Inland,Low,1,Rail_Bridge
7401,54.8381910453056,-6.29426407334281,Rail_River,25767,5909,1.6,10,20.9,CL_RAIL,0,,,25.37,0,Inland,Low,1,Rail_Bridge
7402,54.8195008207352,-6.29728021106747,Rail_River,25768,6134,4.5,10,6.09999999999999,CL_RAIL,0,,,26.86,0,Inland,Low,1,Rail_Bridge
7403,54.8122834059596,-6.29842981785091,Rail_River,25768,6135,18.4,10,18.1,CL_RAIL,0,,,27.46,0,Inland,High,4,Rail_Bridge
7404,54.8094322492949,-6.29888395678351,Rail_River,25768,6213,2.9,10,38.3,CL_RAIL,0,,,27.7,0,Inland,Low,1,Rail_Bridge
7405,54.7950711739787,-6.29808833681075,Rail_River,25768,6219,15.7,10,53.3,CL_RAIL,0,,,28.79,0,Inland,Medium,3,Rail_Bridge
7406,54.7894546694663,-6.29390113340827,Rail_River,25768,6220,24.5,10,65,CL_RAIL,0,,,28.68,0,Inland,High,1,Rail_Bridge
7407,54.7541388036412,-6.26753902699394,Rail_River,25769,6368,3.1,10,42.1,CL_RAIL,0,,,25.53,0,Inland,Medium,1,Rail_Bridge
7408,54.7467486038465,-6.26162612091769,Rail_River,25769,6466,1.6,10,25.6,CL_RAIL,0,,,24.89,0,Inland,Low,1,Rail_Bridge
7409,54.7870631341631,-6.29209179401252,Rail_River,25770,6220,29.9,10,71,CL_RAIL,0,,,28.46,0,Inland,High,5,Rail_Bridge
7410,54.7740487366119,-6.28227818416255,Rail_River,25770,6377,4.3,10,61.4,CL_RAIL,0,,,27.27,0,Inland,Medium,1,Rail_Bridge
7411,54.7383600585508,-6.23651179464876,Rail_River,25771,6602,4,10,8,CL_RAIL,0,,,23.05,0,Inland,Low,1,Rail_Bridge
7412,54.7355934751002,-6.22854804357785,Rail_River,25771,6603,5.4,10,8.09999999999999,CL_RAIL,0,,,22.47,0,Inland,Low,1,Rail_Bridge
7413,54.7238360346191,-6.21643076217855,Rail_River,25771,6677,5.4,10,36,CL_RAIL,0,,,21.28,0,Inland,Low,1,Rail_Bridge
7414,54.5570453893841,-6.21509749140412,Rail_River,25784,7135,2.4,10,20.9,CL_RAIL,0,,,19.52,0,Inland,Low,1,Rail_Bridge
7415,54.5397745161931,-6.18999280889398,Rail_River,25785,7134,1.2,10,6.90000000000001,CL_RAIL,0,,,18.55,0,Inland,Low,1,Rail_Bridge
7416,54.5351405639929,-6.16818701291837,Rail_River,25786,7164,2.6,10,20.6,CL_RAIL,0,,,17.45,0,Inland,Low,1,Rail_Bridge
7417,54.5205062694637,-6.12655594140192,Rail_River,25788,8590,3.2,10,35.1,CL_RAIL,0,,,15.88,0,Inland,Low,1,Rail_Bridge
7418,54.510148394013,-6.09571315601786,Rail_River,25789,11684,4,10,37.8,CL_RAIL,0,,,15.01,0,Inland,Low,1,Rail_Bridge
7419,54.4492144658472,-6.40666674986368,Rail_River,25790,7455,1.6,10,6.2,CL_RAIL,0,,,35.46,0,Inland,Low,1,Rail_Bridge
7420,54.4560925967229,-6.38774832956476,Rail_River,25790,7496,7.7,10,12.7,CL_RAIL,0,,,34.03,0,Inland,Low,1,Rail_Bridge
7421,54.4632109363794,-6.35794680938794,Rail_River,25791,7444,2.2,10,12,CL_RAIL,0,,,31.96,0,Inland,Low,1,Rail_Bridge
7422,54.4693188275991,-6.33139770655929,Rail_River,25792,7368,2.4,10,20.3,CL_RAIL,0,,,30.13,0,Inland,Low,1,Rail_Bridge
7423,54.4656085605929,-6.34631470968889,Rail_River,25792,7491,2.1,10,41.7,CL_RAIL,0,,,31.18,0,Inland,Medium,1,Rail_Bridge
7424,54.4845845386673,-6.29876827671909,Rail_River,25793,7331,4.4,10,6.3,CL_RAIL,0,,,27.48,0,Inland,Low,1,Rail_Bridge
7425,54.4811089311008,-6.30632145396621,Rail_River,25793,7370,2.7,10,3,CL_RAIL,0,,,28.09,0,Inland,Low,1,Rail_Bridge
7426,54.4913974570456,-6.23876488392583,Rail_River,25796,7328,2.4,10,19.7,CL_RAIL,0,,,23.73,0,Inland,Low,1,Rail_Bridge
7427,54.4942570867902,-6.19568175472522,Rail_River,25796,11736,4,10,47.8,CL_RAIL,0,,,21.21,0,Inland,Low,1,Rail_Bridge
7428,54.4954272015067,-6.18647920603987,Rail_River,25797,11740,4.1,10,64.5,CL_RAIL,0,,,20.64,0,Inland,Low,1,Rail_Bridge
7429,54.5070760170676,-6.09324658492319,Rail_River,25798,11684,1.9,10,4.40000000000001,CL_RAIL,0,,,15.12,0,Inland,Low,1,Rail_Bridge
7430,54.5044021918725,-6.11020747793428,Rail_River,25798,11685,3.1,10,20.8,CL_RAIL,0,,,16.13,0,Inland,Low,1,Rail_Bridge
7431,54.5528195920037,-6.00376755040145,Rail_River,25800,11619,86.4,10,75,CL_RAIL,0,,,7.44,0,Inland,High,15,Rail_Bridge
7432,54.547224893512,-6.01235000000789,Rail_River,25801,11651,9.4,10,0.299999999999997,CL_RAIL,0,,,8.27,0,Inland,Low,1,Rail_Bridge
7433,54.6140750162491,-5.9216899054685,Rail_River,25808,12263,4.6,10,26.5,CL_RAIL,0,,,0.24,0,Marine,Low,1,Rail_Bridge
7434,54.6564918592225,-5.90911962158524,Rail_River,25811,12251,3.8,10,5.90000000000001,CL_RAIL,0,,,0.3,0,Marine,Low,1,Rail_Bridge
7435,54.6514533191622,-5.91286683604929,Rail_River,25811,12252,2,10,3.40000000000001,CL_RAIL,0,,,0.18,0,Marine,Low,1,Rail_Bridge
7436,54.7141776824191,-6.011537930113,Rail_River,25815,6663,2.8,10,35.1,CL_RAIL,0,,,8.69,0,Inland,Low,1,Rail_Bridge
7437,54.7130586616838,-6.00809396788476,Rail_River,25815,6663,3.8,10,49,CL_RAIL,0,,,8.44,0,Inland,Medium,1,Rail_Bridge
7438,54.7147377246564,-6.05174852489875,Rail_River,25815,6664,2.6,10,24.1,CL_RAIL,0,,,11.02,0,Inland,Low,1,Rail_Bridge
7439,54.711087201299,-6.00365596949328,Rail_River,25815,6698,1.9,10,31.8,CL_RAIL,0,,,8.08,0,Inland,Low,1,Rail_Bridge
7440,54.7013098860284,-5.97943748803278,Rail_River,25816,11485,4.6,10,68,CL_RAIL,0,,,6.19,0,Inland,Medium,1,Rail_Bridge
7441,54.698931886199,-5.96443767309338,Rail_River,25817,11484,4.7,10,29.8,CL_RAIL,0,,,5.22,0,Coastal,Low,1,Rail_Bridge
7442,54.6960091867847,-5.94733860544832,Rail_River,25818,11483,10.8,10,75,CL_RAIL,0,,,4.13,0,Coastal,Medium,2,Rail_Bridge
7443,54.6963011724998,-5.94856695138538,Rail_River,25818,11483,7.8,10,75,CL_RAIL,0,,,4.21,0,Coastal,Medium,2,Rail_Bridge
7444,54.6934917073582,-5.9191381594572,Rail_River,25819,11474,1,10,22.2,CL_RAIL,0,,,2.58,0,Coastal,Low,1,Rail_Bridge
7445,54.6939920546034,-5.92343020844977,Rail_River,25819,11481,2.3,10,25.4,CL_RAIL,0,,,2.81,0,Coastal,Low,1,Rail_Bridge
7446,54.6946577186316,-5.93804414783649,Rail_River,25819,11482,1.6,10,5.40000000000001,CL_RAIL,0,,,3.56,0,Coastal,Low,1,Rail_Bridge
7447,54.692408666483,-5.91393998416307,Rail_River,25820,11477,1.6,10,1.5,CL_RAIL,0,,,2.26,0,Coastal,Low,1,Rail_Bridge
7448,54.6835363171773,-5.90229100292481,Rail_River,25821,11492,3.7,10,40.1,CL_RAIL,0,,,1.03,0,Coastal,Medium,1,Rail_Bridge
7449,54.6812170882119,-5.90226821787135,Rail_River,25821,12242,8.3,10,10.5,CL_RAIL,0,,,0.84,0,Coastal,Low,1,Rail_Bridge
7450,54.6985342863299,-6.15044007275026,Rail_River,25827,6704,2.5,10,14.7,CL_RAIL,0,,,16.27,0,Inland,Low,1,Rail_Bridge
7451,54.6972486391913,-6.14356032133473,Rail_River,25827,6706,2.3,10,40.1,CL_RAIL,0,,,15.81,0,Inland,Low,1,Rail_Bridge
7452,54.6971100385947,-6.14281735059347,Rail_River,25827,6709,25.4,10,45.8,CL_RAIL,0,,,15.76,0,Inland,High,5,Rail_Bridge
7453,54.7021428611959,-6.0904012498653,Rail_River,25827,6766,1.3,10,21,CL_RAIL,0,,,12.87,0,Inland,Low,1,Rail_Bridge
7454,54.6182566010366,-5.86384940624594,Rail_River,25831,11413,3.2,10,40.9,CL_RAIL,0,,,1.49,0,Coastal,Medium,1,Rail_Bridge
7455,54.6183513882716,-5.86375573956339,Rail_River,25831,11529,2.3,10,6.5,CL_RAIL,0,,,1.5,0,Coastal,Low,1,Rail_Bridge
7456,54.6208601716313,-5.86124332271796,Rail_River,25831,11530,1.9,10,0.799999999999997,CL_RAIL,0,,,1.43,0,Coastal,Low,1,Rail_Bridge
7457,54.6304036853332,-5.85093262338773,Rail_River,25832,11531,8.4,10,75,CL_RAIL,0,,,0.4,0,Marine,Low,2,Rail_Bridge
7458,54.6440691227627,-5.83302482159638,Rail_River,25832,12258,3.9,10,5.90000000000001,CL_RAIL,0,,,0.03,0,Marine,Low,1,Rail_Bridge
7459,54.6450660191005,-5.82708659721908,Rail_River,25832,12259,2.8,10,29.5,CL_RAIL,0,,,0.13,0,Marine,Low,1,Rail_Bridge
7460,54.6548427862243,-5.79498544332382,Rail_River,25839,12256,1.2,10,18.2,CL_RAIL,0,,,0.68,0,Marine,Low,1,Rail_Bridge
7461,54.6590799809638,-5.77548361049106,Rail_River,25839,12257,2.1,10,10.8,CL_RAIL,0,,,0.68,0,Marine,Low,1,Rail_Bridge
7462,54.6629656604266,-5.7634960223159,Rail_River,25841,12249,3.1,10,43.1,CL_RAIL,0,,,0.67,0,Marine,Low,1,Rail_Bridge
7463,54.660365275699,-5.76956223880847,Rail_River,25841,12250,2.2,10,3.8,CL_RAIL,0,,,0.67,0,Marine,Low,1,Rail_Bridge
7464,54.6628837196985,-5.72934233169714,Rail_River,25842,11496,3.4,10,9.59999999999999,CL_RAIL,0,,,0.65,0,Marine,Low,1,Rail_Bridge
7465,54.663429388778,-5.73277672950648,Rail_River,25842,11498,3.2,10,59.6,CL_RAIL,0,,,0.71,0,Marine,Medium,1,Rail_Bridge
7466,54.6628144588997,-5.69580210777625,Rail_River,25843,12246,1.4,10,24.6,CL_RAIL,0,,,0.37,0,Marine,Low,1,Rail_Bridge
7467,54.6657939740418,-5.70408855518548,Rail_River,25843,12248,1.6,10,23.3,CL_RAIL,0,,,0.16,0,Marine,Low,1,Rail_Bridge
7468,54.6574499358059,-5.69020894447864,Rail_River,25844,12245,2.5,10,34.8,CL_RAIL,0,,,0.83,0,Marine,Low,1,Rail_Bridge
7469,54.717571283614,-5.82163283762944,Rail_River,25846,11464,2.2,10,7.40000000000001,CL_RAIL,0,,,0.83,0,Marine,Low,1,Rail_Bridge
7470,54.7175764051299,-5.82871739369613,Rail_River,25846,11468,4.7,10,13,CL_RAIL,0,,,0.89,0,Marine,Low,1,Rail_Bridge
7471,54.7114033612297,-5.84714144101215,Rail_River,25846,11470,2.8,10,19.7,CL_RAIL,0,,,0.81,0,Marine,Low,1,Rail_Bridge
7472,54.7099897353977,-5.84960390747144,Rail_River,25846,12232,1.4,10,20.2,CL_RAIL,0,,,0.79,0,Marine,Low,1,Rail_Bridge
7473,54.7073986473684,-5.85472188798148,Rail_River,25846,12234,2.7,10,6.90000000000001,CL_RAIL,0,,,0.87,0,Marine,Low,1,Rail_Bridge
7474,54.6932557238019,-5.88608581955736,Rail_River,25846,12236,2.4,10,31.9,CL_RAIL,0,,,1.18,0,Marine,Low,1,Rail_Bridge
7475,54.7016185056882,-5.86951039391003,Rail_River,25846,12237,1.4,10,6.7,CL_RAIL,0,,,1.1,0,Marine,Low,1,Rail_Bridge
7476,54.7056433333397,-5.85919310754278,Rail_River,25846,12238,1.9,10,17.5,CL_RAIL,0,,,0.93,0,Marine,Low,1,Rail_Bridge
7477,54.6810902673892,-5.90138888967323,Rail_River,25846,12242,9.8,10,6.2,CL_RAIL,0,,,0.79,0,Marine,Low,2,Rail_Bridge
7478,54.6899218269379,-5.89147444502412,Rail_River,25846,12243,1.4,10,8.2,CL_RAIL,0,,,1.08,0,Marine,Low,1,Rail_Bridge
7479,54.7184842292875,-5.80253828582344,Rail_River,25847,12233,5.6,10,27.8,CL_RAIL,0,,,0.24,0,Marine,Low,1,Rail_Bridge
7480,54.725162023529,-5.75514882961119,Rail_River,25849,17274,3.2,10,14.2,CL_RAIL,0,,,0.01,0,Marine,Low,1,Rail_Bridge
7481,54.7238248300091,-5.77096475683168,Rail_River,25849,17275,2.2,10,1,CL_RAIL,0,,,0.05,0,Marine,Low,1,Rail_Bridge
7482,54.7701927182157,-5.72281909287722,Rail_River,25852,8188,1.6,10,21.7,CL_RAIL,0,,,0.17,0,Marine,Low,1,Rail_Bridge
7483,54.7721301862197,-5.72360544803369,Rail_River,25852,11421,2.7,10,5.40000000000001,CL_RAIL,0,,,0.09,0,Marine,Low,1,Rail_Bridge
7484,54.7746445898966,-5.72462675166827,Rail_River,25852,12226,2.9,10,33.1,CL_RAIL,0,,,0.01,0,Marine,Low,1,Rail_Bridge
7485,54.757631942636,-5.71391449849118,Rail_River,25854,8186,5.4,10,61.4,CL_RAIL,0,,,0.61,0,Marine,Low,1,Rail_Bridge
7486,54.75655547012,-5.71223222987383,Rail_River,25854,11438,1.6,10,3.59999999999999,CL_RAIL,0,,,0.45,0,Marine,Low,1,Rail_Bridge
7487,54.5940739692382,-5.93800711620577,Rail_River,25856,12269,11,10,33.2,CL_RAIL,0,,,1.24,0,Coastal,High,2,Rail_Bridge
7488,54.81575927261,-5.7768502881158,Rail_River,25857,12213,2.4,10,2.90000000000001,CL_RAIL,0,,,0.1,0,Marine,Low,1,Rail_Bridge
7489,54.8184878575477,-5.78509464367505,Rail_River,25857,12215,2.2,10,25,CL_RAIL,0,,,0.03,0,Marine,Low,1,Rail_Bridge
7490,54.7994493501249,-5.74298319476607,Rail_River,25857,12218,2.7,10,7.2,CL_RAIL,0,,,0.01,0,Marine,Low,1,Rail_Bridge
7491,54.8058576617738,-5.7487114223337,Rail_River,25857,12219,1.7,10,6.7,CL_RAIL,0,,,0.04,0,Marine,Low,1,Rail_Bridge
7492,54.8034159564939,-5.74694734813316,Rail_River,25857,12220,1.9,10,5,CL_RAIL,0,,,0,0,Marine,Low,1,Rail_Bridge
7493,54.8100486015963,-5.75279304838092,Rail_River,25857,12221,1.5,10,24.2,CL_RAIL,0,,,0.01,0,Marine,Low,1,Rail_Bridge
7494,54.8177736949585,-5.78290225019769,Rail_River,25857,12222,2.6,10,18.3,CL_RAIL,0,,,0.01,0,Marine,Low,1,Rail_Bridge
7495,54.7843031245333,-5.72957035823349,Rail_River,25857,12225,1.1,10,10.4,CL_RAIL,0,,,0,0,Marine,Low,1,Rail_Bridge
7496,54.8471463120003,-5.81738338196425,Rail_River,25857,16226,24.8,10,16.4,CL_RAIL,0,,,0,0,Marine,Medium,1,Rail_Bridge
7497,54.8275731850371,-5.80756205772361,Rail_River,25857,17240,7.7,10,15.9,CL_RAIL,0,,,0.03,0,Marine,Low,2,Rail_Bridge
7498,54.5680157480115,-5.97042534111895,Rail_River,25859,11613,2.7,10,18,CL_RAIL,0,,,4.73,0,Coastal,Low,1,Rail_Bridge
7499,54.6079356738501,-5.92433873257959,Road_Rail,6,NaN,26.1,26,67.5,MOTORWAY,44700,15,,0.45,1,Marine,N/A,2,Rail_Bridge
7500,54.605377378096,-5.92460175561583,Road_Rail,15,NaN,28.1,26,69.1,MOTORWAY,44700,15,,0.32,1,Marine,N/A,2,Rail_Bridge
7501,54.6461133303737,-5.9173240499948,Road_Rail,18,NaN,10.7,26,21.3,MOTORWAY,44700,15,,0.17,1,Marine,N/A,1,Rail_Bridge
7502,54.7089260371155,-6.06600673023334,Road_Rail,31,NaN,11,26,24.6,MOTORWAY,44700,15,,11.6,1,Inland,N/A,1,Rail_Bridge
7503,54.4914637364744,-6.27052229728916,Road_Rail,87,NaN,37.9,26,74.7,MOTORWAY,44700,15,,25.51,1,Inland,N/A,2,Rail_Bridge
7504,54.6467459919637,-5.91677177439109,Road_Rail,136,NaN,10.5,26,17.7,MOTORWAY,44700,15,,0.15,1,Marine,N/A,1,Rail_Bridge
7505,54.6462508550376,-5.9172040010631,Road_Rail,136,NaN,13.2,26,40.5,MOTORWAY,44700,15,,0.17,1,Marine,N/A,1,Rail_Bridge
7506,54.647119378667,-5.91644582266625,Road_Rail,137,NaN,12.1,26,34.4,MOTORWAY,44700,15,,0.16,1,Marine,N/A,1,Rail_Bridge
7507,54.7440466174732,-6.25768283680988,Road_Rail,164,NaN,12.7,26,38.2,MOTORWAY,44700,15,,24.55,1,Inland,N/A,1,Rail_Bridge
7508,55.074798252993,-6.49451035452854,Road_Rail,856,NaN,10.4,10,15.5,A_CLASS,10859,5,,15.98,1,Inland,N/A,1,Rail_Bridge
7509,55.1264930083091,-6.95211360894377,Road_Rail,1144,NaN,17.2,10,54.5,A_CLASS,7878,5,,1.79,1,Coastal,N/A,1,Rail_Bridge
7510,55.161765533424,-6.86385138086843,Road_Rail,1149,NaN,38.6,10,75,A_CLASS,6984,5,,0.57,1,Marine,N/A,2,Rail_Bridge
7511,55.1458017275284,-6.6669112464974,Road_Rail,1747,NaN,22.2,10,63.2,A_CLASS,16224,5,,4.78,1,Coastal,N/A,1,Rail_Bridge
7512,55.1378516895815,-6.66713712095557,Road_Rail,1750,NaN,10.1,10,8.40000000000001,A_CLASS,16224,5,,5.33,1,Inland,N/A,1,Rail_Bridge
7513,55.1272465015559,-6.65069546179878,Road_Rail,1755,NaN,10.2,10,12.5,A_CLASS,16224,5,,6.91,1,Inland,N/A,1,Rail_Bridge
7514,55.1968645223352,-6.6598424942318,Road_Rail,1770,NaN,13.2,10,40.7,A_CLASS,8475,5,,0.19,1,Marine,N/A,1,Rail_Bridge
7515,54.6631953959528,-5.90603704311546,Road_Rail,1796,NaN,21.4,10,62.1,A_CLASS,16224,5,,0.33,1,Marine,N/A,1,Rail_Bridge
7516,55.1563693434986,-6.67021277004362,Road_Rail,1808,NaN,10,10,1.40000000000001,A_CLASS,16224,5,,3.96,1,Coastal,N/A,1,Rail_Bridge
7517,55.111933189835,-6.62019469691889,Road_Rail,1881,NaN,27.9,10,69,A_CLASS,9071,5,,9.5,1,Inland,N/A,2,Rail_Bridge
7518,54.8430956306656,-5.81539757324191,Road_Rail,1911,NaN,29.6,10,70.3,A_CLASS,16224,5,,0.04,1,Marine,N/A,2,Rail_Bridge
7519,54.8369802113046,-5.81240853247499,Road_Rail,1911,NaN,29.5,10,70.2,A_CLASS,16224,5,,0.03,1,Marine,N/A,2,Rail_Bridge
7520,54.1855816445632,-6.36206664922172,Road_Rail,2068,NaN,10.2,10,11.3,A_CLASS,16224,5,,11.03,1,Inland,N/A,1,Rail_Bridge
7521,54.1759632713527,-6.36011331000163,Road_Rail,2082,NaN,38.6,10,75,A_CLASS,16224,5,,10.09,1,Inland,N/A,2,Rail_Bridge
7522,54.1520237372923,-6.34615201185189,Road_Rail,2111,NaN,12.1,10,34.4,A_CLASS,16224,5,,7.47,1,Inland,N/A,1,Rail_Bridge
7523,54.2431134468158,-6.37302100854385,Road_Rail,2119,NaN,16.1,10,51.6,A_CLASS,16224,5,,17,1,Inland,N/A,1,Rail_Bridge
7524,54.1314629307958,-6.34597388885668,Road_Rail,2156,NaN,16.1,10,51.7,A_CLASS,14436,5,,6,1,Inland,N/A,1,Rail_Bridge
7525,54.3629123944795,-6.38381761658481,Road_Rail,2218,NaN,11.3,10,27.5,A_CLASS,10263,5,,29.82,1,Inland,N/A,1,Rail_Bridge
7526,54.4187117782049,-6.44740578316031,Road_Rail,2235,NaN,11,10,24.5,A_CLASS,16224,5,,36.93,1,Inland,N/A,1,Rail_Bridge
7527,54.4431245985249,-6.4175302005299,Road_Rail,2273,NaN,34.8,10,73.3,A_CLASS,16224,5,,36.4,1,Inland,N/A,2,Rail_Bridge
7528,54.4222389582829,-6.44913426446045,Road_Rail,2313,NaN,10.1,10,7.8,A_CLASS,16224,5,,37.34,1,Inland,N/A,1,Rail_Bridge
7529,54.4671697267091,-6.33885762471932,Road_Rail,2347,NaN,10.4,10,15.5,A_CLASS,16224,5,,30.67,1,Inland,N/A,1,Rail_Bridge
7530,54.6231988658073,-6.21280808653189,Road_Rail,2397,NaN,11.6,10,30.8,A_CLASS,14734,5,,18.93,1,Inland,N/A,1,Rail_Bridge
7531,54.4925673608946,-6.20983975082799,Road_Rail,2462,NaN,10.2,10,10.1,A_CLASS,16224,5,,22.07,1,Inland,N/A,1,Rail_Bridge
7532,54.5435089575094,-6.20138677277221,Road_Rail,2475,NaN,10.5,10,18.5,A_CLASS,16224,5,,19.1,1,Inland,N/A,1,Rail_Bridge
7533,54.7078716786283,-6.21539132016266,Road_Rail,2499,NaN,11.1,10,25.7,A_CLASS,16224,5,,20.56,1,Inland,N/A,1,Rail_Bridge
7534,54.7069776448924,-6.19781298132478,Road_Rail,2499,NaN,12.9,10,39,A_CLASS,16224,5,,19.46,1,Inland,N/A,1,Rail_Bridge
7535,54.7373615268107,-6.23275085718665,Road_Rail,2501,NaN,12.4,10,36.3,A_CLASS,13541,5,,22.79,1,Inland,N/A,1,Rail_Bridge
7536,54.7133706595176,-6.20883876979656,Road_Rail,2506,NaN,10,10,5.40000000000001,A_CLASS,16224,5,,20.38,1,Inland,N/A,1,Rail_Bridge
7537,54.7132706348508,-6.20735651712588,Road_Rail,2506,NaN,12.2,10,34.9,A_CLASS,16224,5,,20.29,1,Inland,N/A,1,Rail_Bridge
7538,54.7048841687713,-6.1902418570452,Road_Rail,2538,NaN,10.3,10,14.5,A_CLASS,14734,5,,18.92,1,Inland,N/A,1,Rail_Bridge
7539,54.8636428695565,-6.28373068965665,Road_Rail,2687,NaN,10.7,10,21,A_CLASS,16224,5,,23.13,1,Inland,N/A,1,Rail_Bridge
7540,55.0465136030607,-6.42854845822069,Road_Rail,2727,NaN,19.2,10,58.7,A_CLASS,13840,5,,20.27,1,Inland,N/A,1,Rail_Bridge
7541,54.5134422808181,-6.04979483771383,Road_Rail,2998,NaN,11.3,10,28,A_CLASS,16224,5,,12.66,1,Inland,N/A,1,Rail_Bridge
7542,54.5155112716942,-6.0364312031198,Road_Rail,3006,NaN,11.6,10,30.7,A_CLASS,16224,5,,11.93,1,Inland,N/A,1,Rail_Bridge
7543,54.5130764684208,-6.05291638445376,Road_Rail,3016,NaN,10.3,10,14.6,A_CLASS,16224,5,,12.82,1,Inland,N/A,1,Rail_Bridge
7544,54.508299247531,-6.08530518282714,Road_Rail,3026,NaN,10,10,2.40000000000001,A_CLASS,16224,5,,14.65,1,Inland,N/A,1,Rail_Bridge
7545,54.6020233516222,-5.90490467010996,Road_Rail,3135,NaN,38.6,10,75,A_CLASS,16224,5,,0.6,1,Marine,N/A,2,Rail_Bridge
7546,54.5998515072903,-5.91661321023865,Road_Rail,3176,NaN,10.2,10,11.6,A_CLASS,16224,5,,0.2,1,Marine,N/A,1,Rail_Bridge
7547,54.5998427670694,-5.91661526563987,Road_Rail,3176,NaN,10.2,10,12.2,A_CLASS,16224,5,,0.19,1,Marine,N/A,1,Rail_Bridge
7548,54.5999341312484,-5.91450061547079,Road_Rail,3177,NaN,16.5,10,52.7,A_CLASS,16224,5,,0.33,1,Marine,N/A,1,Rail_Bridge
7549,54.6029596708699,-5.92183822415893,Road_Rail,3188,NaN,10.4,10,16,A_CLASS,16224,5,,0.05,1,Marine,N/A,1,Rail_Bridge
7550,54.6095630460354,-5.9228699608195,Road_Rail,3206,NaN,10.1,10,5.8,A_CLASS,16224,5,,0.33,1,Marine,N/A,1,Rail_Bridge
7551,54.5956210894098,-5.91749455804789,Road_Rail,3219,NaN,10,10,3.8,A_CLASS,16224,5,,0.48,1,Marine,N/A,1,Rail_Bridge
7552,54.5956318266077,-5.9174970676918,Road_Rail,3219,NaN,10,10,3.5,A_CLASS,16224,5,,0.48,1,Marine,N/A,1,Rail_Bridge
7553,54.6070948572097,-5.92476289023394,Road_Rail,3222,NaN,11.1,10,25.7,A_CLASS,16224,5,,0.42,1,Marine,N/A,1,Rail_Bridge
7554,54.569138461015,-5.96774797136415,Road_Rail,3281,NaN,10.5,10,18.1,A_CLASS,16224,5,,4.52,1,Coastal,N/A,1,Rail_Bridge
7555,54.6248276325447,-5.85695164463287,Road_Rail,3283,NaN,10,10,3.2,A_CLASS,16224,5,,0.94,1,Marine,N/A,1,Rail_Bridge
7556,54.5885978246053,-5.92441004380697,Road_Rail,3386,NaN,10.3,10,13.6,A_CLASS,16224,5,,1.25,1,Coastal,N/A,1,Rail_Bridge
7557,54.6041989071009,-5.92384829475788,Road_Rail,3396,NaN,11.6,10,30.4,A_CLASS,16224,5,,0.22,1,Marine,N/A,1,Rail_Bridge
7558,54.5880187878563,-5.93621893702412,Road_Rail,3404,NaN,19.2,10,58.6,A_CLASS,16224,5,,1.61,1,Coastal,N/A,1,Rail_Bridge
7559,54.6299013610945,-5.92082908367174,Road_Rail,3405,NaN,16.4,10,52.6,A_CLASS,16224,5,,0.92,1,Marine,N/A,1,Rail_Bridge
7560,54.5425508762053,-6.01730566746821,Road_Rail,3419,NaN,21.7,10,62.6,A_CLASS,16224,5,,8.86,1,Inland,N/A,1,Rail_Bridge
7561,54.6967738213023,-6.11333089423925,Road_Rail,3492,NaN,23.1,10,64.3,A_CLASS,13840,5,,13.99,1,Inland,N/A,1,Rail_Bridge
7562,54.7045384687956,-6.08056472256641,Road_Rail,3497,NaN,22.1,10,63,A_CLASS,16224,5,,12.33,1,Inland,N/A,1,Rail_Bridge
7563,54.7206416017148,-5.79208706450593,Road_Rail,3908,NaN,30,10,70.6,A_CLASS,13243,5,,0.04,1,Marine,N/A,2,Rail_Bridge
7564,54.6005610951981,-5.91691767054237,Road_Rail,4066,NaN,10.5,10,18.5,A_CLASS,16224,5,,0.16,1,Marine,N/A,1,Rail_Bridge
7565,54.600689213822,-5.9127270189889,Road_Rail,4069,NaN,15.9,10,50.9,A_CLASS,16224,5,,0.42,1,Marine,N/A,1,Rail_Bridge
7566,54.6061627775164,-5.92483407432227,Road_Rail,4071,NaN,16.2,10,52,A_CLASS,16224,5,,0.37,1,Marine,N/A,1,Rail_Bridge
7567,55.0162820373798,-7.28769547485564,Road_Rail,4110,NaN,21.1,10,61.7,DUAL_CARR,423,5,,3.61,0,Coastal,N/A,1,Rail_Bridge
7568,54.6171601201482,-5.86494407058179,Road_Rail,4273,NaN,22.3,10,63.4,DUAL_CARR,237,5,,1.43,0,Marine,N/A,1,Rail_Bridge
7569,54.6996376258227,-5.96888142873009,Road_Rail,4305,NaN,10.1,10,9.2,DUAL_CARR,507,5,,5.51,0,Inland,N/A,1,Rail_Bridge
7570,54.8481848954258,-5.81665028818432,Road_Rail,4355,NaN,10.1,10,7.2,DUAL_CARR,507,5,,0.05,0,Marine,N/A,1,Rail_Bridge
7571,54.6716865678449,-5.90459727299061,Road_Rail,4388,NaN,11,10,25,B_CLASS,4157,5,,0.43,1,Marine,N/A,1,Rail_Bridge
7572,54.694962740048,-5.9415410552296,Road_Rail,4399,NaN,10,10,0.0999999999999943,B_CLASS,4157,5,,3.76,1,Coastal,N/A,1,Rail_Bridge
7573,54.700793901319,-5.87161011292654,Road_Rail,4401,NaN,19.7,10,59.4,B_CLASS,2630,5,,1.11,1,Coastal,N/A,1,Rail_Bridge
7574,54.7015515718338,-6.09288363346992,Road_Rail,4435,NaN,10.6,10,18.8,B_CLASS,3546,5,,13,1,Inland,N/A,1,Rail_Bridge
7575,55.0705424345435,-6.5066374105751,Road_Rail,6645,NaN,14.4,10,46.2,B_CLASS,3928,5,,16.15,1,Inland,N/A,1,Rail_Bridge
7576,55.1346886904861,-6.6631164023714,Road_Rail,6683,NaN,16,10,51.3,B_CLASS,4157,5,,5.76,1,Inland,N/A,1,Rail_Bridge
7577,55.0733541357862,-6.45318254422377,Road_Rail,6707,NaN,15.2,10,48.9,B_CLASS,2477,5,,16.92,1,Inland,N/A,1,Rail_Bridge
7578,55.0648150200418,-6.51848476604195,Road_Rail,6721,NaN,13.2,10,40.6,B_CLASS,3928,5,,16.52,1,Inland,N/A,1,Rail_Bridge
7579,54.4163645119684,-6.44421899878835,Road_Rail,7010,NaN,13.2,10,40.8,B_CLASS,3699,5,,36.62,1,Inland,N/A,1,Rail_Bridge
7580,54.3310261425899,-6.36674455771223,Road_Rail,7060,NaN,10.2,10,10.3,B_CLASS,3623,5,,26.12,1,Inland,N/A,1,Rail_Bridge
7581,54.4267424495955,-6.44234904498757,Road_Rail,7075,NaN,11.2,10,26.7,B_CLASS,4157,5,,37.68,1,Inland,N/A,1,Rail_Bridge
7582,54.3944954108127,-6.40284733531727,Road_Rail,7086,NaN,10,10,1.5,B_CLASS,3623,5,,33.53,1,Inland,N/A,1,Rail_Bridge
7583,54.4649441810396,-6.34955378602823,Road_Rail,7094,NaN,11.7,10,30.9,B_CLASS,4157,5,,31.39,1,Inland,N/A,1,Rail_Bridge
7584,54.4732329763142,-6.32240612469728,Road_Rail,7174,NaN,23,10,64.3,B_CLASS,4157,5,,29.42,1,Inland,N/A,1,Rail_Bridge
7585,54.5894071202189,-6.21571649062775,Road_Rail,7242,NaN,10,10,0.200000000000003,B_CLASS,4157,5,,19.01,1,Inland,N/A,1,Rail_Bridge
7586,54.5996632371529,-6.22162305209767,Road_Rail,7250,NaN,11.8,10,32.2,B_CLASS,4157,5,,19.34,1,Inland,N/A,1,Rail_Bridge
7587,54.5293661490421,-6.14961263463752,Road_Rail,7266,NaN,10.8,10,22.1,B_CLASS,4157,5,,16.66,1,Inland,N/A,1,Rail_Bridge
7588,54.4920308840671,-6.21494463105871,Road_Rail,7271,NaN,13.6,10,42.4,B_CLASS,4157,5,,22.38,1,Inland,N/A,1,Rail_Bridge
7589,54.7297166870575,-6.22146319408597,Road_Rail,7353,NaN,10.7,10,21.4,B_CLASS,4157,5,,21.83,1,Inland,N/A,1,Rail_Bridge
7590,54.7661754134535,-6.27639487866582,Road_Rail,7391,NaN,10.1,10,7.3,B_CLASS,2935,5,,26.56,1,Inland,N/A,1,Rail_Bridge
7591,54.8837896316487,-6.33971337319799,Road_Rail,7500,NaN,20.9,10,61.5,B_CLASS,3394,5,,25.13,1,Inland,N/A,1,Rail_Bridge
7592,54.9531452225498,-6.35429194172879,Road_Rail,7518,NaN,10.6,10,19.5,B_CLASS,3012,5,,22.58,1,Inland,N/A,1,Rail_Bridge
7593,54.9831190223145,-6.36851888727158,Road_Rail,7531,NaN,38.6,10,75,B_CLASS,2095,5,,21.81,1,Inland,N/A,2,Rail_Bridge
7594,54.8502088860044,-6.28682340275264,Road_Rail,7542,NaN,19.9,10,59.8,B_CLASS,3699,5,,24.17,1,Inland,N/A,1,Rail_Bridge
7595,54.5110823603086,-6.0695438792394,Road_Rail,7885,NaN,17.8,10,55.8,B_CLASS,4157,5,,13.71,1,Inland,N/A,1,Rail_Bridge
7596,54.5279025861157,-6.02978893940434,Road_Rail,7933,NaN,10.7,10,21.2,B_CLASS,4157,5,,10.6,1,Inland,N/A,1,Rail_Bridge
7597,54.5880764349353,-5.93527080261406,Road_Rail,8005,NaN,10.5,10,18.4,B_CLASS,4157,5,,1.57,1,Coastal,N/A,1,Rail_Bridge
7598,54.5942536129463,-5.93708322617928,Road_Rail,8037,NaN,10,10,1.3,B_CLASS,4157,5,,1.18,1,Coastal,N/A,1,Rail_Bridge
7599,54.7043829715304,-5.99361276896392,Road_Rail,8116,NaN,20.7,10,61.2,B_CLASS,4157,5,,7.15,1,Inland,N/A,1,Rail_Bridge
7600,54.7604207303292,-5.71817746205771,Road_Rail,8313,NaN,12.8,10,38.6,B_CLASS,4157,5,,1.01,1,Marine,N/A,1,Rail_Bridge
7601,54.6571232375197,-5.67626541226855,Road_Rail,8335,NaN,10.6,10,19.1,B_CLASS,4157,5,,0.68,1,Marine,N/A,1,Rail_Bridge
7602,54.6601222420892,-5.69329555591171,Road_Rail,8341,NaN,10.6,10,18.6,B_CLASS,3776,5,,0.55,1,Marine,N/A,1,Rail_Bridge
7603,54.7175563039366,-5.81923162114059,Road_Rail,8372,NaN,15.4,10,49.4,B_CLASS,4157,5,,0.77,1,Marine,N/A,1,Rail_Bridge
7604,54.777595849933,-5.72590354115487,Road_Rail,8384,NaN,10.1,10,6.8,B_CLASS,3164,5,,0.03,1,Marine,N/A,1,Rail_Bridge
7605,54.4393336574258,-6.42381113246775,Road_Rail,8431,NaN,11,10,24.1,B_CLASS,4157,5,,36.96,1,Inland,N/A,1,Rail_Bridge
7606,55.0309446100932,-7.25448626901283,Road_Rail,17670,NaN,10.2,5,12.5,CL_MINOR,865,5,,1.47,0,Coastal,N/A,1,Rail_Bridge
7607,55.0404444564869,-7.18369484867902,Road_Rail,17704,NaN,21.7,5,62.6,CL_MINOR,548,5,,2.21,0,Coastal,N/A,1,Rail_Bridge
7608,55.0385588660278,-7.26611605072211,Road_Rail,17706,NaN,11.6,5,30.6,CL_MINOR,641,5,,0.86,0,Marine,N/A,1,Rail_Bridge
7609,55.0386418209979,-7.19712781604727,Road_Rail,17712,NaN,13.1,5,40.3,CL_MINOR,790,5,,2.16,0,Coastal,N/A,1,Rail_Bridge
7610,55.037788785636,-7.20348450670922,Road_Rail,17714,NaN,31.1,5,71.2,CL_MINOR,474,5,,2.09,0,Coastal,N/A,2,Rail_Bridge
7611,55.039873035729,-7.18795298985101,Road_Rail,17715,NaN,10.2,5,11,CL_MINOR,548,5,,2.22,0,Coastal,N/A,1,Rail_Bridge
7612,55.0294260672922,-7.26580222058367,Road_Rail,17719,NaN,10,5,2.5,CL_MINOR,865,5,,1.87,0,Coastal,N/A,1,Rail_Bridge
7613,55.0364887898759,-7.21317187874359,Road_Rail,17739,NaN,13.2,5,41,CL_MINOR,474,5,,1.81,0,Coastal,N/A,1,Rail_Bridge
7614,55.1648797281129,-6.78663194086764,Road_Rail,18487,NaN,12.5,5,36.7,CL_MINOR,828,5,,0.26,0,Marine,N/A,1,Rail_Bridge
7615,55.1155745325356,-6.9755597254217,Road_Rail,18493,NaN,15.4,5,49.5,CL_MINOR,492,5,,0.79,0,Coastal,N/A,1,Rail_Bridge
7616,55.1359739277611,-6.9317032402051,Road_Rail,18552,NaN,11.7,5,31,CL_MINOR,511,5,,2.67,0,Coastal,N/A,1,Rail_Bridge
7617,55.1780209479102,-6.68743297839347,Road_Rail,19913,NaN,10.1,5,9.7,CL_MINOR,1014,5,,1.84,0,Coastal,N/A,1,Rail_Bridge
7618,55.1703854013051,-6.68042570292712,Road_Rail,19939,NaN,12.1,5,34.5,CL_MINOR,1014,5,,2.8,0,Coastal,N/A,1,Rail_Bridge
7619,55.1592929687068,-6.67182158660497,Road_Rail,19944,NaN,10.3,5,14.8,CL_MINOR,1014,5,,3.72,0,Coastal,N/A,1,Rail_Bridge
7620,55.1200414481976,-6.63240598629239,Road_Rail,19953,NaN,10,5,1.59999999999999,CL_MINOR,1014,5,,8.31,0,Inland,N/A,1,Rail_Bridge
7621,55.077616493891,-6.46081546629492,Road_Rail,19990,NaN,10.7,5,21,CL_MINOR,604,5,,16.3,0,Inland,N/A,1,Rail_Bridge
7622,55.0653083338168,-6.53935248891663,Road_Rail,20004,NaN,10.3,5,12.7,CL_MINOR,660,5,,16.13,0,Inland,N/A,1,Rail_Bridge
7623,55.0729322459052,-6.56337239078968,Road_Rail,20014,NaN,11.7,5,31.5,CL_MINOR,623,5,,14.99,0,Inland,N/A,1,Rail_Bridge
7624,55.0623848409173,-6.4435139384719,Road_Rail,20140,NaN,10.3,5,12.8,CL_MINOR,623,5,,18.28,0,Inland,N/A,1,Rail_Bridge
7625,55.0798382683527,-6.59391892605246,Road_Rail,20147,NaN,18.3,5,56.8,CL_MINOR,548,5,,13.26,0,Inland,N/A,1,Rail_Bridge
7626,55.1046879697152,-6.61395953888742,Road_Rail,20151,NaN,10.4,5,16,CL_MINOR,548,5,,10.35,0,Inland,N/A,1,Rail_Bridge
7627,54.0886365614505,-6.39381334515092,Road_Rail,20264,NaN,10.1,5,6.3,CL_MINOR,1014,5,,8.33,0,Inland,N/A,1,Rail_Bridge
7628,54.2925376509363,-6.37209214537055,Road_Rail,20317,NaN,10.9,5,23.7,CL_MINOR,995,5,,22.11,0,Inland,N/A,1,Rail_Bridge
7629,54.216575497101,-6.36205688821719,Road_Rail,20355,NaN,19.9,5,59.8,CL_MINOR,1014,5,,14.02,0,Inland,N/A,1,Rail_Bridge
7630,54.2075022783261,-6.36836080896001,Road_Rail,20356,NaN,13.8,5,43.4,CL_MINOR,1014,5,,13.32,0,Inland,N/A,1,Rail_Bridge
7631,54.2650803458411,-6.36344065978514,Road_Rail,20410,NaN,11.1,5,25.8,CL_MINOR,586,5,,19.04,0,Inland,N/A,1,Rail_Bridge
7632,54.181933789377,-6.36132896517396,Road_Rail,20603,NaN,10,5,4.59999999999999,CL_MINOR,1014,5,,10.67,0,Inland,N/A,1,Rail_Bridge
7633,54.1675201298062,-6.35951527700596,Road_Rail,20616,NaN,10.4,5,15,CL_MINOR,1014,5,,9.33,0,Inland,N/A,1,Rail_Bridge
7634,54.236827247499,-6.37099096429756,Road_Rail,20659,NaN,10.8,5,22.6,CL_MINOR,1014,5,,16.31,0,Inland,N/A,1,Rail_Bridge
7635,54.1972423845664,-6.36885845521692,Road_Rail,20729,NaN,10.7,5,21.2,CL_MINOR,1014,5,,12.36,0,Inland,N/A,1,Rail_Bridge
7636,54.1163647083336,-6.38083253352949,Road_Rail,20776,NaN,10.7,5,20.9,CL_MINOR,1014,5,,7.49,0,Inland,N/A,1,Rail_Bridge
7637,54.1227245026427,-6.3743339757303,Road_Rail,20779,NaN,10.3,5,14,CL_MINOR,1014,5,,7.26,0,Inland,N/A,1,Rail_Bridge
7638,54.1281566592383,-6.35792145808631,Road_Rail,20782,NaN,11.3,5,28,CL_MINOR,902,5,,6.5,0,Inland,N/A,1,Rail_Bridge
7639,54.4605257268506,-6.37087536769194,Road_Rail,20804,NaN,10.3,5,14,CL_MINOR,1014,5,,32.84,0,Inland,N/A,1,Rail_Bridge
7640,54.3420381372615,-6.3668454046826,Road_Rail,20962,NaN,12.8,5,38.5,CL_MINOR,884,5,,27.31,0,Inland,N/A,1,Rail_Bridge
7641,54.4699142969489,-6.32973299637812,Road_Rail,21215,NaN,10.1,5,6.5,CL_MINOR,1014,5,,30.01,0,Inland,N/A,1,Rail_Bridge
7642,54.6201108190058,-6.21183640421432,Road_Rail,21291,NaN,10.1,5,9.09999999999999,CL_MINOR,921,5,,18.83,0,Inland,N/A,1,Rail_Bridge
7643,54.6450917387487,-6.24120790221737,Road_Rail,21297,NaN,10.6,5,18.6,CL_MINOR,641,5,,21,0,Inland,N/A,1,Rail_Bridge
7644,54.5793687063526,-6.2142780587602,Road_Rail,21327,NaN,10.1,5,8.90000000000001,CL_MINOR,1014,5,,19.02,0,Inland,N/A,1,Rail_Bridge
7645,54.6434270859421,-6.2410412082468,Road_Rail,21339,NaN,15.4,5,49.6,CL_MINOR,641,5,,20.99,0,Inland,N/A,1,Rail_Bridge
7646,54.6287027869239,-6.22163320948075,Road_Rail,21345,NaN,13.6,5,42.6,CL_MINOR,623,5,,19.58,0,Inland,N/A,1,Rail_Bridge
7647,54.5707271771119,-6.21479532077433,Road_Rail,21374,NaN,13.3,5,41.4,CL_MINOR,1014,5,,19.19,0,Inland,N/A,1,Rail_Bridge
7648,54.4976282994716,-6.16910127900841,Road_Rail,21407,NaN,10.8,5,22.1,CL_MINOR,735,5,,19.58,0,Inland,N/A,1,Rail_Bridge
7649,54.4939609849727,-6.19803363050846,Road_Rail,21411,NaN,14.9,5,47.8,CL_MINOR,1014,5,,21.35,0,Inland,N/A,1,Rail_Bridge
7650,54.5589766537248,-6.21584536732187,Road_Rail,21435,NaN,10,5,0.200000000000003,CL_MINOR,1014,5,,19.51,0,Inland,N/A,1,Rail_Bridge
7651,54.5438376262293,-6.20229401015773,Road_Rail,21449,NaN,11.1,5,25.8,CL_MINOR,1014,5,,19.14,0,Inland,N/A,1,Rail_Bridge
7652,54.4909376303261,-6.27471160742877,Road_Rail,21482,NaN,13.2,5,40.5,CL_MINOR,939,5,,25.78,0,Inland,N/A,1,Rail_Bridge
7653,54.4893052735875,-6.28348938113702,Road_Rail,21485,NaN,10.3,5,14.2,CL_MINOR,939,5,,26.36,0,Inland,N/A,1,Rail_Bridge
7654,54.4910992034728,-6.233474040902,Road_Rail,21500,NaN,16.9,5,53.8,CL_MINOR,828,5,,23.45,0,Inland,N/A,1,Rail_Bridge
7655,54.7397289980045,-6.24308460743693,Road_Rail,21514,NaN,11,5,24.3,CL_MINOR,846,5,,23.5,0,Inland,N/A,1,Rail_Bridge
7656,54.6798954781016,-6.22573629783941,Road_Rail,21515,NaN,11.4,5,28.3,CL_MINOR,418,5,,20.4,0,Inland,N/A,1,Rail_Bridge
7657,54.7029395527171,-6.22053493361112,Road_Rail,21522,NaN,10.7,5,20.4,CL_MINOR,1014,5,,20.7,0,Inland,N/A,1,Rail_Bridge
7658,54.7202278967105,-6.21331308892078,Road_Rail,21570,NaN,10.1,5,6.5,CL_MINOR,1014,5,,20.93,0,Inland,N/A,1,Rail_Bridge
7659,54.7341982259655,-6.22618685973243,Road_Rail,21580,NaN,10.2,5,11.2,CL_MINOR,1014,5,,22.28,0,Inland,N/A,1,Rail_Bridge
7660,54.7497215583778,-6.26432642736162,Road_Rail,21599,NaN,10.2,5,11.4,CL_MINOR,828,5,,25.16,0,Inland,N/A,1,Rail_Bridge
7661,54.7889126286873,-6.29348516713116,Road_Rail,21695,NaN,10,5,4.5,CL_MINOR,735,5,,28.63,0,Inland,N/A,1,Rail_Bridge
7662,54.7186626156696,-6.21196935009979,Road_Rail,21789,NaN,11,5,25,CL_MINOR,1014,5,,20.79,0,Inland,N/A,1,Rail_Bridge
7663,54.6647800122582,-6.23737322504481,Road_Rail,21823,NaN,10.7,5,20.6,CL_MINOR,641,5,,20.9,0,Inland,N/A,1,Rail_Bridge
7664,54.6894248325429,-6.22535686392499,Road_Rail,21828,NaN,21.1,5,61.7,CL_MINOR,1014,5,,20.6,0,Inland,N/A,1,Rail_Bridge
7665,54.831025532412,-6.29544410295893,Road_Rail,22046,NaN,14.3,5,45.6,CL_MINOR,902,5,,25.93,0,Inland,N/A,1,Rail_Bridge
7666,54.8365983604257,-6.29458019609802,Road_Rail,22047,NaN,10.4,5,16.9,CL_MINOR,902,5,,25.5,0,Inland,N/A,1,Rail_Bridge
7667,54.8738456541434,-6.31533870152932,Road_Rail,22076,NaN,10.4,5,16.6,CL_MINOR,1014,5,,24.26,0,Inland,N/A,1,Rail_Bridge
7668,54.8767061825482,-6.32325342183791,Road_Rail,22079,NaN,12.3,5,35.7,CL_MINOR,1014,5,,24.55,0,Inland,N/A,1,Rail_Bridge
7669,54.8854823480896,-6.34188792460863,Road_Rail,22089,NaN,17.7,5,55.6,CL_MINOR,1014,5,,25.18,0,Inland,N/A,1,Rail_Bridge
7670,54.8883747602328,-6.34469159171936,Road_Rail,22124,NaN,11,5,24.4,CL_MINOR,828,5,,25.2,0,Inland,N/A,1,Rail_Bridge
7671,54.9017086841122,-6.35257437325165,Road_Rail,22137,NaN,19.8,5,59.7,CL_MINOR,660,5,,25.07,0,Inland,N/A,1,Rail_Bridge
7672,54.9309107268716,-6.35751579545684,Road_Rail,22163,NaN,10.8,5,22.8,CL_MINOR,660,5,,24.16,0,Inland,N/A,1,Rail_Bridge
7673,54.936675386219,-6.35333291035674,Road_Rail,22167,NaN,13.2,5,40.6,CL_MINOR,735,5,,23.57,0,Inland,N/A,1,Rail_Bridge
7674,55.0007009581004,-6.3767095585266,Road_Rail,22185,NaN,10.8,5,22.8,CL_MINOR,511,5,,21.6,0,Inland,N/A,1,Rail_Bridge
7675,54.8416910028861,-6.2929060159995,Road_Rail,22219,NaN,12.4,5,36.3,CL_MINOR,902,5,,25.06,0,Inland,N/A,1,Rail_Bridge
7676,55.0151401898124,-6.40244002718731,Road_Rail,22235,NaN,10.1,5,9.8,CL_MINOR,623,5,,22.74,0,Inland,N/A,1,Rail_Bridge
7677,55.0275625768577,-6.41410120436934,Road_Rail,22241,NaN,12.1,5,34.2,CL_MINOR,604,5,,22.57,0,Inland,N/A,1,Rail_Bridge
7678,54.5142674942886,-6.04375617042749,Road_Rail,23183,NaN,10,5,0.5,CL_MINOR,1014,5,,12.34,0,Inland,N/A,1,Rail_Bridge
7679,54.5117636720375,-6.06419402073316,Road_Rail,23189,NaN,10,5,4.09999999999999,CL_MINOR,1014,5,,13.42,0,Inland,N/A,1,Rail_Bridge
7680,54.5127894122052,-6.10650856154774,Road_Rail,23215,NaN,14.4,5,46.1,CL_MINOR,1014,5,,15.35,0,Inland,N/A,1,Rail_Bridge
7681,54.5048232536165,-6.10752145890198,Road_Rail,23223,NaN,11.4,5,28.9,CL_MINOR,1014,5,,15.97,0,Inland,N/A,1,Rail_Bridge
7682,54.5058281879382,-6.10115838974158,Road_Rail,23226,NaN,10.1,5,9.59999999999999,CL_MINOR,1014,5,,15.59,0,Inland,N/A,1,Rail_Bridge
7683,54.5032777832634,-6.1177855608169,Road_Rail,23282,NaN,10,5,0.5,CL_MINOR,1014,5,,16.58,0,Inland,N/A,1,Rail_Bridge
7684,54.5148778296303,-6.11196535707183,Road_Rail,23286,NaN,20.7,5,61.1,CL_MINOR,1014,5,,15.48,0,Inland,N/A,1,Rail_Bridge
7685,54.5193410395699,-6.12352714377746,Road_Rail,23289,NaN,22.6,5,63.7,CL_MINOR,1014,5,,15.79,0,Inland,N/A,1,Rail_Bridge
7686,54.5175743831001,-6.11894780603245,Road_Rail,23290,NaN,10.6,5,19.6,CL_MINOR,1014,5,,15.66,0,Inland,N/A,1,Rail_Bridge
7687,54.5526675099643,-6.00400662701134,Road_Rail,23407,NaN,10.8,5,22.5,CL_MINOR,1014,5,,7.46,0,Inland,N/A,1,Rail_Bridge
7688,54.5215844651434,-6.02909845012963,Road_Rail,23441,NaN,16.2,5,51.9,CL_MINOR,1014,5,,11.11,0,Inland,N/A,1,Rail_Bridge
7689,54.563691599642,-5.98720689260507,Road_Rail,23488,NaN,10.1,5,6.59999999999999,CL_MINOR,1014,5,,5.83,0,Inland,N/A,1,Rail_Bridge
7690,54.6421935004853,-5.83801627426192,Road_Rail,23556,NaN,29.5,5,70.2,CL_MINOR,437,5,,0.04,0,Marine,N/A,2,Rail_Bridge
7691,54.5883780393431,-5.93317109019049,Road_Rail,23631,NaN,10,5,1.90000000000001,CL_MINOR,1014,5,,1.47,0,Coastal,N/A,1,Rail_Bridge
7692,54.5889666280812,-5.94102918160024,Road_Rail,23636,NaN,18.2,5,56.7,CL_MINOR,1014,5,,1.74,0,Coastal,N/A,1,Rail_Bridge
7693,54.588900344076,-5.9486722927707,Road_Rail,23636,NaN,11.3,5,27.3,CL_MINOR,1014,5,,2.13,0,Coastal,N/A,1,Rail_Bridge
7694,54.5842828164011,-5.95217558110386,Road_Rail,23679,NaN,10,5,5.09999999999999,CL_MINOR,1014,5,,2.62,0,Coastal,N/A,1,Rail_Bridge
7695,54.7080878696399,-5.99956021134689,Road_Rail,23811,NaN,10,5,0.599999999999994,CL_MINOR,1014,5,,7.69,0,Inland,N/A,1,Rail_Bridge
7696,54.7180558993798,-6.02348852695144,Road_Rail,23815,NaN,13.7,5,43.1,CL_MINOR,679,5,,9.58,0,Inland,N/A,1,Rail_Bridge
7697,54.7098827471506,-5.84979349635544,Road_Rail,23888,NaN,10,5,3.7,CL_MINOR,492,5,,0.79,0,Marine,N/A,1,Rail_Bridge
7698,54.6932771241739,-5.91772105023321,Road_Rail,23898,NaN,10.4,5,16.7,CL_MINOR,995,5,,2.5,0,Coastal,N/A,1,Rail_Bridge
7699,54.6873905386327,-5.89481656781836,Road_Rail,23904,NaN,10,5,3.8,CL_MINOR,641,5,,1.06,0,Coastal,N/A,1,Rail_Bridge
7700,54.6789235089314,-5.90288404739978,Road_Rail,23913,NaN,10.5,5,17.7,CL_MINOR,995,5,,0.69,0,Marine,N/A,1,Rail_Bridge
7701,54.6788748884755,-5.90273362613335,Road_Rail,23913,NaN,10.2,5,11.2,CL_MINOR,995,5,,0.68,0,Marine,N/A,1,Rail_Bridge
7702,54.6720256901169,-5.90454031827357,Road_Rail,23930,NaN,10.5,5,16.9,CL_MINOR,1014,5,,0.43,0,Marine,N/A,1,Rail_Bridge
7703,54.6967567807589,-5.95075214999763,Road_Rail,23945,NaN,10,5,2.2,CL_MINOR,1014,5,,4.36,0,Coastal,N/A,1,Rail_Bridge
7704,54.696976012508,-6.14209890158636,Road_Rail,23976,NaN,12.9,5,39.1,CL_MINOR,865,5,,15.71,0,Inland,N/A,1,Rail_Bridge
7705,54.7064674800449,-6.07334091705916,Road_Rail,23986,NaN,10.3,5,13.4,CL_MINOR,1014,5,,11.96,0,Inland,N/A,1,Rail_Bridge
7706,54.7023209648614,-5.98570958862931,Road_Rail,24135,NaN,10,5,0.599999999999994,CL_MINOR,1014,5,,6.59,0,Inland,N/A,1,Rail_Bridge
7707,54.6646615197372,-5.73652265061176,Road_Rail,25106,NaN,15,5,48,CL_MINOR,679,5,,0.78,0,Marine,N/A,1,Rail_Bridge
7708,54.6682740212669,-5.75220908088847,Road_Rail,25108,NaN,16.1,5,51.7,CL_MINOR,679,5,,0.46,0,Marine,N/A,1,Rail_Bridge
7709,54.6519210343641,-5.80605510481872,Road_Rail,25111,NaN,10.4,5,15.1,CL_MINOR,939,5,,0.57,0,Marine,N/A,1,Rail_Bridge
7710,54.6488577086902,-5.81219557729477,Road_Rail,25119,NaN,10.7,5,21.3,CL_MINOR,939,5,,0.55,0,Marine,N/A,1,Rail_Bridge
7711,54.6472737046805,-5.81640923485703,Road_Rail,25120,NaN,10.3,5,13.3,CL_MINOR,939,5,,0.53,0,Marine,N/A,1,Rail_Bridge
7712,54.7176549577195,-5.80775408845697,Road_Rail,25131,NaN,10.4,5,16,CL_MINOR,1014,5,,0.37,0,Marine,N/A,1,Rail_Bridge
7713,54.7193256973224,-5.79844554449857,Road_Rail,25132,NaN,10.4,5,16.7,CL_MINOR,1014,5,,0.15,0,Marine,N/A,1,Rail_Bridge
7714,54.7529092019962,-5.70970859432154,Road_Rail,25136,NaN,12.6,5,37.5,CL_MINOR,1014,5,,0.12,0,Marine,N/A,1,Rail_Bridge
7715,54.8493550571509,-5.80245489661887,Road_Rail,25253,NaN,14.9,5,47.9,CL_MINOR,1014,5,,0.37,0,Marine,N/A,1,Rail_Bridge
7716,55.0935905599701,-7.00916380200961,Road_Rail,25456,NaN,10.1,5,9.7,CL_MINOR,492,5,,0.87,0,Marine,N/A,1,Rail_Bridge
7717,54.6048301449437,-5.92342833438734,Road_Road,3396,NaN,48.4,10,57.5,A_CLASS,16224,5,7,0.23,1,Marine,N/A,2,Bespoke_Viaduct
7718,54.4816928704309,-6.53968238513458,Road_Road,3981,NaN,27,10,15.8,A_CLASS,16224,5,12,41.95,1,Inland,N/A,2,Bespoke_Viaduct
7719,54.4815510983506,-6.54122122936962,Road_Road,3994,NaN,26,10,3.3,A_CLASS,16224,5,12,42.05,1,Inland,N/A,2,Bespoke_Viaduct
7720,54.6045928166692,-5.92358623135707,Road_Road,3396,NaN,30.6,10,31.9,A_CLASS,16224,5,15,0.22,1,Marine,N/A,2,Bespoke_Viaduct
7721,54.6465454729436,-5.91799085811935,Road_Road,4048,NaN,27,10,15.7,A_CLASS,16224,5,18,0.22,1,Marine,N/A,2,Bespoke_Viaduct
7722,54.6456270376887,-5.91553434062337,Road_Road,136,NaN,34,26,40.2,MOTORWAY,44700,15,19,0.07,1,Marine,N/A,2,Bespoke_Viaduct
7723,54.6457145565811,-5.91547863990962,Road_Road,137,NaN,41,26,50.7,MOTORWAY,44700,15,19,0.06,1,Marine,N/A,2,Bespoke_Viaduct
7724,54.6882586137647,-5.97331052277608,Road_Road,25574,NaN,26.1,5,5.40000000000001,CL_M_OVER,507,5,20,5.2,0,Inland,N/A,2,Bespoke_Viaduct
7725,54.5676037016027,-5.99086221707031,Road_Road,23488,NaN,29.1,5,26.7,CL_MINOR,1014,5,26,5.73,0,Inland,N/A,2,Bespoke_Viaduct
7726,54.5735337159176,-5.97699300790897,Road_Road,4045,NaN,26,10,2,A_CLASS,16224,5,28,4.62,1,Coastal,N/A,2,Bespoke_Viaduct
7727,54.5731254940004,-5.97790366403243,Road_Road,4046,NaN,26.1,10,4,A_CLASS,16224,5,28,4.69,1,Coastal,N/A,2,Bespoke_Viaduct
7728,54.6640019218417,-5.94801819182151,Road_Road,3482,NaN,59.9,10,64.3,A_CLASS,16224,5,29,2.84,1,Coastal,N/A,2,Bespoke_Viaduct
7729,54.6543956658091,-5.93021012006371,Road_Road,25575,NaN,26,5,2.8,CL_M_OVER,507,5,29,1.3,0,Coastal,N/A,2,Bespoke_Viaduct
7730,54.7373086264104,-6.18691189584161,Road_Road,25566,NaN,26.4,5,9.90000000000001,CL_M_OVER,507,5,34,20.01,0,Inland,N/A,2,Bespoke_Viaduct
7731,54.7300456299167,-6.1734208141227,Road_Road,25565,NaN,28.9,5,26,CL_M_OVER,507,5,35,18.91,0,Inland,N/A,2,Bespoke_Viaduct
7732,54.7245128664196,-6.15778050910698,Road_Road,8441,NaN,26.1,10,5.2,B_CLASS,4157,5,36,17.75,1,Inland,N/A,2,Bespoke_Viaduct
7733,54.7248764270243,-6.15909772084089,Road_Road,8442,NaN,26,10,2.40000000000001,B_CLASS,4157,5,36,17.85,1,Inland,N/A,2,Bespoke_Viaduct
7734,54.4954683180374,-6.65430699615784,Road_Road,3985,NaN,26,10,1.3,A_CLASS,13243,5,38,48.64,1,Inland,N/A,2,Bespoke_Viaduct
7735,54.4952301963499,-6.65250407515627,Road_Road,3987,NaN,26,10,0.5,A_CLASS,13243,5,38,48.53,1,Inland,N/A,2,Bespoke_Viaduct
7736,54.4820379428575,-6.61629514306724,Road_Road,6411,NaN,26.4,10,9.40000000000001,B_CLASS,3317,5,39,46.66,1,Inland,N/A,2,Bespoke_Viaduct
7737,54.489811358691,-6.63397738869198,Road_Road,6386,NaN,28.9,10,25.9,B_CLASS,2095,5,41,47.53,1,Inland,N/A,2,Bespoke_Viaduct
7738,54.4810214854553,-6.55744409671714,Road_Road,15929,NaN,33.9,5,39.9,<4M_T_OVER,507,5,52,43.07,0,Inland,N/A,2,Bespoke_Viaduct
7739,54.480589705214,-6.57621087294559,Road_Road,15931,NaN,26.1,5,5.8,<4M_T_OVER,507,5,52,44.23,0,Inland,N/A,2,Bespoke_Viaduct
7740,54.4810235813046,-6.54791305490217,Road_Road,25554,NaN,26.1,5,5.5,CL_M_OVER,507,5,52,42.48,0,Inland,N/A,2,Bespoke_Viaduct
7741,54.4662666474398,-6.41849155355203,Road_Road,63,NaN,38.6,26,47.6,MOTORWAY,44700,15,62,35.3,1,Inland,N/A,2,Bespoke_Viaduct
7742,54.4662666474398,-6.41849155355203,Road_Road,62,NaN,38.6,26,47.6,MOTORWAY,44700,15,63,35.3,1,Inland,N/A,2,Bespoke_Viaduct
7743,54.4664650776137,-6.41081098671293,Road_Road,106,NaN,40.9,26,50.5,MOTORWAY,44700,15,63,34.84,1,Inland,N/A,2,Bespoke_Viaduct
7744,54.4668029205996,-6.42948292906216,Road_Road,8432,NaN,27.9,10,21.5,B_CLASS,3317,5,64,35.92,1,Inland,N/A,2,Bespoke_Viaduct
7745,54.4747999316265,-6.47806767487966,Road_Road,25551,NaN,26,5,2.5,CL_M_OVER,321,5,64,38.47,0,Inland,N/A,2,Bespoke_Viaduct
7746,54.4784088118245,-6.49674679795405,Road_Road,25555,NaN,26,5,0.299999999999997,CL_M_OVER,405,5,64,39.46,0,Inland,N/A,2,Bespoke_Viaduct
7747,54.4705614025628,-6.45581428944126,Road_Road,25557,NaN,26,5,1.2,CL_M_OVER,321,5,64,37.31,0,Inland,N/A,2,Bespoke_Viaduct
7748,54.4599213157379,-6.42172007533866,Road_Road,8432,NaN,26.3,10,8.7,B_CLASS,3317,5,65,35.79,1,Inland,N/A,2,Bespoke_Viaduct
7749,54.7436760932643,-6.20285808153568,Road_Road,21517,NaN,28,5,21.8,CL_MINOR,1014,5,73,21.23,0,Inland,N/A,2,Bespoke_Viaduct
7750,54.6093806814165,-5.92231242502457,Road_Road,3206,NaN,26.2,10,7.09999999999999,A_CLASS,16224,5,76,0.33,1,Marine,N/A,2,Bespoke_Viaduct
7751,54.4937597909717,-6.06255957816452,Road_Road,146,NaN,26,26,0.799999999999997,MOTORWAY,44700,15,84,14.87,1,Inland,N/A,2,Bespoke_Viaduct
7752,54.4946154677641,-6.05584275199785,Road_Road,2964,NaN,30.9,10,32.6,A_CLASS,16224,5,85,14.53,1,Inland,N/A,2,Bespoke_Viaduct
7753,54.5030651569295,-6.03240967206386,Road_Road,23202,NaN,26.3,5,8.40000000000001,CL_MINOR,1014,5,85,12.9,0,Inland,N/A,2,Bespoke_Viaduct
7754,54.4948724028038,-6.05379527944488,Road_Road,23235,NaN,28.6,5,24.5,CL_MINOR,1014,5,85,14.43,0,Inland,N/A,2,Bespoke_Viaduct
7755,54.4891245205772,-6.21894301110575,Road_Road,7271,NaN,27.3,10,17.7,B_CLASS,4157,5,87,22.77,1,Inland,N/A,2,Bespoke_Viaduct
7756,54.4924106097357,-6.31683169348067,Road_Road,8434,NaN,27.8,10,21,B_CLASS,4157,5,87,28.14,1,Inland,N/A,2,Bespoke_Viaduct
7757,54.4918355514817,-6.27875729414417,Road_Road,15935,NaN,27.4,5,18.4,<4M_T_OVER,470,5,87,25.96,0,Inland,N/A,2,Bespoke_Viaduct
7758,54.4897631027439,-6.33787878462977,Road_Road,21451,NaN,27.1,5,16.7,CL_MINOR,1014,5,87,29.49,0,Inland,N/A,2,Bespoke_Viaduct
7759,54.4861564585342,-6.34954377930284,Road_Road,25559,NaN,26,5,2,CL_M_OVER,507,5,87,30.34,0,Inland,N/A,2,Bespoke_Viaduct
7760,54.4894232643827,-6.23091536669819,Road_Road,25562,NaN,33.1,5,38.2,CL_M_OVER,414,5,87,23.41,0,Inland,N/A,2,Bespoke_Viaduct
7761,54.4926702277369,-6.29712429365255,Road_Road,25563,NaN,31.9,5,35.5,CL_M_OVER,470,5,87,26.98,0,Inland,N/A,2,Bespoke_Viaduct
7762,54.7109462183019,-6.06771171631179,Road_Road,89,NaN,99.5,26,74.9,MOTORWAY,44700,15,88,11.79,1,Inland,N/A,2,Bespoke_Viaduct
7763,54.7111644168111,-6.06876334732092,Road_Road,89,NaN,100.5,26,75,MOTORWAY,44700,15,88,11.86,1,Inland,N/A,2,Bespoke_Viaduct
7764,54.7109462183019,-6.06771171631179,Road_Road,88,NaN,99.5,26,74.9,MOTORWAY,44700,15,89,11.79,1,Inland,N/A,2,Bespoke_Viaduct
7765,54.7111644168111,-6.06876334732092,Road_Road,88,NaN,100.5,26,75,MOTORWAY,44700,15,89,11.86,1,Inland,N/A,2,Bespoke_Viaduct
7766,54.4723132495923,-6.38961769484258,Road_Road,8433,NaN,26,10,0.799999999999997,B_CLASS,3012,5,94,33.33,1,Inland,N/A,2,Bespoke_Viaduct
7767,54.4795187478997,-6.37066111299554,Road_Road,15936,NaN,26.2,5,7.59999999999999,<4M_T_OVER,507,5,94,31.89,0,Inland,N/A,2,Bespoke_Viaduct
7768,54.4681474815898,-6.40138172184454,Road_Road,25556,NaN,27.5,5,19,CL_M_OVER,367,5,94,34.21,0,Inland,N/A,2,Bespoke_Viaduct
7769,54.4837738572763,-6.35720566236982,Road_Road,4004,NaN,26,10,2.5,A_CLASS,16224,5,95,30.9,1,Inland,N/A,2,Bespoke_Viaduct
7770,54.4841889869685,-6.35586422557734,Road_Road,4005,NaN,26.1,10,3.59999999999999,A_CLASS,16224,5,95,30.8,1,Inland,N/A,2,Bespoke_Viaduct
7771,54.4877053528836,-6.21166760245259,Road_Road,3999,NaN,26.3,10,8.09999999999999,A_CLASS,16224,5,96,22.47,1,Inland,N/A,2,Bespoke_Viaduct
7772,54.4872409227322,-6.21005319715467,Road_Road,4001,NaN,26.4,10,10.3,A_CLASS,16224,5,96,22.41,1,Inland,N/A,2,Bespoke_Viaduct
7773,54.4664650776137,-6.41081098671293,Road_Road,63,NaN,40.9,26,50.5,MOTORWAY,44700,15,106,34.84,1,Inland,N/A,2,Bespoke_Viaduct
7774,54.8840267403633,-6.26557231949154,Road_Road,2639,NaN,27,10,15.5,A_CLASS,16224,5,110,20.92,1,Inland,N/A,2,Bespoke_Viaduct
7775,54.8874469525876,-6.27936067825411,Road_Road,25568,NaN,29.5,5,28.1,CL_M_OVER,507,5,110,21.49,0,Inland,N/A,2,Bespoke_Viaduct
7776,54.8586374331287,-6.25017149857511,Road_Road,25567,NaN,26.4,5,10.2,CL_M_OVER,507,5,112,21.73,0,Inland,N/A,2,Bespoke_Viaduct
7777,54.4922072696509,-6.07437838323781,Road_Road,4265,NaN,26.8,10,14,DUAL_CARR,507,5,117,15.48,0,Inland,N/A,2,Bespoke_Viaduct
7778,54.4710854946039,-6.16246680529064,Road_Road,15934,NaN,26.4,5,10.1,<4M_T_OVER,414,5,119,21.1,0,Inland,N/A,2,Bespoke_Viaduct
7779,54.4794601828086,-6.11633522796026,Road_Road,25535,NaN,26.4,5,9.8,CL_M_OVER,451,5,119,18.33,0,Inland,N/A,2,Bespoke_Viaduct
7780,54.4739882722257,-6.1817357078267,Road_Road,25560,NaN,28.8,5,25.5,CL_M_OVER,414,5,119,21.83,0,Inland,N/A,2,Bespoke_Viaduct
7781,54.4835620305661,-6.20177746126244,Road_Road,25561,NaN,28.4,5,23.7,CL_M_OVER,507,5,119,22.2,0,Inland,N/A,2,Bespoke_Viaduct
7782,54.4718766318642,-6.13714422672544,Road_Road,25569,NaN,31.1,5,33.3,CL_M_OVER,386,5,119,19.87,0,Inland,N/A,2,Bespoke_Viaduct
7783,54.4846620355303,-6.09086129640046,Road_Road,25570,NaN,26.7,5,13.3,CL_M_OVER,451,5,119,16.81,0,Inland,N/A,2,Bespoke_Viaduct
7784,54.4826177277426,-6.73653439960427,Road_Road,3982,NaN,26,10,1,A_CLASS,16224,5,122,51.89,1,Inland,N/A,2,Bespoke_Viaduct
7785,54.481977115287,-6.73799592330982,Road_Road,3997,NaN,26,10,0.599999999999994,A_CLASS,16224,5,122,51.89,1,Inland,N/A,2,Bespoke_Viaduct
7786,54.4937694893038,-6.70775154604234,Road_Road,6379,NaN,31.3,10,33.9,B_CLASS,4157,5,123,51.86,1,Inland,N/A,2,Bespoke_Viaduct
7787,54.4942582735715,-6.70461500432324,Road_Road,6409,NaN,26.4,10,10.2,B_CLASS,3852,5,123,51.79,1,Inland,N/A,2,Bespoke_Viaduct
7788,54.4900263036289,-6.71944773355193,Road_Road,15930,NaN,27.2,5,17.2,<4M_T_OVER,507,5,123,51.93,0,Inland,N/A,2,Bespoke_Viaduct
7789,54.4950765701611,-6.68583087782268,Road_Road,15932,NaN,30.1,5,30.2,<4M_T_OVER,432,5,123,50.63,0,Inland,N/A,2,Bespoke_Viaduct
7790,54.4824214962758,-6.5223407543238,Road_Road,25553,NaN,26.4,5,10.2,CL_M_OVER,507,5,124,40.87,0,Inland,N/A,2,Bespoke_Viaduct
7791,54.6301983182521,-5.91920186469194,Road_Road,4039,NaN,26,10,1,A_CLASS,16224,5,127,0.81,1,Marine,N/A,2,Bespoke_Viaduct
7792,54.6291194442755,-5.9192000181621,Road_Road,4041,NaN,26,10,1.90000000000001,A_CLASS,16224,5,127,0.82,1,Marine,N/A,2,Bespoke_Viaduct
7793,54.6034238453083,-5.92163420694194,Road_Road,3188,NaN,30,10,29.8,A_CLASS,16224,5,129,0.05,1,Marine,N/A,2,Bespoke_Viaduct
7794,54.7098781258094,-6.06872922724622,Road_Road,4362,NaN,31.3,10,33.9,DUAL_CARR,507,5,134,11.81,0,Inland,N/A,2,Bespoke_Viaduct
7795,54.6456270376887,-5.91553434062337,Road_Road,19,NaN,34,26,40.2,MOTORWAY,44700,15,136,0.07,1,Marine,N/A,2,Bespoke_Viaduct
7796,54.6470982760205,-5.91738686540422,Road_Road,4048,NaN,26.6,10,12.2,A_CLASS,16224,5,136,0.21,1,Marine,N/A,2,Bespoke_Viaduct
7797,54.6468634453052,-5.91764344419262,Road_Road,4048,NaN,31.7,10,35,A_CLASS,16224,5,136,0.21,1,Marine,N/A,2,Bespoke_Viaduct
7798,54.6457145565811,-5.91547863990962,Road_Road,19,NaN,41,26,50.7,MOTORWAY,44700,15,137,0.06,1,Marine,N/A,2,Bespoke_Viaduct
7799,54.6484014313781,-5.91765366353134,Road_Road,4067,NaN,100.5,10,75,A_CLASS,16224,5,137,0.29,1,Marine,N/A,2,Bespoke_Viaduct
7800,54.6478891680675,-5.91717104188464,Road_Road,4067,NaN,100.5,10,75,A_CLASS,16224,5,137,0.23,1,Marine,N/A,2,Bespoke_Viaduct
7801,54.8761171359198,-6.25441765292657,Road_Road,4359,NaN,26.2,10,6.40000000000001,DUAL_CARR,507,5,142,20.79,0,Inland,N/A,2,Bespoke_Viaduct
7802,54.4937597909717,-6.06255957816452,Road_Road,84,NaN,26,26,0.799999999999997,MOTORWAY,44700,15,146,14.87,1,Inland,N/A,2,Bespoke_Viaduct
7803,54.6893081227279,-6.00110038125932,Road_Road,19361,NaN,26.2,5,7.5,CL_MINOR,1014,5,148,6.94,0,Inland,N/A,2,Bespoke_Viaduct
7804,54.6992282398673,-6.03113698390748,Road_Road,24132,NaN,26,5,0.0999999999999943,CL_MINOR,865,5,148,9.12,0,Inland,N/A,2,Bespoke_Viaduct
7805,54.7038346598208,-6.04981748363409,Road_Road,25577,NaN,30.9,5,32.8,CL_M_OVER,507,5,148,10.43,0,Inland,N/A,2,Bespoke_Viaduct
7806,54.6792721041936,-5.9796143796077,Road_Road,4080,NaN,26.2,10,7.3,A_CLASS,16224,5,149,5.34,1,Inland,N/A,2,Bespoke_Viaduct
7807,54.6779441695827,-5.97852527236175,Road_Road,4081,NaN,26,10,0.0999999999999943,A_CLASS,16224,5,149,5.24,1,Inland,N/A,2,Bespoke_Viaduct
7808,54.7178751533053,-6.10445618204106,Road_Road,4452,NaN,26,10,1.2,B_CLASS,2783,5,151,14.27,1,Inland,N/A,2,Bespoke_Viaduct
7809,54.7205668186864,-6.137115813073,Road_Road,25576,NaN,26,5,3.2,CL_M_OVER,386,5,151,16.35,0,Inland,N/A,2,Bespoke_Viaduct
7810,54.5061427047305,-6.0282868121476,Road_Road,4027,NaN,26,10,0.299999999999997,A_CLASS,16224,5,152,12.47,1,Inland,N/A,2,Bespoke_Viaduct
7811,54.5055475073786,-6.02906911712302,Road_Road,4028,NaN,26,10,0.400000000000006,A_CLASS,16224,5,152,12.55,1,Inland,N/A,2,Bespoke_Viaduct
7812,54.6069168005026,-5.92432001554605,Road_Road,3222,NaN,36.9,10,45.2,A_CLASS,16224,5,154,0.39,1,Marine,N/A,2,Bespoke_Viaduct
7813,54.604697171571,-5.923516803738,Road_Road,3396,NaN,37.5,10,46.1,A_CLASS,16224,5,154,0.22,1,Marine,N/A,2,Bespoke_Viaduct
7814,54.6065266639512,-5.92429769626825,Road_Road,4071,NaN,38.5,10,47.5,A_CLASS,16224,5,154,0.36,1,Marine,N/A,2,Bespoke_Viaduct
7815,54.5546046130776,-5.99644107298078,Road_Road,3104,NaN,30.8,10,32.5,A_CLASS,16224,5,155,6.96,1,Inland,N/A,2,Bespoke_Viaduct
7816,54.5332062060245,-5.99858172092226,Road_Road,7950,NaN,27.3,10,17.4,B_CLASS,4157,5,155,8.9,1,Inland,N/A,2,Bespoke_Viaduct
7817,54.5086949542408,-6.02466136321025,Road_Road,8443,NaN,28.2,10,23,B_CLASS,4157,5,155,12.1,1,Inland,N/A,2,Bespoke_Viaduct
7818,54.5128392562154,-6.01495050108513,Road_Road,15938,NaN,30.7,5,32.2,<4M_T_OVER,507,5,155,11.38,0,Inland,N/A,2,Bespoke_Viaduct
7819,54.5579334425805,-5.99529654157276,Road_Road,15939,NaN,33.9,5,39.8,CL_MINOR,1014,5,155,6.65,0,Inland,N/A,2,Bespoke_Viaduct
7820,54.5573996596487,-5.99548324920342,Road_Road,23412,NaN,36.3,5,44.3,CL_MINOR,1014,5,155,6.7,0,Inland,N/A,2,Bespoke_Viaduct
7821,54.5510036444041,-5.99659777075286,Road_Road,25540,NaN,29.2,5,27.1,CL_M_OVER,507,5,155,7.26,0,Inland,N/A,2,Bespoke_Viaduct
7822,54.5184429138332,-6.00816942483857,Road_Road,25571,NaN,32.8,5,37.7,CL_M_OVER,386,5,155,10.62,0,Inland,N/A,2,Bespoke_Viaduct
7823,54.6486687321323,-5.91956349958054,Road_Road,4070,NaN,28.3,10,23.1,A_CLASS,16224,5,161,0.41,1,Marine,N/A,2,Bespoke_Viaduct
7824,54.742848823172,-6.29740556897985,Road_Road,4016,NaN,27.5,10,19.2,A_CLASS,12647,5,162,26.91,1,Inland,N/A,2,Bespoke_Viaduct
7825,54.7428336229971,-6.29534225270667,Road_Road,4019,NaN,27.5,10,19.1,A_CLASS,12647,5,162,26.78,1,Inland,N/A,2,Bespoke_Viaduct
7826,54.7436366129306,-6.26307262462964,Road_Road,21775,NaN,26,5,0.299999999999997,CL_MINOR,790,5,164,24.86,0,Inland,N/A,2,Bespoke_Viaduct
7827,54.7428446146927,-6.27525836032152,Road_Road,25564,NaN,26.5,5,11.3,CL_M_OVER,395,5,164,25.58,0,Inland,N/A,2,Bespoke_Viaduct
7828,54.741577456442,-6.33257484055588,Road_Road,21818,NaN,28.7,5,25,CL_MINOR,474,5,165,28.95,0,Inland,N/A,2,Bespoke_Viaduct
7829,54.7448430558751,-6.23630047468647,Road_Road,4012,NaN,26.2,10,6.8,A_CLASS,13541,5,166,23.28,1,Inland,N/A,2,Bespoke_Viaduct
7830,54.7448963211756,-6.23466492906661,Road_Road,4015,NaN,26,10,0.5,A_CLASS,13541,5,166,23.19,1,Inland,N/A,2,Bespoke_Viaduct
7831,54.2498232284893,-6.32114294383117,Road_Road,20635,NaN,10.4,5,15.5,CL_MINOR,1014,5,4127,16.67,0,Inland,N/A,1,RC_Slab
7832,54.3411625344544,-6.26154588115663,Road_Road,7207,NaN,10,10,3.5,B_CLASS,4157,5,4150,26.45,1,Inland,N/A,1,RC_Slab
7833,54.3364193341249,-6.275439122826,Road_Road,15933,NaN,10,5,0.200000000000003,<4M_T_OVER,498,5,4150,25.92,0,Inland,N/A,1,RC_Slab
7834,54.3441811856246,-6.25447439503668,Road_Road,2223,NaN,11.6,10,30,A_CLASS,16224,5,4176,26.79,1,Inland,N/A,1,RC_Slab
7835,54.4922072696509,-6.07437838323781,Road_Road,117,NaN,10.3,26,14,MOTORWAY,44700,15,4265,15.48,1,Inland,N/A,1,RC_Slab
7836,54.6030487444663,-5.89623047485827,Road_Road,25573,NaN,10,5,5,CL_M_OVER,507,5,4273,0.73,0,Marine,N/A,1,RC_Slab
7837,54.6075631931039,-5.93054981401317,Road_Road,8020,NaN,11.2,10,26.9,B_CLASS,4157,5,4279,0.77,1,Marine,N/A,1,RC_Slab
7838,54.6426734170349,-5.83622052465745,Road_Road,23556,NaN,10.3,5,13.5,CL_MINOR,437,5,4286,0.06,0,Marine,N/A,1,RC_Slab
7839,54.6014395727209,-5.91250661915765,Road_Road,23546,NaN,14.2,5,45.1,CL_MINOR,1014,5,4293,0.34,0,Marine,N/A,1,RC_Slab
7840,54.8761171359198,-6.25441765292657,Road_Road,142,NaN,10.1,26,6.40000000000001,MOTORWAY,44700,15,4359,20.79,1,Inland,N/A,1,RC_Slab
7841,54.7098781258094,-6.06872922724622,Road_Road,134,NaN,12,26,33.9,MOTORWAY,44700,15,4362,11.81,1,Inland,N/A,1,RC_Slab
7842,54.6537833204209,-5.69404249250987,Road_Road,4381,NaN,10,10,3.3,DUAL_CARR,460,5,4363,1.25,0,Coastal,N/A,1,RC_Slab
7843,54.991526821983,-7.31998371688108,Road_Road,797,NaN,10.1,10,6.8,A_CLASS,16224,5,4364,7,1,Inland,N/A,1,RC_Slab
7844,54.6537833204209,-5.69404249250987,Road_Road,4363,NaN,10,10,3.3,DUAL_CARR,460,5,4381,1.25,0,Coastal,N/A,1,RC_Slab
